expression,class,weight,k,primary.path_to_matching.hit,primary.path_to_matching.baseline,primary.path_to_matching.delta,primary.path_to_matching.spread,primary.path_to_matching.unresolved,primary.path_to_matching.sign,primary.path_to_matching.controlled_delta,primary.path_to_matching.triad,primary.matching_to_path.hit,primary.matching_to_path.baseline,primary.matching_to_path.delta,primary.matching_to_path.spread,primary.matching_to_path.unresolved,primary.matching_to_path.sign,primary.matching_to_path.controlled_delta,primary.matching_to_path.triad,rho1/2.path_to_matching.hit,rho1/2.path_to_matching.baseline,rho1/2.path_to_matching.delta,rho1/2.path_to_matching.spread,rho1/2.path_to_matching.unresolved,rho1/2.path_to_matching.sign,rho1/2.path_to_matching.controlled_delta,rho1/2.path_to_matching.triad,rho1/2.matching_to_path.hit,rho1/2.matching_to_path.baseline,rho1/2.matching_to_path.delta,rho1/2.matching_to_path.spread,rho1/2.matching_to_path.unresolved,rho1/2.matching_to_path.sign,rho1/2.matching_to_path.controlled_delta,rho1/2.matching_to_path.triad,rho2.path_to_matching.hit,rho2.path_to_matching.baseline,rho2.path_to_matching.delta,rho2.path_to_matching.spread,rho2.path_to_matching.unresolved,rho2.path_to_matching.sign,rho2.path_to_matching.controlled_delta,rho2.path_to_matching.triad,rho2.matching_to_path.hit,rho2.matching_to_path.baseline,rho2.matching_to_path.delta,rho2.matching_to_path.spread,rho2.matching_to_path.unresolved,rho2.matching_to_path.sign,rho2.matching_to_path.controlled_delta,rho2.matching_to_path.triad,W3.path_to_matching.hit,W3.path_to_matching.baseline,W3.path_to_matching.delta,W3.path_to_matching.spread,W3.path_to_matching.unresolved,W3.path_to_matching.sign,W3.path_to_matching.controlled_delta,W3.path_to_matching.triad,W3.matching_to_path.hit,W3.matching_to_path.baseline,W3.matching_to_path.delta,W3.matching_to_path.spread,W3.matching_to_path.unresolved,W3.matching_to_path.sign,W3.matching_to_path.controlled_delta,W3.matching_to_path.triad,W16.path_to_matching.hit,W16.path_to_matching.baseline,W16.path_to_matching.delta,W16.path_to_matching.spread,W16.path_to_matching.unresolved,W16.path_to_matching.sign,W16.path_to_matching.controlled_delta,W16.path_to_matching.triad,W16.matching_to_path.hit,W16.matching_to_path.baseline,W16.matching_to_path.delta,W16.matching_to_path.spread,W16.matching_to_path.unresolved,W16.matching_to_path.sign,W16.matching_to_path.controlled_delta,W16.matching_to_path.triad,eventual.path_to_matching.q_controlled,eventual.path_to_matching.delta_controlled,eventual.path_to_matching.delta_stationary,eventual.path_to_matching.occupancy,eventual.path_to_matching.triad_spread,eventual.path_to_matching.sign,eventual.matching_to_path.q_controlled,eventual.matching_to_path.delta_controlled,eventual.matching_to_path.delta_stationary,eventual.matching_to_path.occupancy,eventual.matching_to_path.triad_spread,eventual.matching_to_path.sign
form(0-1) => prohibit,P->P,prohibit,1,0.1827790483161089,0.18311749702578972,-0.00033844870968083307,6.938893903907228e-16,0.002468396086067202,negative,0.002986108108414237,False,0.7311161932644357,0.7324699881031586,-0.0013537948387228882,1.4432899320127035e-15,0.002468396086067205,negative,0.011944432433657282,False,0.1827790483161088,0.18311749702578975,-0.0003384487096809441,2.8033131371785203e-15,0.0024683960860672092,negative,0.002986108108414598,False,0.7311161932644362,0.7324699881031581,-0.001353794838721889,1.5543122344752192e-15,0.00246839608606721,negative,0.011944432433657615,False,0.18277904831610872,0.18311749702578978,-0.0003384487096810551,3.608224830031759e-16,0.002468396086067204,negative,0.0029861081084140706,False,0.7311161932644354,0.7324699881031594,-0.0013537948387239984,9.992007221626409e-16,0.0024683960860672,negative,0.011944432433656171,False,0.1827790483161089,0.18311749702578972,-0.00033844870968083307,6.938893903907228e-16,0.002468396086067202,negative,0.002986108108414237,False,0.7311161932644357,0.7324699881031586,-0.0013537948387228882,1.4432899320127035e-15,0.002468396086067205,negative,0.011944432433657282,False,0.1827790483161089,0.18311749702578972,-0.00033844870968083307,6.938893903907228e-16,0.002468396086067202,negative,0.002986108108414237,False,0.7311161932644357,0.7324699881031586,-0.0013537948387228882,1.4432899320127035e-15,0.002468396086067205,negative,0.011944432433657282,False,0.18723928944618604,-0.0009960046714609927,-0.004962566844919719,-0.003966562173458726,2.498001805406602e-16,negative,0.7489571577847443,-0.003984018685843749,-0.019850267379678543,-0.015866248693834795,4.440892098500626e-16,negative
form(0-1) => strong_suppress,P->P,strong_suppress,1,0.1839230198467464,0.18311749702578972,0.0008055228209566667,2.220446049250313e-16,0.00999003910879692,positive,0.0022333852769966245,False,0.7356920793869857,0.7324699881031586,0.003222091283827111,6.661338147750939e-16,0.009990039108796915,positive,0.008933541107986276,False,0.1839230198467466,0.18311749702578975,0.000805522820956861,2.7478019859472624e-15,0.009990039108796932,positive,0.002233385276996791,False,0.7356920793869859,0.7324699881031581,0.003222091283827777,1.3322676295501878e-15,0.00999003910879691,positive,0.008933541107986942,False,0.18392301984674636,0.18311749702578978,0.0008055228209565835,1.6653345369377348e-16,0.009990039108796936,positive,0.0022333852769964857,False,0.7356920793869853,0.7324699881031594,0.0032220912838258897,6.661338147750939e-16,0.009990039108796929,positive,0.00893354110798561,False,0.18345374997900996,0.18311749702578972,0.0003362529532202341,1.3877787807814457e-16,0.005999736401991175,positive,0.002654065754489815,False,0.7338149999160404,0.7324699881031586,0.0013450118128818245,3.774758283725532e-15,0.005999736401991188,positive,0.010616263017959371,False,0.1831972341071142,0.18311749702578972,7.973708132447133e-05,3.0531133177191805e-16,0.004494059361195414,positive,0.0028000376003056715,False,0.7327889364284563,0.7324699881031586,0.0003189483252977743,6.661338147750939e-16,0.00449405936119541,positive,0.011200150401222908,False,0.1876516929616083,-0.0005836011560387266,-0.002314267798612185,-0.0017306666425734585,2.220446049250313e-16,negative,0.7506067718464331,-0.0023344046241549066,-0.00925707119444863,-0.006922666570293723,5.551115123125783e-16,negative
form(0-1) => weak_suppress,P->P,weak_suppress,1,0.18408932324661856,0.18311749702578972,0.0009718262208288364,1.1102230246251565e-16,0.016162594403412493,positive,0.0014741996289813208,False,0.7363572929864742,0.7324699881031586,0.0038873048833156787,7.771561172376096e-16,0.016162594403412476,positive,0.0058967985159259495,False,0.18408932324661872,0.18311749702578975,0.0009718262208289752,1.609823385706477e-15,0.016162594403412493,positive,0.0014741996289815984,False,0.7363572929864745,0.7324699881031581,0.003887304883316345,1.1102230246251565e-15,0.016162594403412472,positive,0.005896798515926394,False,0.18408932324661856,0.18311749702578978,0.0009718262208287809,1.3877787807814457e-16,0.016162594403412486,positive,0.0014741996289814041,False,0.7363572929864746,0.7324699881031594,0.0038873048833151236,8.881784197001252e-16,0.016162594403412486,positive,0.005896798515925172,False,0.18405737202047415,0.18311749702578972,0.0009398749946844254,2.220446049250313e-16,0.0121812593827728,positive,0.001979904370034702,False,0.7362294880818967,0.7324699881031586,0.0037594999787381456,1.1102230246251565e-15,0.012181259382772803,positive,0.00791961748013914,False,0.1839230198467464,0.18311749702578972,0.0008055228209566667,2.220446049250313e-16,0.00999003910879692,positive,0.0022333852769966245,False,0.7356920793869857,0.7324699881031586,0.003222091283827111,6.661338147750939e-16,0.009990039108796915,positive,0.008933541107986276,False,0.18793790698171403,-0.00029738713593299715,-0.0009134530529182616,-0.0006160659169852645,1.1102230246251565e-16,negative,0.751751627926856,-0.0011895485437319886,-0.0036538122116730465,-0.002464263667941058,7.771561172376096e-16,negative
form(0-1) => weak_favour,P->P,weak_favour,1,0.17973437938311962,0.18311749702578972,-0.0033831176426701026,7.216449660063518e-16,0.03751211609701898,negative,-0.0026392564427135945,False,0.7189375175324786,0.7324699881031586,-0.013532470570679966,1.6653345369377348e-15,0.037512116097018974,negative,-0.010557025770853712,False,0.17973437938311967,0.18311749702578975,-0.003383117642670075,5.828670879282072e-16,0.03751211609701903,negative,-0.0026392564427138165,False,0.7189375175324786,0.7324699881031581,-0.013532470570679522,9.992007221626409e-16,0.037512116097019016,negative,-0.010557025770853268,False,0.17973437938311967,0.18311749702578978,-0.0033831176426701026,1.3877787807814457e-16,0.03751211609701899,negative,-0.0026392564427135112,False,0.7189375175324787,0.7324699881031594,-0.013532470570680744,2.220446049250313e-15,0.037512116097018974,negative,-0.010557025770854489,False,0.1763813195930998,0.18311749702578972,-0.0067361774326899215,4.718447854656915e-16,0.04468368948051764,negative,-0.004857151766278461,False,0.705525278372399,0.7324699881031586,-0.026944709730759575,7.771561172376096e-16,0.044683689480517604,negative,-0.019428607065113623,False,0.17348733664476998,0.18311749702578972,-0.009630160381019742,6.938893903907228e-16,0.0494603124117086,negative,-0.006721880309171424,False,0.6939493465790804,0.7324699881031586,-0.03852064152407819,1.4432899320127035e-15,0.04946031241170869,negative,-0.02688752123668503,False,0.1881781672208864,-5.7126896760628654e-05,-0.0009985009879613371,-0.0009413740912007085,1.942890293094024e-16,negative,0.7527126688835457,-0.00022850758704229257,-0.0039940039518451265,-0.003765496364802834,7.771561172376096e-16,negative
form(0-1) => strong_favour,P->P,strong_favour,1,0.17348733664476998,0.18311749702578972,-0.009630160381019742,6.938893903907228e-16,0.0494603124117086,negative,-0.006721880309171424,False,0.6939493465790804,0.7324699881031586,-0.03852064152407819,1.4432899320127035e-15,0.04946031241170869,negative,-0.02688752123668503,False,0.1734873366447699,0.18311749702578975,-0.009630160381019853,9.71445146547012e-16,0.049460312411708625,negative,-0.006721880309171868,False,0.6939493465790801,0.7324699881031581,-0.03852064152407797,1.7763568394002505e-15,0.04946031241170869,negative,-0.026887521236684697,False,0.1734873366447701,0.18311749702578978,-0.009630160381019687,2.220446049250313e-16,0.0494603124117087,negative,-0.006721880309171452,False,0.6939493465790803,0.7324699881031594,-0.03852064152407919,1.3322676295501878e-15,0.04946031241170866,negative,-0.026887521236685807,False,0.16441002937512028,0.18311749702578972,-0.01870746765066944,1.915134717478395e-15,0.06030198719741672,negative,-0.012748354926455596,False,0.6576401175004802,0.7324699881031586,-0.07482987060267832,1.1102230246251565e-15,0.06030198719741656,negative,-0.0509934197058215,False,0.15861482682901107,0.18311749702578972,-0.024502670196778653,1.8596235662471372e-15,0.06537314950970727,negative,-0.016888421123679498,False,0.6344593073160442,0.7324699881031586,-0.09801068078711439,1.1102230246251565e-15,0.06537314950970718,negative,-0.06755368449471777,False,0.1870998678849218,-0.001135426232725223,-0.0048559804348630164,-0.0037205542021377935,2.7755575615628914e-16,negative,0.7483994715396873,-0.00454170493090067,-0.019423921739451955,-0.014882216808551285,5.551115123125783e-16,negative
form(0-1) | absent(0-2) => prohibit,P->P,prohibit,2,0.17529189778135457,0.18311749702578972,-0.007825599244435155,6.661338147750939e-16,0.018261496720943113,negative,-0.005007847923486769,False,0.7330388452674825,0.7324699881031586,0.000568857164323977,7.771561172376096e-16,0.018806757051251396,positive,0.007581706510248032,False,0.17529189778135443,0.18311749702578975,-0.007825599244435322,1.2490009027033011e-15,0.018261496720943106,negative,-0.005007847923486408,False,0.7330388452674822,0.7324699881031581,0.0005688571643240881,8.881784197001252e-16,0.018806757051251396,positive,0.007581706510248143,False,0.17529189778135443,0.18311749702578978,-0.00782559924443535,1.3877787807814457e-16,0.018261496720943085,negative,-0.005007847923486797,False,0.7330388452674823,0.7324699881031594,0.0005688571643228668,7.771561172376096e-16,0.018806757051251382,positive,0.007581706510247366,False,0.17529189778135457,0.18311749702578972,-0.007825599244435155,6.661338147750939e-16,0.018261496720943113,negative,-0.005007847923486769,False,0.7330388452674825,0.7324699881031586,0.000568857164323977,7.771561172376096e-16,0.018806757051251396,positive,0.007581706510248032,False,0.17529189778135457,0.18311749702578972,-0.007825599244435155,6.661338147750939e-16,0.018261496720943113,negative,-0.005007847923486769,False,0.7330388452674825,0.7324699881031586,0.000568857164323977,7.771561172376096e-16,0.018806757051251396,positive,0.007581706510248032,False,0.1818890471679891,-0.0063462469496579355,-0.009334819111544351,-0.002988572161886416,1.6653345369377348e-16,negative,0.7557941869375144,0.002853010466926431,-0.004811917354158979,-0.00766492782108541,3.3306690738754696e-16,positive
form(0-1) | absent(0-2) => strong_suppress,P->P,strong_suppress,2,0.17845906357255897,0.18311749702578972,-0.004658433453230748,1.942890293094024e-16,0.02058210427602257,negative,-0.0033703928181539056,False,0.7348314382399487,0.7324699881031586,0.002361450136790122,9.992007221626409e-16,0.020964902584039324,positive,0.005557195321904018,False,0.1784590635725589,0.18311749702578975,-0.004658433453230859,7.494005416219807e-16,0.020582104276022542,negative,-0.0033703928181537113,False,0.7348314382399482,0.7324699881031581,0.002361450136790122,1.6653345369377348e-15,0.020964902584039293,positive,0.005557195321904573,False,0.17845906357255897,0.18311749702578978,-0.004658433453230804,1.3877787807814457e-16,0.020582104276022577,negative,-0.0033703928181539333,False,0.7348314382399488,0.7324699881031594,0.002361450136789345,9.992007221626409e-16,0.02096490258403933,positive,0.005557195321903796,False,0.17685398620144832,0.18311749702578972,-0.006263510824341401,1.6653345369377348e-16,0.019347872081200524,negative,-0.00423885792390738,False,0.7341108861192196,0.7324699881031586,0.0016408980160610431,9.992007221626409e-16,0.01981924850758895,positive,0.006671081470459028,False,0.1762044867853538,0.18311749702578972,-0.006913010240435918,9.992007221626409e-16,0.018884288181974525,negative,-0.004566662652398579,False,0.7337039285816372,0.7324699881031586,0.00123394047847869,1.4432899320127035e-15,0.01938772351129759,positive,0.00706734268136977,False,0.18390942281507872,-0.004325871302568313,-0.00569447620238564,-0.0013686048998173272,1.942890293094024e-16,negative,0.7551358461028119,0.0021946696322239223,-0.0013025144665705923,-0.0034971840987945146,5.551115123125783e-16,positive
form(0-1) | absent(0-2) => weak_suppress,P->P,weak_suppress,2,0.1806142851800708,0.18311749702578972,-0.0025032118457189168,3.608224830031759e-16,0.022519533209829072,negative,-0.0020285726285332595,False,0.7349132983189085,0.7324699881031586,0.0024433102157499498,1.4432899320127035e-15,0.022756554950654602,positive,0.0036199927534417142,False,0.18061428518007086,0.18311749702578975,-0.002503211845718889,1.582067810090848e-15,0.022519533209829037,negative,-0.002028572628533093,False,0.7349132983189085,0.7324699881031581,0.002443310215750394,6.661338147750939e-16,0.022756554950654595,positive,0.0036199927534419363,False,0.18061428518007078,0.18311749702578978,-0.002503211845719,1.1102230246251565e-16,0.022519533209829058,negative,-0.002028572628533176,False,0.7349132983189088,0.7324699881031594,0.0024433102157493947,1.3322676295501878e-15,0.022756554950654605,positive,0.003619992753441381,False,0.17926964956906266,0.18311749702578972,-0.0038478474567270604,4.996003610813204e-16,0.021265099358011352,negative,-0.0028936886507572035,False,0.7350055632331567,0.7324699881031586,0.0025355751299981355,7.771561172376096e-16,0.021597251687309353,positive,0.0049018220802476975,False,0.17845906357255897,0.18311749702578972,-0.004658433453230748,1.942890293094024e-16,0.02058210427602257,negative,-0.0033703928181539056,False,0.7348314382399487,0.7324699881031586,0.002361450136790122,9.992007221626409e-16,0.020964902584039324,positive,0.005557195321904018,False,0.18559949292894445,-0.0026358011887025745,-0.003140923711474952,-0.0005051225227723777,1.6653345369377348e-16,negative,0.7544315450493948,0.0014903685788068,0.00020143414762907597,-0.001288934431177724,5.551115123125783e-16,positive
form(0-1) | absent(0-2) => weak_favour,P->P,weak_favour,2,0.18473088803860582,0.18311749702578972,0.001613391012816101,1.6653345369377348e-16,0.029771907772266706,positive,0.0024175989571556533,False,0.7241450811113349,0.7324699881031586,-0.008324906991823644,1.3322676295501878e-15,0.02946461290210824,negative,-0.006307554442361862,False,0.1847308880386058,0.18311749702578975,0.0016133910128160456,9.43689570931383e-16,0.029771907772266723,positive,0.0024175989571554313,False,0.7241450811113347,0.7324699881031581,-0.008324906991823422,1.2212453270876722e-15,0.029464612902108167,negative,-0.00630755444236164,False,0.18473088803860585,0.18311749702578978,0.0016133910128160733,1.942890293094024e-16,0.029771907772266702,positive,0.0024175989571557366,False,0.7241450811113349,0.7324699881031594,-0.008324906991824532,1.3322676295501878e-15,0.02946461290210821,negative,-0.0063075544423625285,False,0.18465950279303797,0.18311749702578972,0.0015420057672482501,2.220446049250313e-16,0.032515946746167715,positive,0.003653468833378831,False,0.7155555733230217,0.7324699881031586,-0.016914414780136888,1.7763568394002505e-15,0.03203361325325369,negative,-0.011559176880721167,False,0.18405987714829317,0.18311749702578972,0.0009423801225034445,7.494005416219807e-16,0.03446539394133843,positive,0.004291182916166814,False,0.7079226044165121,0.7324699881031586,-0.02454738368664644,1.3322676295501878e-15,0.03387801601287653,negative,-0.015965433444032784,False,0.19159350367218994,0.0033582095545429125,0.002496924616047641,-0.0008612849384952714,2.220446049250313e-16,positive,0.7498866747010248,-0.0030545017695632337,-0.0052708790345048495,-0.002216377264941616,3.3306690738754696e-16,negative
form(0-1) | absent(0-2) => strong_favour,P->P,strong_favour,2,0.18405987714829317,0.18311749702578972,0.0009423801225034445,7.494005416219807e-16,0.03446539394133843,positive,0.004291182916166814,False,0.7079226044165121,0.7324699881031586,-0.02454738368664644,1.3322676295501878e-15,0.03387801601287653,negative,-0.015965433444032784,False,0.18405987714829308,0.18311749702578975,0.0009423801225033335,1.3877787807814457e-16,0.034465393941338344,positive,0.004291182916166314,False,0.7079226044165122,0.7324699881031581,-0.024547383686645885,2.1094237467877974e-15,0.0338780160128765,negative,-0.01596543344403223,False,0.18405987714829317,0.18311749702578978,0.000942380122503389,4.996003610813204e-16,0.03446539394133845,positive,0.004291182916166758,False,0.7079226044165123,0.7324699881031594,-0.024547383686647106,9.992007221626409e-16,0.033878016012876586,negative,-0.01596543344403345,False,0.1805183904381611,0.18311749702578972,-0.00259910658762863,7.494005416219807e-16,0.039342205249013856,negative,0.004635928421715618,False,0.6830425584146629,0.7324699881031586,-0.04942742968849567,7.771561172376096e-16,0.038587060187722545,negative,-0.03017630307626995,False,0.1774795451319318,0.18311749702578972,-0.005637951893857934,2.7755575615628914e-16,0.04188382759897302,negative,0.0038346735156684075,False,0.6666304865931094,0.7324699881031586,-0.06583950151004914,1.1102230246251565e-15,0.041109493483178675,negative,-0.039902938599575166,False,0.19467724767875536,0.006441953561108327,0.002839944224123203,-0.0036020093369851236,1.942890293094024e-16,positive,0.7443416620129955,-0.00859951445759255,-0.018036413617625424,-0.009436899160032874,4.440892098500626e-16,negative
form(0-1) | present(0-2) => prohibit,P->P,prohibit,2,0.19195337914168842,0.18311749702578972,0.008835882115898697,1.6653345369377348e-16,0.011295772349607472,positive,0.008089901822705414,False,0.7372621085343662,0.7324699881031586,0.0047921204312076915,8.881784197001252e-16,0.010839895466410787,positive,0.005139091893606507,False,0.19195337914168847,0.18311749702578975,0.008835882115898724,1.3877787807814457e-16,0.011295772349607453,positive,0.008089901822705498,False,0.7372621085343662,0.7324699881031581,0.004792120431208136,1.4432899320127035e-15,0.010839895466410796,positive,0.005139091893606507,False,0.1919533791416884,0.18311749702578978,0.008835882115898613,1.6653345369377348e-16,0.011295772349607446,positive,0.008089901822705442,False,0.7372621085343659,0.7324699881031594,0.00479212043120647,1.2212453270876722e-15,0.010839895466410775,positive,0.0051390918936058405,False,0.19195337914168842,0.18311749702578972,0.008835882115898697,1.6653345369377348e-16,0.011295772349607472,positive,0.008089901822705414,False,0.7372621085343662,0.7324699881031586,0.0047921204312076915,8.881784197001252e-16,0.010839895466410787,positive,0.005139091893606507,False,0.19195337914168842,0.18311749702578972,0.008835882115898697,1.6653345369377348e-16,0.011295772349607472,positive,0.008089901822705414,False,0.7372621085343662,0.7324699881031586,0.0047921204312076915,8.881784197001252e-16,0.010839895466410787,positive,0.005139091893606507,False,0.19366460186742745,0.0054293077497804265,0.006010129099779854,0.0005808213499994275,8.326672684688674e-17,positive,0.7468858431819667,-0.00605533328862129,-0.007038751315669112,-0.000983418027047822,4.440892098500626e-16,negative
form(0-1) | present(0-2) => strong_suppress,P->P,strong_suppress,2,0.18910949830143878,0.18311749702578972,0.005992001275649056,3.885780586188048e-16,0.015733685349804523,positive,0.005648350233880772,False,0.7360732899675699,0.7324699881031586,0.003603301864411379,1.4432899320127035e-15,0.015390512143249992,positive,0.003739070810694245,False,0.18910949830143878,0.18311749702578975,0.005992001275649028,4.163336342344337e-16,0.015733685349804495,positive,0.0056483502338808,False,0.7360732899675694,0.7324699881031581,0.003603301864411268,1.6653345369377348e-15,0.015390512143249924,positive,0.003739070810694578,False,0.1891094983014387,0.18311749702578978,0.005992001275648917,1.6653345369377348e-16,0.015733685349804516,positive,0.0056483502338807445,False,0.7360732899675697,0.7324699881031594,0.003603301864410269,1.6653345369377348e-15,0.015390512143249987,positive,0.00373907081069369,False,0.19061795734060824,0.18311749702578972,0.007500460314818519,8.326672684688674e-17,0.013358122517421403,positive,0.006962217483348715,False,0.7367454033687225,0.7324699881031586,0.004275415265563964,1.2212453270876722e-15,0.01295028854788862,positive,0.00450839534521752,False,0.19118701557510526,0.18311749702578972,0.008069518549315535,4.163336342344337e-16,0.012474490350900307,positive,0.007446790860987762,False,0.7369745665404595,0.7324699881031586,0.004504578437300899,1.1102230246251565e-15,0.012045088658523998,positive,0.004782768001711735,False,0.19202242772046826,0.0037871336028212355,0.004050758004365357,0.00026362440154412137,1.942890293094024e-16,positive,0.7488065217726416,-0.004134654697946383,-0.004584649293026155,-0.00044999459507977235,4.440892098500626e-16,negative
form(0-1) | present(0-2) => weak_suppress,P->P,weak_suppress,2,0.1867642288643416,0.18311749702578972,0.003646731838551881,1.6653345369377348e-16,0.019516715683513354,positive,0.003519715335847634,False,0.7348412954523074,0.7324699881031586,0.00237130734914881,8.881784197001252e-16,0.019293605341165934,positive,0.002413590066941196,False,0.1867642288643415,0.18311749702578975,0.003646731838551742,3.608224830031759e-16,0.019516715683513354,positive,0.0035197153358477173,False,0.7348412954523067,0.7324699881031581,0.002371307349148588,1.2212453270876722e-15,0.019293605341165903,positive,0.002413590066941418,False,0.18676422886434155,0.18311749702578978,0.00364673183855177,8.326672684688674e-17,0.019516715683513333,positive,0.0035197153358476063,False,0.7348412954523074,0.7324699881031594,0.002371307349147922,1.6653345369377348e-15,0.019293605341165913,positive,0.0024135900669408628,False,0.18827934137357838,0.18311749702578972,0.005161844347788658,1.942890293094024e-16,0.017060758556133593,positive,0.004906905886761431,False,0.7356632763352136,0.7324699881031586,0.0031932882320550027,1.3322676295501878e-15,0.01675753274685543,positive,0.003288531752443813,False,0.18910949830143878,0.18311749702578972,0.005992001275649056,3.885780586188048e-16,0.015733685349804523,positive,0.005648350233880772,False,0.7360732899675699,0.7324699881031586,0.003603301864411379,1.4432899320127035e-15,0.015390512143249992,positive,0.003739070810694245,False,0.1905934444916405,0.0023581503739934784,0.0024543544325937583,9.620405860027992e-05,1.1102230246251565e-16,positive,0.7504194505755499,-0.002521725895038074,-0.0026868215188209366,-0.0001650956237828627,3.3306690738754696e-16,negative
form(0-1) | present(0-2) => weak_favour,P->P,weak_favour,2,0.17830965718906708,0.18311749702578972,-0.004807839836722644,8.326672684688674e-17,0.03387008282620729,negative,-0.005017775727394841,False,0.7284800894690968,0.7324699881031586,-0.003989898634061739,1.887379141862766e-15,0.03419299189909762,negative,-0.003980309669015192,False,0.17830965718906722,0.18311749702578975,-0.004807839836722533,1.942890293094024e-16,0.03387008282620732,negative,-0.005017775727394896,False,0.7284800894690969,0.7324699881031581,-0.003989898634061184,1.4432899320127035e-15,0.03419299189909764,negative,-0.003980309669014859,False,0.17830965718906716,0.18311749702578978,-0.004807839836722616,4.718447854656915e-16,0.03387008282620732,negative,-0.005017775727394869,False,0.7284800894690969,0.7324699881031594,-0.0039898986340625164,1.5543122344752192e-15,0.03419299189909761,negative,-0.003980309669015636,False,0.17526673724436823,0.18311749702578972,-0.007850759781421496,1.942890293094024e-16,0.039219498610311085,negative,-0.008385852992966847,False,0.7254305990552627,0.7324699881031586,-0.0070393890478958054,5.551115123125783e-16,0.039731662808572654,negative,-0.0070957016102602966,False,0.17315934974034283,0.18311749702578972,-0.009958147285446889,2.220446049250313e-16,0.042950147115706376,negative,-0.010781068508409958,False,0.7230705320714408,0.7324699881031586,-0.009399456031717768,2.886579864025407e-15,0.04357067734823854,negative,-0.009596147016191381,False,0.18488366643766388,-0.003351627679983149,-0.003201086553070276,0.00015054112691287314,1.1102230246251565e-16,negative,0.7561430769193116,0.0032019004487235936,0.002943245920874582,-0.00025865452784901155,6.661338147750939e-16,positive
form(0-1) | present(0-2) => strong_favour,P->P,strong_favour,2,0.17315934974034283,0.18311749702578972,-0.009958147285446889,2.220446049250313e-16,0.042950147115706376,negative,-0.010781068508409958,False,0.7230705320714408,0.7324699881031586,-0.009399456031717768,2.886579864025407e-15,0.04357067734823854,negative,-0.009596147016191381,False,0.17315934974034264,0.18311749702578975,-0.009958147285447111,2.609024107869118e-15,0.04295014711570632,negative,-0.010781068508410041,False,0.723070532071441,0.7324699881031581,-0.009399456031717102,1.3322676295501878e-15,0.043570677348238565,negative,-0.00959614701619127,False,0.17315934974034292,0.18311749702578978,-0.009958147285446861,2.220446049250313e-16,0.04295014711570639,negative,-0.010781068508409958,False,0.7230705320714411,0.7324699881031594,-0.009399456031718323,1.4432899320127035e-15,0.0435706773482385,negative,-0.009596147016191936,False,0.16807681517546552,0.18311749702578972,-0.0150406818503242,7.494005416219807e-16,0.0519450092640306,negative,-0.016600193466322466,False,0.7164933102405173,0.7324699881031586,-0.01597667786264123,1.1102230246251565e-15,0.05268125159748169,negative,-0.01716197814552156,False,0.1655262907685414,0.18311749702578972,-0.017591206257248332,1.6653345369377348e-16,0.056408323909467734,negative,-0.019402863771274287,False,0.712688889422893,0.7324699881031586,-0.019781098680265563,1.1102230246251565e-15,0.05708216451277137,negative,-0.022052886160086604,False,0.181057617356057,-0.007177676761590035,-0.006616791047159093,0.000560885714430942,8.326672684688674e-17,negative,0.7589933000703899,0.006052123599801895,0.005118662432318288,-0.0009334611674836069,6.661338147750939e-16,positive
form(0-1) | absent(2-3) => prohibit,P->P,prohibit,2,0.21257145428203822,0.18311749702578972,0.029453957256248497,7.771561172376096e-16,0.01880675705125141,positive,0.02476330185149106,False,0.7194726144930533,0.7324699881031586,-0.012997373610105223,1.9984014443252818e-15,0.016877374344006685,negative,-0.011399185410813528,False,0.2125714542820384,0.18311749702578975,0.029453957256248664,3.0531133177191805e-16,0.018806757051251413,positive,0.0247633018514912,False,0.7194726144930532,0.7324699881031581,-0.01299737361010489,1.2212453270876722e-15,0.01687737434400667,negative,-0.011399185410813528,False,0.2125714542820386,0.18311749702578978,0.02945395725624883,3.885780586188048e-16,0.018806757051251392,positive,0.024763301851491004,False,0.7194726144930528,0.7324699881031594,-0.012997373610106666,1.5543122344752192e-15,0.01687737434400665,negative,-0.011399185410814527,False,0.21257145428203822,0.18311749702578972,0.029453957256248497,7.771561172376096e-16,0.01880675705125141,positive,0.02476330185149106,False,0.7194726144930533,0.7324699881031586,-0.012997373610105223,1.9984014443252818e-15,0.016877374344006685,negative,-0.011399185410813528,False,0.21257145428203822,0.18311749702578972,0.029453957256248497,7.771561172376096e-16,0.01880675705125141,positive,0.02476330185149106,False,0.7194726144930533,0.7324699881031586,-0.012997373610105223,1.9984014443252818e-15,0.016877374344006685,negative,-0.011399185410813528,False,0.21199250312709841,0.023757209009451385,0.028277596196216337,0.0045203871867649514,1.3877787807814457e-16,positive,0.7350180194461613,-0.017923157024426706,-0.02012831694674244,-0.002205159922315736,5.551115123125783e-16,negative
form(0-1) | absent(2-3) => strong_suppress,P->P,strong_suppress,2,0.20240719001700455,0.18311749702578972,0.01928969299121483,1.3877787807814457e-16,0.02096490258403934,positive,0.01719923791145539,False,0.7244046800608582,0.7324699881031586,-0.008065308042300323,6.661338147750939e-16,0.019554593028188186,negative,-0.007358114732257892,False,0.2024071900170045,0.18311749702578975,0.019289692991214746,3.0531133177191805e-16,0.020964902584039307,positive,0.017199237911455417,False,0.7244046800608585,0.7324699881031581,-0.008065308042299657,1.1102230246251565e-15,0.019554593028188183,negative,-0.007358114732257226,False,0.2024071900170044,0.18311749702578978,0.019289692991214635,1.1102230246251565e-16,0.02096490258403931,positive,0.017199237911455362,False,0.7244046800608582,0.7324699881031594,-0.008065308042301211,1.4432899320127035e-15,0.01955459302818821,negative,-0.007358114732258336,False,0.20770667055629732,0.18311749702578972,0.024589173530507602,1.3877787807814457e-16,0.019819248507588965,positive,0.02125869391688659,False,0.7218658058677871,0.7324699881031586,-0.010604182235371407,1.887379141862766e-15,0.018119202379630755,negative,-0.009471276996805944,False,0.20975905534890313,0.18311749702578972,0.026641558323113407,2.220446049250313e-16,0.019387723511297604,positive,0.022762265351869093,False,0.7208621057060899,0.7324699881031586,-0.01160788239706867,1.7763568394002505e-15,0.017586701347240434,negative,-0.010286911756378636,False,0.20472866283460206,0.01649336871695503,0.0185061091928784,0.002012740475923369,1.1102230246251565e-16,positive,0.7409220319684195,-0.012019144502168455,-0.013024575148707251,-0.0010054306465387963,4.440892098500626e-16,negative
form(0-1) | absent(2-3) => weak_suppress,P->P,weak_suppress,2,0.19454426532539568,0.18311749702578972,0.011426768299605955,3.885780586188048e-16,0.022756554950654616,positive,0.010672487400063962,False,0.7279720896047062,0.7324699881031586,-0.004497898498452391,2.6645352591003757e-15,0.021854343162996014,negative,-0.004247183470039939,False,0.19454426532539576,0.18311749702578975,0.01142676829960601,6.106226635438361e-16,0.022756554950654602,positive,0.010672487400064073,False,0.7279720896047067,0.7324699881031581,-0.0044978984984513914,1.887379141862766e-15,0.021854343162995976,negative,-0.004247183470039717,False,0.19454426532539573,0.18311749702578978,0.011426768299605955,2.498001805406602e-16,0.02275655495065464,positive,0.010672487400064073,False,0.7279720896047067,0.7324699881031594,-0.004497898498452724,1.5543122344752192e-15,0.021854343162996004,negative,-0.004247183470040494,False,0.19957368847523338,0.18311749702578972,0.016456191449443658,1.3877787807814457e-16,0.021597251687309367,positive,0.014919073469223748,False,0.7257225035463034,0.7324699881031586,-0.006747484556855143,2.220446049250313e-15,0.020359229369016796,negative,-0.0062300128562085,False,0.20240719001700455,0.18311749702578972,0.01928969299121483,1.3877787807814457e-16,0.02096490258403934,positive,0.01719923791145539,False,0.7244046800608582,0.7324699881031586,-0.008065308042300323,6.661338147750939e-16,0.019554593028188186,negative,-0.007358114732257892,False,0.1984661910662069,0.010230896948559859,0.01095656601862241,0.0007256690700625512,1.6653345369377348e-16,positive,0.7457304709303585,-0.007210705540229512,-0.007578086928418104,-0.00036738138818859234,4.440892098500626e-16,negative
form(0-1) | absent(2-3) => weak_favour,P->P,weak_favour,2,0.16928882164529302,0.18311749702578972,-0.013828675380496702,2.220446049250313e-16,0.02946461290210822,negative,-0.015007219392313087,False,0.7360383549795353,0.7324699881031586,0.0035683668763767384,8.881784197001252e-16,0.030773956261914003,positive,0.003882923514687886,False,0.169288821645293,0.18311749702578975,-0.013828675380496758,5.273559366969494e-16,0.02946461290210818,negative,-0.015007219392313143,False,0.7360383549795346,0.7324699881031581,0.0035683668763765164,1.1102230246251565e-15,0.030773956261913954,positive,0.00388292351468833,False,0.16928882164529305,0.18311749702578978,-0.01382867538049673,5.551115123125783e-17,0.029464612902108212,negative,-0.01500721939231306,False,0.736038354979535,0.7324699881031594,0.003568366876375517,7.771561172376096e-16,0.030773956261914,positive,0.003882923514687331,False,0.1611316275724085,0.18311749702578972,-0.021985869453381213,1.942890293094024e-16,0.0320336132532537,negative,-0.024977933549066134,False,0.7366017260452958,0.7324699881031586,0.004131737942137281,8.881784197001252e-16,0.0341696615790157,positive,0.004780474660681877,False,0.1557085515002164,0.18311749702578972,-0.027408945525573325,1.942890293094024e-16,0.03387801601287658,negative,-0.03203319821772091,False,0.736076788910114,0.7324699881031586,0.0036068008069554125,5.551115123125783e-16,0.03654791568770312,positive,0.004387867563917736,False,0.17386560237079945,-0.014369691746847574,-0.013239418709991901,0.0011302730368556724,1.1102230246251565e-16,negative,0.761411769434138,0.008470592963550017,0.00791045573660809,-0.0005601372269419258,5.551115123125783e-16,positive
form(0-1) | absent(2-3) => strong_favour,P->P,strong_favour,2,0.1557085515002164,0.18311749702578972,-0.027408945525573325,1.942890293094024e-16,0.03387801601287658,negative,-0.03203319821772091,False,0.736076788910114,0.7324699881031586,0.0036068008069554125,5.551115123125783e-16,0.03654791568770312,positive,0.004387867563917736,False,0.15570855150021629,0.18311749702578975,-0.027408945525573464,1.1102230246251565e-15,0.03387801601287659,negative,-0.032033198217720965,False,0.7360767889101137,0.7324699881031581,0.0036068008069556345,9.992007221626409e-16,0.03654791568770312,positive,0.004387867563917736,False,0.15570855150021629,0.18311749702578978,-0.02740894552557349,6.106226635438361e-16,0.033878016012876586,negative,-0.032033198217720854,False,0.7360767889101139,0.7324699881031594,0.0036068008069544133,1.5543122344752192e-15,0.03654791568770314,positive,0.0043878675639172915,False,0.14325647599756727,0.18311749702578972,-0.03986102102822245,1.942890293094024e-16,0.0385870601877225,negative,-0.04910439981321074,False,0.7311020154358606,0.7324699881031586,-0.0013679726672979342,9.992007221626409e-16,0.042232588069818416,negative,-0.0015375322003106096,False,0.13727524770098343,0.18311749702578972,-0.045842249324806295,9.71445146547012e-16,0.041109493483178654,negative,-0.057311429971232036,False,0.7262303426761706,0.7324699881031586,-0.006239645426987961,1.2212453270876722e-15,0.044956185542285955,negative,-0.00827918923593185,False,0.15757845543598495,-0.03065683868166208,-0.026231991885527772,0.004424846796134307,1.3877787807814457e-16,negative,0.7677831365520437,0.014841960081455663,0.01289261589943036,-0.0019493441820253032,4.440892098500626e-16,positive
form(0-1) | present(2-3) => prohibit,P->P,prohibit,2,0.15774978051633937,0.18311749702578972,-0.025367716509450355,2.7755575615628914e-16,0.010839895466410805,negative,-0.021563370724177633,False,0.7504221327907467,0.7324699881031586,0.0179521446875881,1.2212453270876722e-15,0.012923904075309856,positive,0.022628578692151957,False,0.1577497805163394,0.18311749702578975,-0.025367716509450355,1.0269562977782698e-15,0.010839895466410784,negative,-0.021563370724177217,False,0.750422132790747,0.7324699881031581,0.017952144687588878,1.2212453270876722e-15,0.01292390407530985,positive,0.022628578692152068,False,0.15774978051633934,0.18311749702578978,-0.02536771650945044,5.551115123125783e-16,0.010839895466410815,negative,-0.021563370724177577,False,0.7504221327907473,0.7324699881031594,0.01795214468758788,2.7755575615628914e-15,0.01292390407530989,positive,0.022628578692151513,False,0.15774978051633937,0.18311749702578972,-0.025367716509450355,2.7755575615628914e-16,0.010839895466410805,negative,-0.021563370724177633,False,0.7504221327907467,0.7324699881031586,0.0179521446875881,1.2212453270876722e-15,0.012923904075309856,positive,0.022628578692151957,False,0.15774978051633937,0.18311749702578972,-0.025367716509450355,2.7755575615628914e-16,0.010839895466410805,negative,-0.021563370724177633,False,0.7504221327907467,0.7324699881031586,0.0179521446875881,1.2212453270876722e-15,0.012923904075309856,positive,0.022628578692151957,False,0.16374654071515685,-0.024488753402490182,-0.028443948930062662,-0.00395519552757248,2.220446049250313e-16,negative,0.7660764200115988,0.01313524354101081,0.007969991089337491,-0.005165252451673319,5.551115123125783e-16,positive
form(0-1) | present(2-3) => strong_suppress,P->P,strong_suppress,2,0.16647492427845126,0.18311749702578972,-0.016642572747338463,5.273559366969494e-16,0.01539051214324997,negative,-0.01487661145292532,False,0.7462579666557337,0.7324699881031586,0.013787978552575186,1.3322676295501878e-15,0.016887995226397046,positive,0.015910874687615872,False,0.16647492427845131,0.18311749702578975,-0.016642572747338436,3.0531133177191805e-16,0.015390512143249957,negative,-0.014876611452924987,False,0.7462579666557344,0.7324699881031581,0.013787978552576297,8.881784197001252e-16,0.016887995226397043,positive,0.015910874687616094,False,0.16647492427845134,0.18311749702578978,-0.016642572747338436,1.6653345369377348e-16,0.015390512143249959,negative,-0.01487661145292521,False,0.7462579666557339,0.7324699881031594,0.01378797855257441,1.2212453270876722e-15,0.016887995226397026,positive,0.01591087468761565,False,0.16190634573909385,0.18311749702578972,-0.021211151286695873,3.3306690738754696e-16,0.012950288547888624,negative,-0.018456805320628156,False,0.7486580292949471,0.7324699881031586,0.016188041191788516,2.9976021664879227e-15,0.01477354629403511,positive,0.019534677070197404,False,0.1601476315394821,0.18311749702578972,-0.02296986548630761,1.1102230246251565e-16,0.012045088658524017,negative,-0.019787935339825202,False,0.7494514231973213,0.7324699881031586,0.016981435094162722,8.881784197001252e-16,0.013982901424119573,positive,0.02086584040965833,False,0.17127812953060617,-0.016957164587040857,-0.01879896621814084,-0.0018418016310999819,2.220446049250313e-16,negative,0.7622452745593509,0.009304098088762869,0.006955081987803702,-0.002349016100959167,7.771561172376096e-16,positive
form(0-1) | present(2-3) => weak_suppress,P->P,weak_suppress,2,0.17329129900790985,0.18311749702578972,-0.009826198017879872,1.3877787807814457e-16,0.019293605341165945,negative,-0.009168695915089675,False,0.7416747469707877,0.7324699881031586,0.00920475886762917,7.771561172376096e-16,0.020233017308944556,positive,0.00998630144544066,False,0.17329129900790985,0.18311749702578975,-0.0098261980178799,9.71445146547012e-16,0.019293605341165934,negative,-0.009168695915089536,False,0.7416747469707875,0.7324699881031581,0.009204758867629392,2.220446049250313e-15,0.020233017308944543,positive,0.009986301445440549,False,0.1732912990079098,0.18311749702578978,-0.009826198017879983,1.1102230246251565e-16,0.019293605341165934,negative,-0.009168695915089592,False,0.7416747469707876,0.7324699881031594,0.009204758867628171,5.551115123125783e-16,0.020233017308944563,positive,0.009986301445440104,False,0.16892892735298862,0.18311749702578972,-0.014188569672801105,3.3306690738754696e-16,0.016757532746855448,negative,-0.012875243761324928,False,0.7447540866179996,0.7324699881031586,0.012284098514841024,1.4432899320127035e-15,0.01806373623297668,positive,0.013855392133109823,False,0.16647492427845126,0.18311749702578972,-0.016642572747338463,5.273559366969494e-16,0.01539051214324997,negative,-0.01487661145292532,False,0.7462579666557337,0.7324699881031586,0.013787978552575186,1.3322676295501878e-15,0.016887995226397046,positive,0.015910874687615872,False,0.1777502844464352,-0.010485009671211826,-0.011172576883272417,-0.0006875672120605913,1.3877787807814457e-16,negative,0.7588184473497881,0.005877270879200092,0.005011507830945172,-0.0008657630482549195,5.551115123125783e-16,positive
form(0-1) | present(2-3) => weak_favour,P->P,weak_favour,2,0.19437451349791846,0.18311749702578972,0.011257016472128734,1.6653345369377348e-16,0.03419299189909762,positive,0.012384925783134437,False,0.7162738909533728,0.7324699881031586,-0.01619609714978576,1.7763568394002505e-15,0.0329773342129223,negative,-0.014823469829717384,False,0.19437451349791846,0.18311749702578975,0.011257016472128706,3.0531133177191805e-16,0.03419299189909762,positive,0.012384925783134132,False,0.7162738909533723,0.7324699881031581,-0.01619609714978576,5.551115123125783e-16,0.03297733421292227,negative,-0.014823469829717273,False,0.19437451349791843,0.18311749702578978,0.01125701647212865,1.1102230246251565e-16,0.03419299189909765,positive,0.01238492578313441,False,0.7162738909533731,0.7324699881031594,-0.016196097149786315,9.992007221626409e-16,0.032977334212922316,negative,-0.014823469829717939,False,0.20029953627631894,0.18311749702578972,0.01718203925052922,1.0547118733938987e-15,0.03973166280857272,positive,0.020114013150727167,False,0.703419108937553,0.7324699881031586,-0.02905087916560556,1.887379141862766e-15,0.037869247542167014,negative,-0.02533478884351803,False,0.20376116640523248,0.18311749702578972,0.02064366937944276,2.7755575615628914e-16,0.04357067734823852,positive,0.02522912486512252,False,0.6932121725555733,0.7324699881031586,-0.03925781554758523,1.2212453270876722e-15,0.041364347632568695,negative,-0.03319600860930194,False,0.20260473843870816,0.014369444321061131,0.01317756826197905,-0.001191876059082081,1.3877787807814457e-16,positive,0.7439853090802082,-0.00895586739037979,-0.010478075933926911,-0.001522208543547121,8.881784197001252e-16,negative
form(0-1) | present(2-3) => strong_favour,P->P,strong_favour,2,0.20376116640523248,0.18311749702578972,0.02064366937944276,2.7755575615628914e-16,0.04357067734823852,positive,0.02522912486512252,False,0.6932121725555733,0.7324699881031586,-0.03925781554758523,1.2212453270876722e-15,0.041364347632568695,negative,-0.03319600860930194,False,0.20376116640523262,0.18311749702578975,0.02064366937944287,1.3322676295501878e-15,0.04357067734823848,positive,0.025229124865122132,False,0.6932121725555728,0.7324699881031581,-0.03925781554758534,2.220446049250313e-15,0.041364347632568625,negative,-0.03319600860930172,False,0.20376116640523248,0.18311749702578978,0.020643669379442703,4.718447854656915e-16,0.043570677348238496,positive,0.02522912486512252,False,0.6932121725555729,0.7324699881031594,-0.03925781554758656,1.4432899320127035e-15,0.04136434763256869,negative,-0.033196008609302496,False,0.2095439516950823,0.18311749702578972,0.02642645466929258,5.828670879282072e-16,0.05268125159748169,positive,0.035645330867643876,False,0.6636625116156909,0.7324699881031586,-0.06880747648746766,1.887379141862766e-15,0.05018935446887777,negative,-0.05437385940849593,False,0.21084691038552084,0.18311749702578972,0.027729413359731114,2.7755575615628914e-16,0.05708216451277148,positive,0.03897830454789267,False,0.6458923745211945,0.7324699881031586,-0.08657761358196403,1.1102230246251565e-15,0.05485151975700736,negative,-0.06632105750847106,False,0.21789040425920023,0.029655110141553198,0.024771066581914886,-0.0048840435596383125,1.942890293094024e-16,positive,0.7325102944521531,-0.020430882018434904,-0.027141725198006617,-0.006710843179571713,4.440892098500626e-16,negative
form(0-1) | absent(0-1-2) => prohibit,T->P,prohibit,2,0.18379898609471998,0.18311749702578972,0.0006814890689302577,0.0010129321792777535,0.014762791326366034,positive,0.0015578828416018264,True,0.7351959443788803,0.7324699881031586,0.002725956275721697,0.004051728717111125,0.014762791326366036,positive,0.006231531366407528,True,0.1835757808018002,0.18311749702578975,0.0004582837760104541,0.0011637386096101654,0.014331518675504681,positive,0.0015560442351967296,True,0.7343031232072011,0.7324699881031581,0.0018331351040430377,0.0046549544384398844,0.01433151867550468,positive,0.0062241769407871406,True,0.1839592202804,0.18311749702578978,0.0008417232546102105,0.0006690609412202397,0.015220243343899197,positive,0.0015439253096216354,True,0.7358368811216002,0.7324699881031594,0.003366893018440731,0.002676243764880182,0.015220243343899202,positive,0.006175701238485987,True,0.18379898609471998,0.18311749702578972,0.0006814890689302577,0.0010129321792777535,0.014762791326366034,positive,0.0015578828416018264,True,0.7351959443788803,0.7324699881031586,0.002725956275721697,0.004051728717111125,0.014762791326366036,positive,0.006231531366407528,True,0.18379898609471998,0.18311749702578972,0.0006814890689302577,0.0010129321792777535,0.014762791326366034,positive,0.0015578828416018264,True,0.7351959443788803,0.7324699881031586,0.002725956275721697,0.004051728717111125,0.014762791326366036,positive,0.006231531366407528,True,0.18782193366208888,-0.00041336045555814827,-0.0014837509868099175,-0.0010703905312517692,0.0003881681356009137,negative,0.7512877346483554,-0.001653441822232593,-0.005935003947239448,-0.004281562125006855,0.0015526725424034327,negative
form(0-1) | absent(0-1-2) => strong_suppress,T->P,strong_suppress,2,0.18385454855370498,0.18311749702578972,0.0007370515279152556,0.0002690163340524909,0.018152366650477543,positive,0.0011441705420303372,True,0.7354181942148198,0.7324699881031586,0.0029482061116612446,0.0010760653362106298,0.01815236665047754,positive,0.004576682168121571,True,0.18376684552983752,0.18311749702578975,0.0006493485040477698,0.00019764711911357535,0.017951264362820126,positive,0.0011441141378558117,True,0.73506738211935,0.7324699881031581,0.0025973940161918563,0.0007905884764548565,0.017951264362820126,positive,0.004576456551423691,True,0.18391844544903693,0.18311749702578978,0.0008009484232471553,0.00018604333089247693,0.018370348032297975,positive,0.0011365059166296432,True,0.7356737817961476,0.7324699881031594,0.003203793692988177,0.0007441733235709069,0.018370348032297982,positive,0.004546023666518129,True,0.18385515880549758,0.18311749702578972,0.0007376617797078544,0.0006174746012140853,0.016342886344911253,positive,0.0013720942147861792,True,0.7354206352219902,0.7324699881031586,0.0029506471188316397,0.00246989840485623,0.01634288634491124,positive,0.005488376859145161,True,0.1838376172447095,0.18311749702578972,0.0007201202189197897,0.0007761586418326971,0.015667044826403593,positive,0.0014530082506332698,True,0.7353504689788383,0.7324699881031586,0.002880480875679714,0.0031046345673316766,0.015667044826403593,positive,0.005812033002533634,True,0.18798503829200078,-0.0002502558256462506,-0.0007502730116767109,-0.0005000171860304603,0.00020838341804493843,negative,0.7519401531680031,-0.0010010233025848914,-0.0030010920467066216,-0.00200006874412173,0.0008335336721799758,negative
form(0-1) | absent(0-1-2) => weak_suppress,T->P,weak_suppress,2,0.1837118262142754,0.18311749702578972,0.0005943291884856761,5.661708603774129e-05,0.02101659449251466,positive,0.0007464638957916658,True,0.7348473048571013,0.7324699881031586,0.0023773167539427043,0.00022646834415074313,0.02101659449251463,positive,0.0029858555831669964,True,0.1836837232081645,0.18311749702578975,0.0005662261823747572,0.00017978566909646054,0.020941358123861366,positive,0.0007467232934003643,True,0.7347348928326581,0.7324699881031581,0.002264904729500028,0.0007191426763860642,0.02094135812386136,positive,0.002986893173602234,True,0.18373230733539128,0.18311749702578978,0.0006148103096015045,3.288346770069506e-05,0.021099661795035748,positive,0.0007431745487530839,True,0.7349292293415651,0.7324699881031594,0.002459241238405685,0.00013153387080344636,0.02109966179503575,positive,0.0029726981950122244,True,0.18382422591384742,0.18311749702578972,0.0007067288880577005,0.00012304162606535662,0.019159198007282566,positive,0.0010097887951541484,True,0.7352969036553897,0.7324699881031586,0.002826915552231135,0.0004921665042615375,0.019159198007282573,positive,0.004039155180617149,True,0.18385454855370498,0.18311749702578972,0.0007370515279152556,0.0002690163340524909,0.018152366650477543,positive,0.0011441705420303372,True,0.7354181942148198,0.7324699881031586,0.0029482061116612446,0.0010760653362106298,0.01815236665047754,positive,0.004576682168121571,True,0.18810280921727915,-0.00013248490036787963,-0.00032014938396521253,-0.0001876644835973329,9.163618680735341e-05,negative,0.7524112368691165,-0.0005299396014715185,-0.0012805975358610722,-0.0007506579343895536,0.0003665447472291916,negative
form(0-1) | absent(0-1-2) => weak_favour,T->P,weak_favour,2,0.1815342866867067,0.18311749702578972,-0.0015832103390830132,0.001268870010738582,0.031821277714427276,negative,-0.0013103754094151987,True,0.7261371467468271,0.7324699881031586,-0.006332841356331498,0.005075480042954661,0.031821277714427255,negative,-0.005241501637660351,True,0.18151197920458848,0.18311749702578975,-0.0016055178212012744,0.0017516648314962469,0.031687414624086224,negative,-0.001307343404740341,True,0.7260479168183541,0.7324699881031581,-0.006422071284803987,0.007006659325983988,0.03168741462408625,negative,-0.005229373618960365,True,0.18154601761506178,0.18311749702578978,-0.001571479410727994,0.0008910633768029197,0.031979796624542575,negative,-0.001320402964699069,True,0.7261840704602475,0.7324699881031594,-0.006285917642911976,0.003564253507212456,0.03197979662454256,negative,-0.005281611858796498,True,0.17997032634851795,0.18311749702578972,-0.003147170677271771,0.0028999209644605672,0.035871050406894256,negative,-0.0024141421930829743,True,0.7198813053940719,0.7324699881031586,-0.01258868270908664,0.011599683857841936,0.03587105040689424,negative,-0.009656568772331453,True,0.17858302895166892,0.18311749702578972,-0.0045344680741208065,0.004471679706315013,0.03871597759363038,negative,-0.003352397200209134,True,0.7143321158066757,0.7324699881031586,-0.018137872296482893,0.017886718825258607,0.038715977593630393,negative,-0.013409588800835759,True,0.18823955696059352,4.26284294649526e-06,-0.0003367537509881835,-0.00034101659393467876,0.00016811973335900676,positive,0.7529582278423739,1.7051371785870018e-05,-0.001347015003952734,-0.001364066375738604,0.000672478933435805,positive
form(0-1) | absent(0-1-2) => strong_favour,T->P,strong_favour,2,0.17858302895166892,0.18311749702578972,-0.0045344680741208065,0.004471679706315013,0.03871597759363038,negative,-0.003352397200209134,True,0.7143321158066757,0.7324699881031586,-0.018137872296482893,0.017886718825258607,0.038715977593630393,negative,-0.013409588800835759,True,0.17856032894886648,0.18311749702578975,-0.004557168076923274,0.005800917214959539,0.0381401279379157,negative,-0.0033270512613711445,True,0.7142413157954663,0.7324699881031581,-0.018228672307691762,0.023203668859835935,0.038140127937915685,negative,-0.013308205045483357,True,0.17854956430818228,0.18311749702578978,-0.004567932717607498,0.003255535427750811,0.039428805925938844,negative,-0.003416466935476953,True,0.7141982572327292,0.7324699881031594,-0.018271730870430214,0.01302214171100391,0.039428805925938865,negative,-0.013665867741908033,True,0.17397811915659683,0.18311749702578972,-0.009139377869192888,0.010056311346074542,0.04567947586790643,negative,-0.006479731062939947,True,0.6959124766263872,0.7324699881031586,-0.03655751147677133,0.04022524538429728,0.045679475867906404,negative,-0.025918924251759456,True,0.17084028093760867,0.18311749702578972,-0.012277216088181053,0.014005842619457726,0.04920995893668423,negative,-0.008729296557960675,True,0.6833611237504348,0.7324699881031586,-0.04910886435272377,0.05602337047783035,0.049209958936684256,negative,-0.034917186231842035,True,0.18781169917359392,-0.0004235949440531128,-0.001909085303561514,-0.0014854903595084012,0.0010558760373816645,negative,0.7512467966943754,-0.0016943797762125623,-0.007636341214245834,-0.005941961438033272,0.004223504149526214,negative
form(0-1) | present(0-1-2) => prohibit,T->P,prohibit,2,0.18379898609472,0.18311749702578972,0.0006814890689302855,0.0010129321792778645,0.014762791326366015,positive,0.0015578828416018264,True,0.7351959443788803,0.7324699881031586,0.002725956275721697,0.004051728717111236,0.01476279132636603,positive,0.006231531366407639,True,0.1835757808018002,0.18311749702578975,0.0004582837760104541,0.0011637386096102487,0.014331518675504678,positive,0.001556044235196924,True,0.734303123207201,0.7324699881031581,0.0018331351040429267,0.004654954438441106,0.014331518675504699,positive,0.0062241769407870295,True,0.18395922028040002,0.18311749702578978,0.0008417232546102382,0.0006690609412201565,0.015220243343899188,positive,0.0015439253096216354,True,0.7358368811216001,0.7324699881031594,0.00336689301844062,0.002676243764881625,0.015220243343899181,positive,0.006175701238486098,True,0.18379898609472,0.18311749702578972,0.0006814890689302855,0.0010129321792778645,0.014762791326366015,positive,0.0015578828416018264,True,0.7351959443788803,0.7324699881031586,0.002725956275721697,0.004051728717111236,0.01476279132636603,positive,0.006231531366407639,True,0.18379898609472,0.18311749702578972,0.0006814890689302855,0.0010129321792778645,0.014762791326366015,positive,0.0015578828416018264,True,0.7351959443788803,0.7324699881031586,0.002725956275721697,0.004051728717111236,0.01476279132636603,positive,0.006231531366407639,True,0.1878219336620889,-0.0004133604555581205,-0.0014837509868098897,-0.0010703905312517692,0.0003881681356008304,negative,0.7512877346483555,-0.001653441822232482,-0.005935003947239559,-0.004281562125007077,0.0015526725424032106,negative
form(0-1) | present(0-1-2) => strong_suppress,T->P,strong_suppress,2,0.18385454855370498,0.18311749702578972,0.0007370515279152556,0.00026901633405246317,0.018152366650477543,positive,0.0011441705420303094,True,0.7354181942148197,0.7324699881031586,0.0029482061116611336,0.0010760653362101857,0.018152366650477543,positive,0.004576682168121571,True,0.18376684552983744,0.18311749702578975,0.0006493485040476865,0.0001976471191148521,0.017951264362820123,positive,0.0011441141378559505,True,0.73506738211935,0.7324699881031581,0.0025973940161918563,0.0007905884764544124,0.01795126436282013,positive,0.004576456551423691,True,0.18391844544903696,0.18311749702578978,0.0008009484232471831,0.0001860433308925602,0.01837034803229797,positive,0.0011365059166296154,True,0.7356737817961475,0.7324699881031594,0.003203793692988066,0.0007441733235705739,0.01837034803229796,positive,0.00454602366651824,True,0.18385515880549755,0.18311749702578972,0.0007376617797078266,0.0006174746012141963,0.01634288634491126,positive,0.0013720942147861792,True,0.7354206352219901,0.7324699881031586,0.0029506471188315286,0.002469898404856896,0.016342886344911246,positive,0.00548837685914505,True,0.1838376172447095,0.18311749702578972,0.0007201202189197897,0.0007761586418326416,0.015667044826403617,positive,0.0014530082506333253,True,0.7353504689788384,0.7324699881031586,0.002880480875679825,0.0031046345673312326,0.01566704482640362,positive,0.005812033002533745,True,0.18798503829200072,-0.0002502558256463061,-0.0007502730116767664,-0.0005000171860304603,0.00020838341804496618,negative,0.7519401531680031,-0.0010010233025848914,-0.0030010920467067326,-0.002000068744121841,0.0008335336721798647,negative
form(0-1) | present(0-1-2) => weak_suppress,T->P,weak_suppress,2,0.1837118262142754,0.18311749702578972,0.0005943291884856761,5.661708603763027e-05,0.021016594492514657,positive,0.0007464638957916381,True,0.7348473048571013,0.7324699881031586,0.0023773167539427043,0.0002264683441506321,0.021016594492514633,positive,0.0029858555831669964,True,0.18368372320816462,0.18311749702578975,0.0005662261823748682,0.00017978566909759852,0.020941358123861387,positive,0.000746723293400503,True,0.7347348928326581,0.7324699881031581,0.002264904729500028,0.0007191426763858422,0.02094135812386137,positive,0.002986893173602234,True,0.18373230733539128,0.18311749702578978,0.0006148103096015045,3.28834677006673e-05,0.021099661795035758,positive,0.0007431745487531116,True,0.7349292293415652,0.7324699881031594,0.002459241238405796,0.0001315338708031133,0.021099661795035765,positive,0.0029726981950122244,True,0.18382422591384742,0.18311749702578972,0.0007067288880577005,0.00012304162606527336,0.01915919800728256,positive,0.0010097887951541207,True,0.7352969036553896,0.7324699881031586,0.002826915552231024,0.0004921665042615375,0.019159198007282566,positive,0.004039155180616927,True,0.18385454855370498,0.18311749702578972,0.0007370515279152556,0.00026901633405246317,0.018152366650477543,positive,0.0011441705420303094,True,0.7354181942148197,0.7324699881031586,0.0029482061116611336,0.0010760653362101857,0.018152366650477543,positive,0.004576682168121571,True,0.18810280921727918,-0.00013248490036785188,-0.0003201493839652403,-0.0001876644835973884,9.163618680740893e-05,negative,0.7524112368691166,-0.0005299396014714075,-0.0012805975358609611,-0.0007506579343895536,0.00036654474722941366,negative
form(0-1) | present(0-1-2) => weak_favour,T->P,weak_favour,2,0.1815342866867067,0.18311749702578972,-0.0015832103390830132,0.0012688700107385542,0.031821277714427276,negative,-0.0013103754094151432,True,0.7261371467468271,0.7324699881031586,-0.006332841356331498,0.005075480042954772,0.03182127771442726,negative,-0.005241501637660351,True,0.18151197920458856,0.18311749702578975,-0.0016055178212011911,0.001751664831496108,0.03168741462408621,negative,-0.001307343404740452,True,0.7260479168183541,0.7324699881031581,-0.006422071284803987,0.007006659325983655,0.03168741462408624,negative,-0.0052293736189600315,True,0.1815460176150618,0.18311749702578978,-0.0015714794107279662,0.0008910633768029474,0.031979796624542575,negative,-0.0013204029646990134,True,0.7261840704602472,0.7324699881031594,-0.006285917642912198,0.003564253507213233,0.03197979662454256,negative,-0.005281611858796387,True,0.17997032634851792,0.18311749702578972,-0.003147170677271799,0.0028999209644603174,0.035871050406894256,negative,-0.002414142193083002,True,0.7198813053940718,0.7324699881031586,-0.012588682709086751,0.011599683857842047,0.035871050406894256,negative,-0.009656568772331564,True,0.17858302895166897,0.18311749702578972,-0.004534468074120751,0.004471679706314874,0.03871597759363041,negative,-0.0033523972002090507,True,0.7143321158066759,0.7324699881031586,-0.01813787229648267,0.01788671882525872,0.038715977593630414,negative,-0.013409588800835648,True,0.1882395569605935,4.262842946467504e-06,-0.0003367537509881835,-0.000341016593934651,0.00016811973335903452,positive,0.7529582278423739,1.7051371785870018e-05,-0.001347015003952734,-0.001364066375738604,0.000672478933436027,positive
form(0-1) | present(0-1-2) => strong_favour,T->P,strong_favour,2,0.17858302895166897,0.18311749702578972,-0.004534468074120751,0.004471679706314874,0.03871597759363041,negative,-0.0033523972002090507,True,0.7143321158066759,0.7324699881031586,-0.01813787229648267,0.01788671882525872,0.038715977593630414,negative,-0.013409588800835648,True,0.17856032894886664,0.18311749702578975,-0.004557168076923107,0.005800917214958845,0.038140127937915644,negative,-0.0033270512613713665,True,0.7142413157954667,0.7324699881031581,-0.01822867230769143,0.023203668859835824,0.038140127937915644,negative,-0.01330820504548269,True,0.1785495643081824,0.18311749702578978,-0.004567932717607387,0.003255535427750811,0.03942880592593889,negative,-0.003416466935476925,True,0.7141982572327296,0.7324699881031594,-0.01827173087042988,0.013022141711003465,0.039428805925938906,negative,-0.013665867741907922,True,0.17397811915659683,0.18311749702578972,-0.009139377869192888,0.010056311346074348,0.04567947586790643,negative,-0.006479731062939947,True,0.6959124766263872,0.7324699881031586,-0.03655751147677133,0.04022524538429684,0.0456794758679064,negative,-0.025918924251759567,True,0.17084028093760864,0.18311749702578972,-0.012277216088181081,0.014005842619457587,0.0492099589366842,negative,-0.008729296557960675,True,0.6833611237504346,0.7324699881031586,-0.04910886435272399,0.05602337047783035,0.0492099589366842,negative,-0.034917186231842146,True,0.18781169917359394,-0.00042359494405308507,-0.0019090853035614586,-0.0014854903595083735,0.0010558760373816367,negative,0.7512467966943757,-0.0016943797762123403,-0.007636341214245834,-0.005941961438033494,0.004223504149526325,negative
form(0-1) | absent(0-2-3) => prohibit,T->P,prohibit,2,0.18379898609471998,0.18311749702578972,0.0006814890689302577,0.0010129321792778645,0.014762791326365996,positive,0.0015578828416018264,True,0.7351959443788798,0.7324699881031586,0.002725956275721253,0.004051728717111014,0.014762791326365994,positive,0.006231531366407528,True,0.18357578080180031,0.18311749702578975,0.00045828377601056514,0.0011637386096099989,0.014331518675504702,positive,0.0015560442351967851,True,0.7343031232072013,0.7324699881031581,0.0018331351040431487,0.0046549544384402175,0.014331518675504683,positive,0.006224176940787363,True,0.18395922028040002,0.18311749702578978,0.0008417232546102382,0.0006690609412201842,0.01522024334389919,positive,0.0015439253096217187,True,0.7358368811216,0.7324699881031594,0.003366893018440509,0.002676243764880515,0.015220243343899176,positive,0.006175701238485987,True,0.18379898609471998,0.18311749702578972,0.0006814890689302577,0.0010129321792778645,0.014762791326365996,positive,0.0015578828416018264,True,0.7351959443788798,0.7324699881031586,0.002725956275721253,0.004051728717111014,0.014762791326365994,positive,0.006231531366407528,True,0.18379898609471998,0.18311749702578972,0.0006814890689302577,0.0010129321792778645,0.014762791326365996,positive,0.0015578828416018264,True,0.7351959443788798,0.7324699881031586,0.002725956275721253,0.004051728717111014,0.014762791326365994,positive,0.006231531366407528,True,0.18782193366208885,-0.000413360455558176,-0.0014837509868099452,-0.0010703905312517692,0.0003881681356009137,negative,0.7512877346483553,-0.001653441822232704,-0.005935003947239892,-0.004281562125007188,0.0015526725424035437,negative
form(0-1) | absent(0-2-3) => strong_suppress,T->P,strong_suppress,2,0.18385454855370503,0.18311749702578972,0.0007370515279153111,0.00026901633405254644,0.018152366650477557,positive,0.0011441705420303372,True,0.7354181942148198,0.7324699881031586,0.0029482061116612446,0.0010760653362101857,0.018152366650477557,positive,0.004576682168121571,True,0.1837668455298375,0.18311749702578975,0.000649348504047742,0.0001976471191133533,0.017951264362820123,positive,0.0011441141378558117,True,0.7350673821193499,0.7324699881031581,0.0025973940161917453,0.0007905884764545235,0.01795126436282013,positive,0.004576456551423691,True,0.18391844544903707,0.18311749702578978,0.0008009484232472941,0.0001860433308925047,0.01837034803229797,positive,0.001136505916629671,True,0.7356737817961478,0.7324699881031594,0.0032037936929883992,0.0007441733235705739,0.018370348032297965,positive,0.004546023666518462,True,0.1838551588054975,0.18311749702578972,0.0007376617797077711,0.0006174746012141408,0.016342886344911232,positive,0.0013720942147861515,True,0.7354206352219902,0.7324699881031586,0.0029506471188316397,0.00246989840485623,0.016342886344911205,positive,0.005488376859144828,True,0.18383761724470948,0.18311749702578972,0.000720120218919762,0.0007761586418326971,0.015667044826403596,positive,0.001453008250633242,True,0.735350468978838,0.7324699881031586,0.002880480875679492,0.0031046345673310105,0.015667044826403603,positive,0.005812033002533523,True,0.18798503829200078,-0.0002502558256462506,-0.0007502730116766831,-0.0005000171860304325,0.00020838341804493843,negative,0.7519401531680032,-0.0010010233025847803,-0.0030010920467067326,-0.0020000687441219522,0.0008335336721799758,negative
form(0-1) | absent(0-2-3) => weak_suppress,T->P,weak_suppress,2,0.18371182621427543,0.18311749702578972,0.0005943291884857038,5.661708603774129e-05,0.02101659449251466,positive,0.0007464638957916936,True,0.7348473048571013,0.7324699881031586,0.0023773167539427043,0.00022646834415085415,0.02101659449251465,positive,0.0029858555831669964,True,0.18368372320816456,0.18311749702578975,0.0005662261823748127,0.0001797856690964328,0.02094135812386136,positive,0.0007467232934003643,True,0.734734892832658,0.7324699881031581,0.002264904729499917,0.0007191426763859532,0.020941358123861352,positive,0.002986893173602234,True,0.18373230733539123,0.18311749702578978,0.000614810309601449,3.288346770075057e-05,0.02109966179503575,positive,0.0007431745487530839,True,0.7349292293415652,0.7324699881031594,0.002459241238405796,0.00013153387080344636,0.021099661795035782,positive,0.0029726981950122244,True,0.18382422591384745,0.18311749702578972,0.0007067288880577283,0.0001230416260652456,0.01915919800728257,positive,0.0010097887951541484,True,0.7352969036553897,0.7324699881031586,0.002826915552231135,0.0004921665042614265,0.01915919800728258,positive,0.004039155180617149,True,0.18385454855370503,0.18311749702578972,0.0007370515279153111,0.00026901633405254644,0.018152366650477557,positive,0.0011441705420303372,True,0.7354181942148198,0.7324699881031586,0.0029482061116612446,0.0010760653362101857,0.018152366650477557,positive,0.004576682168121571,True,0.1881028092172792,-0.00013248490036782412,-0.00032014938396521253,-0.0001876644835973884,9.163618680727015e-05,negative,0.7524112368691167,-0.0005299396014712965,-0.0012805975358609611,-0.0007506579343896647,0.00036654474722941366,negative
form(0-1) | absent(0-2-3) => weak_favour,T->P,weak_favour,2,0.18153428668670676,0.18311749702578972,-0.0015832103390829577,0.0012688700107385265,0.03182127771442729,negative,-0.0013103754094151432,True,0.7261371467468272,0.7324699881031586,-0.006332841356331387,0.00507548004295455,0.031821277714427276,negative,-0.005241501637660129,True,0.18151197920458845,0.18311749702578975,-0.0016055178212013022,0.0017516648314960526,0.031687414624086224,negative,-0.0013073434047403965,True,0.726047916818354,0.7324699881031581,-0.006422071284804098,0.007006659325984654,0.031687414624086266,negative,-0.005229373618960476,True,0.18154601761506178,0.18311749702578978,-0.001571479410727994,0.0008910633768029752,0.03197979662454257,negative,-0.0013204029646991244,True,0.7261840704602475,0.7324699881031594,-0.006285917642911976,0.003564253507212678,0.03197979662454257,negative,-0.005281611858796609,True,0.17997032634851798,0.18311749702578972,-0.0031471706772717434,0.002899920964460345,0.03587105040689426,negative,-0.002414142193083002,True,0.7198813053940719,0.7324699881031586,-0.01258868270908664,0.011599683857842047,0.03587105040689424,negative,-0.009656568772331342,True,0.17858302895166897,0.18311749702578972,-0.004534468074120751,0.004471679706314846,0.03871597759363041,negative,-0.003352397200209134,True,0.714332115806676,0.7324699881031586,-0.01813787229648256,0.017886718825258385,0.03871597759363042,negative,-0.013409588800835759,True,0.18823955696059355,4.2628429465230155e-06,-0.00033675375098810023,-0.00034101659393462325,0.00016811973335900676,positive,0.752958227842374,1.705137178598104e-05,-0.001347015003952512,-0.001364066375738493,0.0006724789334362491,positive
form(0-1) | absent(0-2-3) => strong_favour,T->P,strong_favour,2,0.17858302895166897,0.18311749702578972,-0.004534468074120751,0.004471679706314846,0.03871597759363041,negative,-0.003352397200209134,True,0.714332115806676,0.7324699881031586,-0.01813787229648256,0.017886718825258385,0.03871597759363042,negative,-0.013409588800835759,True,0.1785603289488667,0.18311749702578975,-0.004557168076923052,0.005800917214958845,0.03814012793791568,negative,-0.0033270512613711167,True,0.7142413157954667,0.7324699881031581,-0.01822867230769143,0.023203668859835047,0.03814012793791569,negative,-0.013308205045483357,True,0.1785495643081823,0.18311749702578978,-0.00456793271760747,0.003255535427751033,0.03942880592593889,negative,-0.003416466935476925,True,0.7141982572327296,0.7324699881031594,-0.01827173087042988,0.013022141711004465,0.03942880592593893,negative,-0.013665867741907922,True,0.17397811915659686,0.18311749702578972,-0.00913937786919286,0.010056311346074126,0.04567947586790639,negative,-0.006479731062939975,True,0.695912476626387,0.7324699881031586,-0.036557511476771554,0.04022524538429706,0.045679475867906355,negative,-0.02591892425175968,True,0.1708402809376087,0.18311749702578972,-0.012277216088181025,0.014005842619457504,0.04920995893668428,negative,-0.00872929655796062,True,0.6833611237504351,0.7324699881031586,-0.049108864352723436,0.05602337047783035,0.0492099589366843,negative,-0.034917186231841923,True,0.18781169917359392,-0.0004235949440531128,-0.0019090853035614863,-0.0014854903595083735,0.0010558760373817477,negative,0.7512467966943756,-0.0016943797762124513,-0.007636341214245723,-0.005941961438033272,0.004223504149526547,negative
form(0-1) | present(0-2-3) => prohibit,T->P,prohibit,2,0.18379898609471998,0.18311749702578972,0.0006814890689302577,0.0010129321792781976,0.01476279132636602,positive,0.0015578828416018264,True,0.7351959443788799,0.7324699881031586,0.002725956275721364,0.004051728717111569,0.014762791326366027,positive,0.006231531366407417,True,0.18357578080180023,0.18311749702578975,0.00045828377601048187,0.0011637386096103597,0.014331518675504688,positive,0.0015560442351969517,True,0.7343031232072013,0.7324699881031581,0.0018331351040431487,0.0046549544384401065,0.014331518675504699,positive,0.006224176940787252,True,0.18395922028040004,0.18311749702578978,0.000841723254610266,0.0006690609412202397,0.015220243343899164,positive,0.0015439253096216632,True,0.7358368811215998,0.7324699881031594,0.003366893018440398,0.00267624376488107,0.015220243343899154,positive,0.006175701238486098,True,0.18379898609471998,0.18311749702578972,0.0006814890689302577,0.0010129321792781976,0.01476279132636602,positive,0.0015578828416018264,True,0.7351959443788799,0.7324699881031586,0.002725956275721364,0.004051728717111569,0.014762791326366027,positive,0.006231531366407417,True,0.18379898609471998,0.18311749702578972,0.0006814890689302577,0.0010129321792781976,0.01476279132636602,positive,0.0015578828416018264,True,0.7351959443788799,0.7324699881031586,0.002725956275721364,0.004051728717111569,0.014762791326366027,positive,0.006231531366407417,True,0.18782193366208885,-0.000413360455558176,-0.0014837509868099452,-0.0010703905312517692,0.00038816813560085817,negative,0.7512877346483553,-0.001653441822232704,-0.00593500394723967,-0.004281562125006966,0.0015526725424035437,negative
form(0-1) | present(0-2-3) => strong_suppress,T->P,strong_suppress,2,0.18385454855370503,0.18311749702578972,0.0007370515279153111,0.0002690163340525742,0.01815236665047755,positive,0.0011441705420303094,True,0.7354181942148199,0.7324699881031586,0.0029482061116613556,0.0010760653362096306,0.018152366650477564,positive,0.004576682168121571,True,0.1837668455298375,0.18311749702578975,0.000649348504047742,0.0001976471191138529,0.01795126436282015,positive,0.0011441141378559505,True,0.73506738211935,0.7324699881031581,0.0025973940161918563,0.0007905884764548565,0.017951264362820137,positive,0.004576456551423691,True,0.18391844544903696,0.18311749702578978,0.0008009484232471831,0.00018604333089247693,0.01837034803229798,positive,0.0011365059166296154,True,0.7356737817961477,0.7324699881031594,0.003203793692988288,0.000744173323571129,0.018370348032297975,positive,0.004546023666518462,True,0.18385515880549758,0.18311749702578972,0.0007376617797078544,0.0006174746012141408,0.016342886344911253,positive,0.0013720942147861792,True,0.7354206352219904,0.7324699881031586,0.0029506471188318617,0.002469898404856563,0.016342886344911236,positive,0.005488376859144939,True,0.18383761724470946,0.18311749702578972,0.0007201202189197342,0.0007761586418327249,0.015667044826403607,positive,0.001453008250633242,True,0.7353504689788379,0.7324699881031586,0.002880480875679381,0.0031046345673313436,0.0156670448264036,positive,0.005812033002533634,True,0.18798503829200075,-0.00025025582564627835,-0.0007502730116767109,-0.0005000171860304325,0.00020838341804493843,negative,0.7519401531680032,-0.0010010233025847803,-0.0030010920467067326,-0.0020000687441219522,0.0008335336721801978,negative
form(0-1) | present(0-2-3) => weak_suppress,T->P,weak_suppress,2,0.18371182621427537,0.18311749702578972,0.0005943291884856483,5.661708603757476e-05,0.02101659449251466,positive,0.0007464638957916381,True,0.7348473048571013,0.7324699881031586,0.0023773167539427043,0.00022646834415085415,0.021016594492514626,positive,0.0029858555831669964,True,0.1836837232081646,0.18311749702578975,0.0005662261823748405,0.00017978566909690463,0.020941358123861394,positive,0.0007467232934005308,True,0.7347348928326579,0.7324699881031581,0.002264904729499806,0.0007191426763859532,0.020941358123861383,positive,0.002986893173602123,True,0.18373230733539128,0.18311749702578978,0.0006148103096015045,3.288346770075057e-05,0.021099661795035758,positive,0.0007431745487531116,True,0.734929229341565,0.7324699881031594,0.002459241238405574,0.0001315338708046676,0.021099661795035765,positive,0.0029726981950121134,True,0.18382422591384742,0.18311749702578972,0.0007067288880577005,0.0001230416260652456,0.019159198007282583,positive,0.0010097887951541762,True,0.7352969036553897,0.7324699881031586,0.002826915552231135,0.0004921665042613155,0.01915919800728258,positive,0.004039155180617038,True,0.18385454855370503,0.18311749702578972,0.0007370515279153111,0.0002690163340525742,0.01815236665047755,positive,0.0011441705420303094,True,0.7354181942148199,0.7324699881031586,0.0029482061116613556,0.0010760653362096306,0.018152366650477564,positive,0.004576682168121571,True,0.18810280921727915,-0.00013248490036787963,-0.00032014938396526804,-0.0001876644835973884,9.163618680738117e-05,negative,0.7524112368691167,-0.0005299396014712965,-0.0012805975358609611,-0.0007506579343896647,0.0003665447472291916,negative
form(0-1) | present(0-2-3) => weak_favour,T->P,weak_favour,2,0.1815342866867067,0.18311749702578972,-0.0015832103390830132,0.0012688700107385542,0.031821277714427276,negative,-0.0013103754094151432,True,0.7261371467468272,0.7324699881031586,-0.006332841356331387,0.005075480042954328,0.03182127771442726,negative,-0.005241501637660129,True,0.18151197920458848,0.18311749702578975,-0.0016055178212012744,0.001751664831495997,0.031687414624086196,negative,-0.0013073434047405075,True,0.7260479168183539,0.7324699881031581,-0.006422071284804209,0.007006659325983988,0.031687414624086224,negative,-0.005229373618960365,True,0.18154601761506176,0.18311749702578978,-0.0015714794107280217,0.0008910633768029197,0.03197979662454255,negative,-0.001320402964699069,True,0.7261840704602474,0.7324699881031594,-0.006285917642912087,0.003564253507212789,0.03197979662454256,negative,-0.005281611858796387,True,0.17997032634851787,0.18311749702578972,-0.0031471706772718544,0.0028999209644604285,0.035871050406894214,negative,-0.0024141421930829743,True,0.7198813053940718,0.7324699881031586,-0.012588682709086751,0.011599683857841936,0.03587105040689424,negative,-0.009656568772331564,True,0.17858302895166897,0.18311749702578972,-0.004534468074120751,0.004471679706314818,0.03871597759363042,negative,-0.0033523972002090785,True,0.7143321158066759,0.7324699881031586,-0.01813787229648267,0.017886718825258385,0.03871597759363042,negative,-0.013409588800835759,True,0.18823955696059355,4.2628429465230155e-06,-0.00033675375098815574,-0.00034101659393467876,0.00016811973335903452,positive,0.7529582278423741,1.7051371786092062e-05,-0.001347015003952512,-0.001364066375738604,0.0006724789334361381,positive
form(0-1) | present(0-2-3) => strong_favour,T->P,strong_favour,2,0.17858302895166897,0.18311749702578972,-0.004534468074120751,0.004471679706314818,0.03871597759363042,negative,-0.0033523972002090785,True,0.7143321158066759,0.7324699881031586,-0.01813787229648267,0.017886718825258385,0.03871597759363042,negative,-0.013409588800835759,True,0.17856032894886661,0.18311749702578975,-0.004557168076923135,0.005800917214958928,0.03814012793791569,negative,-0.0033270512613713665,True,0.7142413157954669,0.7324699881031581,-0.018228672307691207,0.023203668859836935,0.0381401279379157,negative,-0.01330820504548269,True,0.1785495643081824,0.18311749702578978,-0.004567932717607387,0.003255535427751033,0.03942880592593892,negative,-0.003416466935476925,True,0.7141982572327297,0.7324699881031594,-0.01827173087042977,0.013022141711004243,0.039428805925938934,negative,-0.013665867741907922,True,0.17397811915659675,0.18311749702578972,-0.009139377869192972,0.010056311346074487,0.0456794758679064,negative,-0.006479731062939975,True,0.695912476626387,0.7324699881031586,-0.036557511476771554,0.04022524538429684,0.04567947586790634,negative,-0.02591892425175968,True,0.17084028093760864,0.18311749702578972,-0.012277216088181081,0.014005842619458003,0.04920995893668422,negative,-0.00872929655796062,True,0.6833611237504348,0.7324699881031586,-0.04910886435272377,0.056023370477829904,0.049209958936684256,negative,-0.034917186231842035,True,0.1878116991735939,-0.0004235949440531406,-0.0019090853035614863,-0.0014854903595083457,0.0010558760373816922,negative,0.7512467966943757,-0.0016943797762123403,-0.007636341214245723,-0.005941961438033383,0.004223504149526436,negative
dissolve(0-1) => prohibit,P->P,prohibit,1,0.15319137442856956,0.18311749702578972,-0.02992612259722016,5.551115123125783e-17,0.08738005930475509,negative,-0.008843025065999849,False,0.6127654977142782,0.7324699881031586,-0.11970449038888031,8.881784197001252e-16,0.08738005930475529,negative,-0.03537210026399895,False,0.15319137442856973,0.18311749702578975,-0.029926122597220023,8.326672684688674e-17,0.08738005930475541,negative,-0.008843025065999988,False,0.6127654977142788,0.7324699881031581,-0.11970449038887931,7.771561172376096e-16,0.08738005930475537,negative,-0.035372100263998285,False,0.1531913744285697,0.18311749702578978,-0.02992612259722008,5.551115123125783e-17,0.08738005930475526,negative,-0.008843025065999793,False,0.6127654977142782,0.7324699881031594,-0.1197044903888812,4.440892098500626e-16,0.0873800593047551,negative,-0.035372100263999506,False,0.15319137442856956,0.18311749702578972,-0.02992612259722016,5.551115123125783e-17,0.08738005930475509,negative,-0.008843025065999849,False,0.6127654977142782,0.7324699881031586,-0.11970449038888031,8.881784197001252e-16,0.08738005930475529,negative,-0.03537210026399895,False,0.15319137442856956,0.18311749702578972,-0.02992612259722016,5.551115123125783e-17,0.08738005930475509,negative,-0.008843025065999849,False,0.6127654977142782,0.7324699881031586,-0.11970449038888031,8.881784197001252e-16,0.08738005930475529,negative,-0.03537210026399895,False,0.18765207631874303,-0.0005832177989039955,-0.01756862745098034,-0.016985409652076344,8.326672684688674e-17,negative,0.7506083052749721,-0.002332871195615871,-0.07027450980392103,-0.06794163860830515,5.551115123125783e-16,negative
dissolve(0-1) => strong_suppress,P->P,strong_suppress,1,0.17209804684263538,0.18311749702578972,-0.011019450183154339,1.3877787807814457e-16,0.05340320917639702,negative,-0.00479915517402324,False,0.6883921873705414,0.7324699881031586,-0.044077800732617134,1.2212453270876722e-15,0.053403209176396974,negative,-0.019196620696092737,False,0.17209804684263533,0.18311749702578975,-0.011019450183154422,1.4432899320127035e-15,0.05340320917639701,negative,-0.0047991551740234895,False,0.6883921873705412,0.7324699881031581,-0.04407780073261691,3.1086244689504383e-15,0.05340320917639712,negative,-0.019196620696092404,False,0.17209804684263538,0.18311749702578978,-0.011019450183154395,1.1102230246251565e-16,0.053403209176397036,negative,-0.004799155174023295,False,0.6883921873705415,0.7324699881031594,-0.04407780073261791,5.551115123125783e-16,0.053403209176397,negative,-0.019196620696093514,False,0.16426343997635123,0.18311749702578972,-0.01885405704943849,3.0531133177191805e-16,0.0681242575162248,negative,-0.0067757562706596,False,0.6570537599054052,0.7324699881031586,-0.0754162281977534,1.4432899320127035e-15,0.06812425751622478,negative,-0.027103025082637844,False,0.16016661642022278,0.18311749702578972,-0.022950880605566937,3.608224830031759e-16,0.07539941390283283,negative,-0.007618393603822826,False,0.6406664656808915,0.7324699881031586,-0.09180352242226708,1.4432899320127035e-15,0.07539941390283283,negative,-0.030473574415291083,False,0.1880279542689866,-0.00020733984866042054,-0.0054568032346178075,-0.005249463385957387,8.326672684688674e-17,negative,0.7521118170759463,-0.0008293593946416822,-0.02182721293847112,-0.020997853543829437,4.440892098500626e-16,negative
dissolve(0-1) => weak_suppress,P->P,weak_suppress,1,0.17896813517532403,0.18311749702578972,-0.004149361850465688,1.3877787807814457e-16,0.03860410077348962,negative,-0.002392590463299593,False,0.7158725407012964,0.7324699881031586,-0.016597447401862198,1.3322676295501878e-15,0.03860410077348967,negative,-0.009570361853197706,False,0.17896813517532392,0.18311749702578975,-0.004149361850465827,1.582067810090848e-15,0.03860410077348976,negative,-0.0023925904632996486,False,0.7158725407012964,0.7324699881031581,-0.016597447401861753,4.551914400963142e-15,0.03860410077348965,negative,-0.009570361853197484,False,0.17896813517532398,0.18311749702578978,-0.004149361850465799,4.996003610813204e-16,0.03860410077348975,negative,-0.00239259046329951,False,0.7158725407012958,0.7324699881031594,-0.01659744740186364,1.2212453270876722e-15,0.03860410077348973,negative,-0.00957036185319815,False,0.1750944904066624,0.18311749702578972,-0.008023006619127332,1.1102230246251565e-16,0.04730036350683879,negative,-0.0038597804193337137,False,0.7003779616266497,0.7324699881031586,-0.032092026476508884,1.4432899320127035e-15,0.04730036350683877,negative,-0.015439121677334633,False,0.17209804684263538,0.18311749702578972,-0.011019450183154339,1.3877787807814457e-16,0.05340320917639702,negative,-0.00479915517402324,False,0.6883921873705414,0.7324699881031586,-0.044077800732617134,1.2212453270876722e-15,0.053403209176396974,negative,-0.019196620696092737,False,0.18821741674889733,-1.787736874969692e-05,-0.0015463917248005887,-0.0015285143560508918,1.3877787807814457e-16,negative,0.7528696669955892,-7.150947499878768e-05,-0.006185566899202133,-0.006114057424203345,4.440892098500626e-16,negative
dissolve(0-1) => weak_favour,P->P,weak_favour,1,0.18267293755355055,0.18311749702578972,-0.00044455947223917547,1.942890293094024e-16,0.017103299663756573,negative,0.0011363931678917416,False,0.7306917502142023,0.7324699881031586,-0.0017782378889562578,1.1102230246251565e-15,0.01710329966375659,negative,0.0045455726715671885,False,0.18267293755355044,0.18311749702578975,-0.00044455947223931425,4.996003610813204e-16,0.017103299663756587,negative,0.0011363931678918526,False,0.7306917502142023,0.7324699881031581,-0.0017782378889558137,3.552713678800501e-15,0.017103299663756573,negative,0.0045455726715671885,False,0.18267293755355063,0.18311749702578978,-0.0004445594722391477,1.6653345369377348e-16,0.017103299663756608,negative,0.001136393167891686,False,0.730691750214202,0.7324699881031594,-0.001778237888957479,8.881784197001252e-16,0.01710329966375659,negative,0.004545572671566744,False,0.1804070418631701,0.18311749702578972,-0.0027104551626196127,3.0531133177191805e-16,0.014246724251794686,negative,0.0008190597287723866,False,0.7216281674526805,0.7324699881031586,-0.010841820650478007,6.661338147750939e-16,0.014246724251794707,negative,0.0032762389150897686,False,0.1781845082812936,0.18311749702578972,-0.004932988744496131,2.220446049250313e-16,0.0129260924608556,negative,0.00012538348511992314,False,0.7127380331251745,0.7324699881031586,-0.01973195497798408,1.4432899320127035e-15,0.012926092460855607,negative,0.0005015339404802477,False,0.18756007064201133,-0.0006752234756357001,-0.002141739024436762,-0.0014665155488010617,1.3877787807814457e-16,negative,0.7502402825680452,-0.0027008939025428003,-0.008566956097747047,-0.005866062195204247,6.661338147750939e-16,negative
dissolve(0-1) => strong_favour,P->P,strong_favour,1,0.1781845082812936,0.18311749702578972,-0.004932988744496131,2.220446049250313e-16,0.0129260924608556,negative,0.00012538348511992314,False,0.7127380331251745,0.7324699881031586,-0.01973195497798408,1.4432899320127035e-15,0.012926092460855607,negative,0.0005015339404802477,False,0.1781845082812937,0.18311749702578975,-0.004932988744496047,4.996003610813204e-16,0.012926092460855639,negative,0.00012538348512008968,False,0.7127380331251747,0.7324699881031581,-0.019731954977983412,2.55351295663786e-15,0.012926092460855606,negative,0.0005015339404799146,False,0.17818450828129356,0.18311749702578978,-0.004932988744496214,2.498001805406602e-16,0.01292609246085563,negative,0.0001253834851198954,False,0.7127380331251743,0.7324699881031594,-0.01973195497798519,9.992007221626409e-16,0.012926092460855628,negative,0.0005015339404798036,False,0.17097347180662126,0.18311749702578972,-0.012144025219168464,1.942890293094024e-16,0.01112829290533364,negative,-0.00338572277551763,False,0.6838938872264849,0.7324699881031586,-0.048576100876673634,1.4432899320127035e-15,0.01112829290533364,negative,-0.013542891102070076,False,0.16643817891620452,0.18311749702578972,-0.0166793181095852,1.942890293094024e-16,0.010729679771186624,negative,-0.0063546179691297,False,0.6657527156648184,0.7324699881031586,-0.06671727243834014,1.3322676295501878e-15,0.010729679771186638,negative,-0.025418471876518356,False,0.1855380720236633,-0.0026972220939837366,-0.007465706343299905,-0.004768484249316168,1.6653345369377348e-16,negative,0.7421522880946532,-0.010788888375934835,-0.029862825373199398,-0.019073936997264562,3.3306690738754696e-16,negative
dissolve(0-1) | absent(0-2) => prohibit,P->P,prohibit,2,0.18251715228094617,0.18311749702578972,-0.0006003447448435506,1.942890293094024e-16,0.04261546937242633,negative,0.0025474782531792473,False,0.6912788649478558,0.7324699881031586,-0.04119112315530271,9.992007221626409e-16,0.04437356050199863,negative,-0.02319675683861544,False,0.1825171522809461,0.18311749702578975,-0.0006003447448436616,5.551115123125783e-16,0.04261546937242627,negative,0.0025474782531791917,False,0.6912788649478562,0.7324699881031581,-0.041191123155301934,2.1094237467877974e-15,0.044373560501998505,negative,-0.023196756838615218,False,0.18251715228094617,0.18311749702578978,-0.0006003447448436061,1.3877787807814457e-16,0.042615469372426294,negative,0.002547478253179275,False,0.6912788649478558,0.7324699881031594,-0.0411911231553036,5.551115123125783e-16,0.04437356050199857,negative,-0.023196756838616217,False,0.18251715228094617,0.18311749702578972,-0.0006003447448435506,1.942890293094024e-16,0.04261546937242633,negative,0.0025474782531792473,False,0.6912788649478558,0.7324699881031586,-0.04119112315530271,9.992007221626409e-16,0.04437356050199863,negative,-0.02319675683861544,False,0.18251715228094617,0.18311749702578972,-0.0006003447448435506,1.942890293094024e-16,0.04261546937242633,negative,0.0025474782531792473,False,0.6912788649478558,0.7324699881031586,-0.04119112315530271,9.992007221626409e-16,0.04437356050199863,negative,-0.02319675683861544,False,0.1942890348884742,0.006053740770827182,0.003391833438765951,-0.0026619073320612308,8.326672684688674e-17,positive,0.7418804487353867,-0.011060727735201281,-0.026775219414707285,-0.015714491679506004,7.771561172376096e-16,negative
dissolve(0-1) | absent(0-2) => strong_suppress,P->P,strong_suppress,2,0.18355315343898565,0.18311749702578972,0.0004356564131959284,1.6653345369377348e-16,0.03574081512526375,positive,0.0017656805674372555,False,0.7103907301811141,0.7324699881031586,-0.02207925792204446,1.1102230246251565e-15,0.03668214204633501,negative,-0.014636036947274889,False,0.1835531534389855,0.18311749702578975,0.00043565641319576187,3.608224830031759e-16,0.035740815125263795,positive,0.0017656805674371445,False,0.7103907301811143,0.7324699881031581,-0.022079257922043793,1.1102230246251565e-15,0.03668214204633506,negative,-0.014636036947274667,False,0.18355315343898568,0.18311749702578978,0.00043565641319590065,1.3877787807814457e-16,0.03574081512526377,positive,0.0017656805674371168,False,0.7103907301811144,0.7324699881031594,-0.022079257922045015,1.1102230246251565e-15,0.03668214204633505,negative,-0.014636036947275777,False,0.18312602046726142,0.18311749702578972,8.523441471702808e-06,2.7755575615628914e-16,0.03917519119638647,positive,0.0021844023673333324,False,0.7010942639265499,0.7324699881031586,-0.03137572417660861,2.7755575615628914e-15,0.04051369203210983,negative,-0.019053686883443444,False,0.182894956400085,0.18311749702578972,-0.00022254062570473132,2.498001805406602e-16,0.040591467323307207,negative,0.0023399810571709534,False,0.6971054160926184,0.7324699881031586,-0.03536457201054011,8.881784197001252e-16,0.04210062443642976,negative,-0.020792788843838617,False,0.19217120231012205,0.003935908192475024,0.002779981121525804,-0.0011559270709492198,1.3877787807814457e-16,positive,0.7459979267801597,-0.006943249690428255,-0.013527207802822128,-0.006583958112393873,8.881784197001252e-16,negative
dissolve(0-1) | absent(0-2) => weak_suppress,P->P,weak_suppress,2,0.1837492346624359,0.18311749702578972,0.0006317376366461736,1.1102230246251565e-16,0.03118726310739203,positive,0.0010955324910831843,False,0.7215899300776419,0.7324699881031586,-0.010880058025516615,1.887379141862766e-15,0.03165333986510155,negative,-0.008337413265309568,False,0.1837492346624358,0.18311749702578975,0.0006317376366460625,6.661338147750939e-16,0.03118726310739207,positive,0.0010955324910831843,False,0.7215899300776418,0.7324699881031581,-0.010880058025516282,3.4416913763379853e-15,0.03165333986510153,negative,-0.008337413265309346,False,0.18374923466243592,0.18311749702578978,0.0006317376366461458,2.220446049250313e-16,0.03118726310739202,positive,0.0010955324910831288,False,0.7215899300776416,0.7324699881031594,-0.010880058025517836,8.881784197001252e-16,0.03165333986510151,negative,-0.008337413265310012,False,0.1836833924062584,0.18311749702578972,0.0005658953804686673,2.498001805406602e-16,0.03402854992647113,positive,0.0015312192307698758,False,0.7147794497732289,0.7324699881031586,-0.017690538329929617,1.2212453270876722e-15,0.03478314692894987,negative,-0.012326031209477062,False,0.18355315343898565,0.18311749702578972,0.0004356564131959284,1.6653345369377348e-16,0.03574081512526375,positive,0.0017656805674372555,False,0.7103907301811141,0.7324699881031586,-0.02207925792204446,1.1102230246251565e-15,0.03668214204633501,negative,-0.014636036947274889,False,0.19055590497961108,0.0023206108619640564,0.0019098218679294565,-0.0004107889940345999,1.6653345369377348e-16,positive,0.7490230812163721,-0.003918095254215936,-0.006189448236324169,-0.0022713529821082323,4.440892098500626e-16,negative
dissolve(0-1) | absent(0-2) => weak_favour,P->P,weak_favour,2,0.18085563977719085,0.18311749702578972,-0.0022618572485988697,4.718447854656915e-16,0.020215289312119657,negative,-0.001582670228785582,False,0.7370286044724527,0.7324699881031586,0.004558616369294111,2.3314683517128287e-15,0.019942730850808273,positive,0.007960126213601648,False,0.18085563977719082,0.18311749702578975,-0.0022618572485989252,2.498001805406602e-16,0.02021528931211962,negative,-0.0015826702287855265,False,0.7370286044724531,0.7324699881031581,0.004558616369294999,1.3322676295501878e-15,0.019942730850808242,positive,0.00796012621360176,False,0.1808556397771908,0.18311749702578978,-0.0022618572485989807,3.885780586188048e-16,0.020215289312119626,negative,-0.0015826702287856098,False,0.7370286044724529,0.7324699881031594,0.0045586163692934445,9.992007221626409e-16,0.019942730850808235,positive,0.007960126213601315,False,0.17868861754266926,0.18311749702578972,-0.004428879483120457,3.608224830031759e-16,0.01768251407940552,negative,-0.002709595347988092,False,0.7350801531734393,0.7324699881031586,0.002610165070280779,8.881784197001252e-16,0.017359488450380198,positive,0.010896789396713236,False,0.1768720757850376,0.18311749702578972,-0.006245421240752114,9.71445146547012e-16,0.01623842254729895,negative,-0.003574882011963293,False,0.7317486133725802,0.7324699881031586,-0.0007213747305783169,1.6653345369377348e-15,0.015914098228594454,negative,0.011783810703606679,False,0.18541761859584624,-0.0028176755218007887,-0.0034485476221224054,-0.0006308721003216167,1.1102230246251565e-16,negative,0.756221571916471,0.0032803954458829887,0.00015197905834229974,-0.003128416387540689,3.3306690738754696e-16,positive
dissolve(0-1) | absent(0-2) => strong_favour,P->P,strong_favour,2,0.1768720757850376,0.18311749702578972,-0.006245421240752114,9.71445146547012e-16,0.01623842254729895,negative,-0.003574882011963293,False,0.7317486133725802,0.7324699881031586,-0.0007213747305783169,1.6653345369377348e-15,0.015914098228594454,negative,0.011783810703606679,False,0.17687207578503758,0.18311749702578975,-0.006245421240752169,3.3306690738754696e-16,0.016238422547298917,negative,-0.0035748820119632374,False,0.7317486133725803,0.7324699881031581,-0.0007213747305777618,2.3314683517128287e-15,0.015914098228594444,negative,0.011783810703606679,False,0.17687207578503758,0.18311749702578978,-0.006245421240752197,2.220446049250313e-16,0.016238422547298924,negative,-0.0035748820119632374,False,0.7317486133725803,0.7324699881031594,-0.0007213747305790941,2.3314683517128287e-15,0.015914098228594412,negative,0.011783810703606457,False,0.17143763180335236,0.18311749702578972,-0.011679865222437358,6.938893903907228e-16,0.013598612483809173,negative,-0.006101836868937255,False,0.7174142367615206,0.7324699881031586,-0.015055751341637946,1.5543122344752192e-15,0.013337597979599589,negative,0.009019724581585287,False,0.16813993236093855,0.18311749702578972,-0.014977564664851173,1.4155343563970746e-15,0.012649772505129032,negative,-0.007715749702012803,False,0.7069511036192139,0.7324699881031586,-0.02551888448394468,1.3322676295501878e-15,0.012441552967849575,negative,0.004263712096346461,False,0.18247963618277316,-0.00575565793487387,-0.00828034340919595,-0.0025246854743220803,1.3877787807814457e-16,negative,0.7562873554928116,0.003346179022223561,-0.008300001125273071,-0.011646180147496632,4.440892098500626e-16,positive
dissolve(0-1) | present(0-2) => prohibit,P->P,prohibit,2,0.17135765018637458,0.18311749702578972,-0.011759846839415139,2.7755575615628914e-16,0.04170147555808511,negative,-0.008808401315454878,False,0.7235100785646931,0.7324699881031586,-0.008959909538465483,7.771561172376096e-16,0.039324414164165225,negative,-0.001263208169597907,False,0.17135765018637455,0.18311749702578975,-0.011759846839415194,2.220446049250313e-16,0.04170147555808515,negative,-0.008808401315454989,False,0.7235100785646925,0.7324699881031581,-0.008959909538465594,2.6645352591003757e-15,0.039324414164165225,negative,-0.001263208169597907,False,0.17135765018637464,0.18311749702578978,-0.011759846839415139,2.7755575615628914e-16,0.04170147555808505,negative,-0.00880840131545485,False,0.7235100785646927,0.7324699881031594,-0.008959909538466704,1.887379141862766e-15,0.03932441416416514,negative,-0.001263208169598462,False,0.17135765018637458,0.18311749702578972,-0.011759846839415139,2.7755575615628914e-16,0.04170147555808511,negative,-0.008808401315454878,False,0.7235100785646931,0.7324699881031586,-0.008959909538465483,7.771561172376096e-16,0.039324414164165225,negative,-0.001263208169597907,False,0.17135765018637458,0.18311749702578972,-0.011759846839415139,2.7755575615628914e-16,0.04170147555808511,negative,-0.008808401315454878,False,0.7235100785646931,0.7324699881031586,-0.008959909538465483,7.771561172376096e-16,0.039324414164165225,negative,-0.001263208169597907,False,0.18172235840957898,-0.006512935708068046,-0.009264425603845217,-0.0027514898957771705,1.3877787807814457e-16,negative,0.7633517165938779,0.010410540123289902,0.0027136016987974187,-0.007696938424492483,4.440892098500626e-16,positive
dissolve(0-1) | present(0-2) => strong_suppress,P->P,strong_suppress,2,0.176383508931713,0.18311749702578972,-0.006733988094076715,1.1102230246251565e-16,0.03513413007168492,negative,-0.0055120364022542,False,0.7290518369177471,0.7324699881031586,-0.0034181511854114444,2.220446049250313e-15,0.03399367104092287,negative,-0.00017292633780208178,False,0.17638350893171303,0.18311749702578975,-0.006733988094076715,1.942890293094024e-16,0.03513413007168491,negative,-0.005512036402254256,False,0.7290518369177468,0.7324699881031581,-0.0034181511854113333,1.3322676295501878e-15,0.033993671040922845,negative,-0.00017292633780197075,False,0.17638350893171298,0.18311749702578978,-0.006733988094076798,2.7755575615628914e-16,0.03513413007168488,negative,-0.005512036402254228,False,0.7290518369177473,0.7324699881031594,-0.0034181511854121105,7.771561172376096e-16,0.033993671040922824,negative,-0.0001729263378026369,False,0.17389424498473427,0.18311749702578972,-0.009223252041055452,2.498001805406602e-16,0.038417170332092715,negative,-0.0072022054332664676,False,0.7264915123806674,0.7324699881031586,-0.005978475722491106,1.9984014443252818e-15,0.036702038736214346,negative,-0.0006643372758450283,False,0.17285385986071108,0.18311749702578972,-0.010263637165078637,1.942890293094024e-16,0.03977056799748899,negative,-0.007873801464822111,False,0.7253083531410228,0.7324699881031586,-0.007161634962135732,6.661338147750939e-16,0.037793029752743644,negative,-0.0009003521833120809,False,0.184194936987589,-0.004040357130058042,-0.005187533486111895,-0.0011471763560538528,1.6653345369377348e-16,negative,0.7598427352281618,0.006901558757573811,0.0036562341397572418,-0.0032453246178165696,4.440892098500626e-16,positive
dissolve(0-1) | present(0-2) => weak_suppress,P->P,weak_suppress,2,0.17956455400926857,0.18311749702578972,-0.0035529430165211484,1.942890293094024e-16,0.03080339007883381,negative,-0.003134060477711531,False,0.7315592941118347,0.7324699881031586,-0.0009106939913238188,3.3306690738754696e-16,0.030281948568252365,negative,0.00022026491186888375,False,0.17956455400926863,0.18311749702578975,-0.0035529430165211207,7.771561172376096e-16,0.030803390078833873,negative,-0.003134060477711559,False,0.731559294111835,0.7324699881031581,-0.0009106939913231527,1.6653345369377348e-15,0.03028194856825234,negative,0.00022026491186888375,False,0.17956455400926857,0.18311749702578978,-0.003552943016521204,8.326672684688674e-17,0.030803390078833832,negative,-0.003134060477711448,False,0.7315592941118351,0.7324699881031594,-0.0009106939913243739,1.2212453270876722e-15,0.030281948568252337,negative,0.00022026491186843966,False,0.17759970093423033,0.18311749702578972,-0.0055177960915593904,1.1102230246251565e-16,0.033500642636074704,negative,-0.004636276902508424,False,0.7301321038407245,0.7324699881031586,-0.0023378842624340868,1.9984014443252818e-15,0.03261264640999363,negative,1.6664858282888773e-05,False,0.176383508931713,0.18311749702578972,-0.006733988094076715,1.1102230246251565e-16,0.03513413007168492,negative,-0.0055120364022542,False,0.7290518369177471,0.7324699881031586,-0.0034181511854114444,2.220446049250313e-15,0.03399367104092287,negative,-0.00017292633780208178,False,0.1859479879640268,-0.0022873061536202166,-0.0026827984419101336,-0.000395492288289917,1.1102230246251565e-16,negative,0.7570856056958839,0.004144429225295898,0.003013435541673326,-0.001130993683622572,6.661338147750939e-16,positive
dissolve(0-1) | present(0-2) => weak_favour,P->P,weak_favour,2,0.1857168303264118,0.18311749702578972,0.002599333300622092,1.6653345369377348e-16,0.02083262155792783,positive,0.0031804572775180062,False,0.7291105190592466,0.7324699881031586,-0.0033594690439119335,1.4432899320127035e-15,0.021067763458361317,negative,-0.0016845872332953427,False,0.18571683032641192,0.18311749702578975,0.0025993333006221753,3.3306690738754696e-16,0.020832621557927828,positive,0.0031804572775180895,False,0.7291105190592464,0.7324699881031581,-0.0033594690439117114,2.6645352591003757e-15,0.021067763458361338,negative,-0.0016845872332955647,False,0.18571683032641187,0.18311749702578978,0.002599333300622092,8.326672684688674e-17,0.02083262155792783,positive,0.003180457277518034,False,0.7291105190592466,0.7324699881031594,-0.0033594690439128216,6.661338147750939e-16,0.021067763458361317,negative,-0.0016845872332958978,False,0.1863460778632823,0.18311749702578972,0.003228580837492584,7.216449660063518e-16,0.018739172454650038,positive,0.004679156817013863,False,0.7246791916905422,0.7324699881031586,-0.007790796412616374,2.55351295663786e-15,0.018986756509561255,negative,-0.003500751315107631,False,0.18637293353323955,0.18311749702578972,0.0032554365074498326,1.6653345369377348e-16,0.017610017408543108,positive,0.005491949037665422,False,0.7206420096618598,0.7324699881031586,-0.011827978441298792,1.2212453270876722e-15,0.017831421242483474,negative,-0.00508640501241342,False,0.190542206837867,0.0023069127202199613,0.0017486589405966146,-0.0005582537796233467,1.942890293094024e-16,positive,0.7475378609158134,-0.005403315554774579,-0.007078249649335122,-0.0016749340945605429,7.771561172376096e-16,negative
dissolve(0-1) | present(0-2) => strong_favour,P->P,strong_favour,2,0.18637293353323955,0.18311749702578972,0.0032554365074498326,1.6653345369377348e-16,0.017610017408543108,positive,0.005491949037665422,False,0.7206420096618598,0.7324699881031586,-0.011827978441298792,1.2212453270876722e-15,0.017831421242483474,negative,-0.00508640501241342,False,0.18637293353323947,0.18311749702578975,0.0032554365074497216,6.661338147750939e-16,0.01761001740854312,positive,0.005491949037665617,False,0.7206420096618598,0.7324699881031581,-0.011827978441298348,1.6653345369377348e-15,0.017831421242483485,negative,-0.00508640501241342,False,0.18637293353323958,0.18311749702578978,0.003255436507449805,2.220446049250313e-16,0.01761001740854316,positive,0.00549194903766545,False,0.7206420096618595,0.7324699881031594,-0.011827978441299902,1.887379141862766e-15,0.017831421242483506,negative,-0.005086405012413642,False,0.18515950754490546,0.18311749702578972,0.0020420105191157334,1.6653345369377348e-16,0.01572998151441094,positive,0.006672904468911445,False,0.7077207843938608,0.7324699881031586,-0.024749203709297785,3.4416913763379853e-15,0.015814732314751605,negative,-0.010041906751956597,False,0.18389079369707476,0.18311749702578972,0.0007732966712850342,2.7755575615628914e-16,0.015147782336115185,positive,0.006809789825972912,False,0.6995061564163241,0.7324699881031586,-0.03296383168683448,1.2212453270876722e-15,0.015134633769202209,negative,-0.013182891986582956,False,0.19219237246067095,0.003957078343023918,0.001792130466202635,-0.0021649478768212826,2.220446049250313e-16,positive,0.741514496015026,-0.011426680455562055,-0.018168468079702627,-0.006741787624140572,9.992007221626409e-16,negative
dissolve(0-1) | absent(2-3) => prohibit,P->P,prohibit,2,0.1471830039948068,0.18311749702578972,-0.03593449303098292,4.163336342344337e-16,0.04437356050199857,negative,-0.02772918657233331,False,0.7475769616320508,0.7324699881031586,0.015106973528892231,1.7763568394002505e-15,0.03593472308005173,positive,0.022629933115999146,False,0.1471830039948068,0.18311749702578975,-0.03593449303098295,1.9984014443252818e-15,0.04437356050199859,negative,-0.027729186572333614,False,0.747576961632051,0.7324699881031581,0.015106973528892897,2.1094237467877974e-15,0.03593472308005176,positive,0.022629933115999257,False,0.14718300399480702,0.18311749702578978,-0.035934493030982756,1.942890293094024e-16,0.0443735605019985,negative,-0.027729186572333364,False,0.7475769616320516,0.7324699881031594,0.01510697352889212,1.887379141862766e-15,0.03593472308005174,positive,0.022629933115998813,False,0.1471830039948068,0.18311749702578972,-0.03593449303098292,4.163336342344337e-16,0.04437356050199857,negative,-0.02772918657233331,False,0.7475769616320508,0.7324699881031586,0.015106973528892231,1.7763568394002505e-15,0.03593472308005173,positive,0.022629933115999146,False,0.1471830039948068,0.18311749702578972,-0.03593449303098292,4.163336342344337e-16,0.04437356050199857,negative,-0.02772918657233331,False,0.7475769616320508,0.7324699881031586,0.015106973528892231,1.7763568394002505e-15,0.03593472308005173,positive,0.022629933115999146,False,0.1613980752217818,-0.02683721889586524,-0.034622761093342586,-0.0077855421974773464,1.1102230246251565e-16,negative,0.7866950641611679,0.033753887690579853,0.025362324185887797,-0.008391563504692057,5.551115123125783e-16,positive
dissolve(0-1) | absent(2-3) => strong_suppress,P->P,strong_suppress,2,0.16217662088601967,0.18311749702578972,-0.020940876139770054,3.885780586188048e-16,0.03668214204633508,negative,-0.017721440120514104,False,0.745443114745235,0.7324699881031586,0.012973126642076394,8.881784197001252e-16,0.03249846684157372,positive,0.01590927638604056,False,0.16217662088601958,0.18311749702578975,-0.020940876139770165,5.551115123125783e-16,0.03668214204633509,negative,-0.017721440120514215,False,0.7454431147452346,0.7324699881031581,0.012973126642076505,8.881784197001252e-16,0.032498466841573675,positive,0.01590927638604067,False,0.1621766208860197,0.18311749702578978,-0.02094087613977008,1.6653345369377348e-16,0.03668214204633507,negative,-0.01772144012051416,False,0.7454431147452347,0.7324699881031594,0.012973126642075283,8.881784197001252e-16,0.03249846684157369,positive,0.01590927638604034,False,0.15472586729962615,0.18311749702578972,-0.028391629726163575,6.938893903907228e-16,0.04051369203210983,negative,-0.022907342381337015,False,0.7470122095017084,0.7324699881031586,0.014542221398549882,2.1094237467877974e-15,0.034335995867233016,positive,0.019535815885761698,False,0.15162794196348658,0.18311749702578972,-0.03148955506230314,1.3877787807814457e-16,0.04210062443642969,negative,-0.02493585810588178,False,0.7473587346858653,0.7324699881031586,0.01488874658270678,7.771561172376096e-16,0.03502319797488937,positive,0.020867419866564263,False,0.17126436151477495,-0.01697093260287208,-0.02001143730645305,-0.0030405047035809707,1.3877787807814457e-16,negative,0.7758049759004138,0.02286379942982575,0.019642462217857926,-0.003221337211967823,5.551115123125783e-16,positive
dissolve(0-1) | absent(2-3) => weak_suppress,P->P,weak_suppress,2,0.17184393581689544,0.18311749702578972,-0.011273561208894278,8.326672684688674e-17,0.03165333986510154,negative,-0.010224550352504858,False,0.741474902176086,0.7324699881031586,0.009004914072927472,1.1102230246251565e-15,0.029679367714802403,positive,0.009979971508551566,False,0.17184393581689528,0.18311749702578975,-0.011273561208894473,1.1934897514720433e-15,0.03165333986510159,negative,-0.01022455035250494,False,0.7414749021760867,0.7324699881031581,0.009004914072928583,2.6645352591003757e-15,0.02967936771480243,positive,0.009979971508551788,False,0.17184393581689553,0.18311749702578978,-0.01127356120889425,4.163336342344337e-16,0.031653339865101535,negative,-0.010224550352504885,False,0.7414749021760867,0.7324699881031594,0.00900491407292725,1.1102230246251565e-15,0.029679367714802434,positive,0.009979971508551344,False,0.16584680851761663,0.18311749702578972,-0.017270688508173093,3.0531133177191805e-16,0.03478314692894983,negative,-0.014987934239359346,False,0.7442303975810374,0.7324699881031586,0.01176040947787882,7.771561172376096e-16,0.03149036000904262,positive,0.01385189557279043,False,0.16217662088601967,0.18311749702578972,-0.020940876139770054,3.885780586188048e-16,0.03668214204633508,negative,-0.017721440120514104,False,0.745443114745235,0.7324699881031586,0.012973126642076394,8.881784197001252e-16,0.03249846684157372,positive,0.01590927638604056,False,0.17851904657035603,-0.009716247547291001,-0.010703958475480058,-0.0009877109281890561,1.3877787807814457e-16,negative,0.7668783410897122,0.013937164619124198,0.012880271397583187,-0.001056893221541011,5.551115123125783e-16,positive
dissolve(0-1) | absent(2-3) => weak_favour,P->P,weak_favour,2,0.19257661265046877,0.18311749702578972,0.009459115624679049,2.498001805406602e-16,0.019942730850808242,positive,0.01060013538121421,False,0.7164114123023204,0.7324699881031586,-0.016058575800838137,8.881784197001252e-16,0.020975583967356666,negative,-0.014762686990118179,False,0.19257661265046883,0.18311749702578975,0.009459115624679076,4.718447854656915e-16,0.0199427308508082,positive,0.010600135381214293,False,0.7164114123023202,0.7324699881031581,-0.016058575800837915,1.9984014443252818e-15,0.02097558396735666,negative,-0.014762686990118512,False,0.19257661265046874,0.18311749702578978,0.009459115624678965,1.6653345369377348e-16,0.019942730850808263,positive,0.010600135381214099,False,0.7164114123023203,0.7324699881031594,-0.016058575800839137,1.1102230246251565e-15,0.020975583967356645,negative,-0.014762686990118956,False,0.196025098279388,0.18311749702578972,0.012907601253598272,1.6653345369377348e-16,0.017359488450380225,positive,0.015434598976556996,False,0.7040240004976994,0.7324699881031586,-0.028445987605459133,1.887379141862766e-15,0.01855219846524286,negative,-0.025202287248434208,False,0.1974175705088971,0.18311749702578972,0.014300073483107384,3.608224830031759e-16,0.015914098228594412,positive,0.01783190087290984,False,0.6944301637766909,0.7324699881031586,-0.038039824326467686,9.992007221626409e-16,0.017093459387519903,negative,-0.0330057515141986,False,0.1980725615483953,0.009837267430748281,0.008771565940511317,-0.0010657014902369644,1.1102230246251565e-16,positive,0.7340858560612364,-0.01885532040935156,-0.020213907482349858,-0.0013585870729982963,5.551115123125783e-16,negative
dissolve(0-1) | absent(2-3) => strong_favour,P->P,strong_favour,2,0.1974175705088971,0.18311749702578972,0.014300073483107384,3.608224830031759e-16,0.015914098228594412,positive,0.01783190087290984,False,0.6944301637766909,0.7324699881031586,-0.038039824326467686,9.992007221626409e-16,0.017093459387519903,negative,-0.0330057515141986,False,0.19741757050889716,0.18311749702578975,0.014300073483107412,2.498001805406602e-16,0.015914098228594416,positive,0.017831900872909895,False,0.6944301637766912,0.7324699881031581,-0.03803982432646691,1.6653345369377348e-15,0.01709345938751989,negative,-0.0330057515141986,False,0.19741757050889722,0.18311749702578978,0.01430007348310744,5.551115123125783e-17,0.015914098228594416,positive,0.01783190087290984,False,0.6944301637766911,0.7324699881031594,-0.03803982432646835,2.4424906541753444e-15,0.01709345938751991,negative,-0.033005751514199044,False,0.1977281015768449,0.18311749702578972,0.014610604551055173,1.942890293094024e-16,0.013337597979599592,positive,0.019906838803558258,False,0.667629012679402,0.7324699881031586,-0.06484097542375655,1.2212453270876722e-15,0.014258825641515784,negative,-0.05408093301510242,False,0.1963433190873923,0.18311749702578972,0.013225822061602582,2.220446049250313e-16,0.012441552967849549,positive,0.018615263040455993,False,0.6520388821769642,0.7324699881031586,-0.0804311059261944,5.551115123125783e-16,0.013167651867080556,negative,-0.06604579145576484,False,0.20452296684875587,0.016287672731108843,0.013010979151824364,-0.0032766935792844787,1.1102230246251565e-16,positive,0.7126166243481473,-0.04032455212244068,-0.045530034068809955,-0.0052054819463692725,7.771561172376096e-16,negative
dissolve(0-1) | present(2-3) => prohibit,P->P,prohibit,2,0.2037859480043107,0.18311749702578972,0.02066845097852099,1.6653345369377348e-16,0.03932441416416525,positive,0.020668450978520853,False,0.6669358298322895,0.7324699881031586,-0.06553415827086906,1.7763568394002505e-15,0.047536080797706576,negative,-0.053207784454800566,False,0.2037859480043107,0.18311749702578975,0.020668450978520964,3.885780586188048e-16,0.03932441416416526,positive,0.020668450978520936,False,0.6669358298322894,0.7324699881031581,-0.06553415827086873,3.6637359812630166e-15,0.04753608079770666,negative,-0.05320778445480023,False,0.20378594800431055,0.18311749702578978,0.02066845097852077,1.942890293094024e-16,0.039324414164165176,positive,0.020668450978520825,False,0.66693582983229,0.7324699881031594,-0.06553415827086939,2.7755575615628914e-15,0.047536080797706534,negative,-0.05320778445480134,False,0.2037859480043107,0.18311749702578972,0.02066845097852099,1.6653345369377348e-16,0.03932441416416525,positive,0.020668450978520853,False,0.6669358298322895,0.7324699881031586,-0.06553415827086906,1.7763568394002505e-15,0.047536080797706576,negative,-0.053207784454800566,False,0.2037859480043107,0.18311749702578972,0.02066845097852099,1.6653345369377348e-16,0.03932441416416525,positive,0.020668450978520853,False,0.6669358298322895,0.7324699881031586,-0.06553415827086906,1.7763568394002505e-15,0.047536080797706576,negative,-0.053207784454800566,False,0.21439245623373884,0.026157162116091814,0.026157162116091814,0.0,1.1102230246251565e-16,positive,0.7117206931127071,-0.041220483357880866,-0.05129313788744261,-0.010072654529561742,4.440892098500626e-16,negative
dissolve(0-1) | present(2-3) => strong_suppress,P->P,strong_suppress,2,0.19663887936667584,0.18311749702578972,0.013521382340886123,1.3877787807814457e-16,0.03399367104092287,positive,0.01352138234088604,False,0.6940195742353263,0.7324699881031586,-0.03845041386783221,6.661338147750939e-16,0.03815299221193737,negative,-0.03341534772131327,False,0.19663887936667576,0.18311749702578975,0.013521382340886012,1.942890293094024e-16,0.03399367104092281,positive,0.013521382340886012,False,0.6940195742353263,0.7324699881031581,-0.03845041386783177,2.4424906541753444e-15,0.03815299221193731,negative,-0.03341534772131316,False,0.19663887936667584,0.18311749702578978,0.013521382340886068,1.1102230246251565e-16,0.03399367104092285,positive,0.013521382340886068,False,0.6940195742353263,0.7324699881031594,-0.0384504138678331,1.4432899320127035e-15,0.038152992211937284,negative,-0.03341534772131394,False,0.20036813942971374,0.18311749702578972,0.017250642403924016,1.6653345369377348e-16,0.03670203873621434,positive,0.017250642403923988,False,0.6804955678744996,0.7324699881031586,-0.051974420228658946,2.1094237467877974e-15,0.04278590175555655,negative,-0.04357536821318564,False,0.20181103504110828,0.18311749702578972,0.01869353801531856,1.6653345369377348e-16,0.037793029752743575,positive,0.01869353801531856,False,0.6749090352194445,0.7324699881031586,-0.0575609528837141,7.771561172376096e-16,0.04473062293922728,negative,-0.047605262642628654,False,0.2048405626212087,0.01660526850356167,0.016605268503561726,5.551115123125783e-17,1.6653345369377348e-16,positive,0.7271103013736102,-0.02583087509697779,-0.029974484866322038,-0.0041436097693442475,6.661338147750939e-16,negative
dissolve(0-1) | present(2-3) => weak_suppress,P->P,weak_suppress,2,0.19110837419100535,0.18311749702578972,0.007990877165215626,1.6653345369377348e-16,0.030281948568252337,positive,0.007990877165215599,False,0.7117139452630544,0.7324699881031586,-0.020756042840104127,1.9984014443252818e-15,0.03225983016011317,negative,-0.019062518629995195,False,0.1911083741910053,0.18311749702578975,0.007990877165215543,3.608224830031759e-16,0.030281948568252354,positive,0.007990877165215599,False,0.7117139452630546,0.7324699881031581,-0.02075604284010346,1.7763568394002505e-15,0.03225983016011311,negative,-0.019062518629994973,False,0.19110837419100543,0.18311749702578978,0.007990877165215654,1.6653345369377348e-16,0.0302819485682524,positive,0.007990877165215654,False,0.7117139452630543,0.7324699881031594,-0.020756042840105127,6.661338147750939e-16,0.03225983016011317,negative,-0.01906251862999575,False,0.19464463769129334,0.18311749702578972,0.011527140665503616,1.6653345369377348e-16,0.032612646409993576,positive,0.01152714066550356,False,0.700720695688656,0.7324699881031586,-0.03174929241450253,1.3322676295501878e-15,0.035898232446493525,negative,-0.02813852721125021,False,0.19663887936667584,0.18311749702578972,0.013521382340886123,1.3877787807814457e-16,0.03399367104092287,positive,0.01352138234088604,False,0.6940195742353263,0.7324699881031586,-0.03845041386783221,6.661338147750939e-16,0.03815299221193737,negative,-0.03341534772131327,False,0.19784394041240422,0.00960864629475719,0.00960864629475719,0.0,1.3877787807814457e-16,positive,0.7382011462905097,-0.0147400301800783,-0.016143053555427334,-0.0014030233753490329,4.440892098500626e-16,negative
dissolve(0-1) | present(2-3) => weak_favour,P->P,weak_favour,2,0.1735949109893949,0.18311749702578972,-0.009522586036394831,1.6653345369377348e-16,0.021067763458361335,negative,-0.009522586036394859,False,0.7499300154741857,0.7324699881031586,0.017460027371027143,6.661338147750939e-16,0.02007076180052332,positive,0.01953532122789281,False,0.17359491098939492,0.18311749702578975,-0.009522586036394831,2.220446049250313e-16,0.021067763458361338,negative,-0.009522586036394803,False,0.7499300154741859,0.7324699881031581,0.01746002737102781,2.886579864025407e-15,0.020070761800523383,positive,0.01953532122789281,False,0.17359491098939497,0.18311749702578978,-0.009522586036394803,1.1102230246251565e-16,0.021067763458361338,negative,-0.009522586036394776,False,0.7499300154741857,0.7324699881031594,0.017460027371026254,9.992007221626409e-16,0.020070761800523352,positive,0.019535321227892588,False,0.16807857607569582,0.18311749702578972,-0.015038920950093904,8.326672684688674e-17,0.018986756509561234,negative,-0.015038920950093959,False,0.756353592340631,0.7324699881031586,0.02388360423747249,2.220446049250313e-15,0.017903576269324713,positive,0.02871383053227816,False,0.16445410155611323,0.18311749702578972,-0.01866339546967649,1.1102230246251565e-16,0.017831421242483464,negative,-0.018663395469676547,False,0.7590189302589843,0.7324699881031586,0.026548942155825705,1.887379141862766e-15,0.016843619521826565,positive,0.03356322277359702,False,0.17740146596171083,-0.010833828155936198,-0.010833828155936226,-2.7755575615628914e-17,1.3877787807814457e-16,negative,0.7681297295894617,0.015188553118873682,0.013433156484003006,-0.0017553966348706762,8.881784197001252e-16,positive
dissolve(0-1) | present(2-3) => strong_favour,P->P,strong_favour,2,0.16445410155611323,0.18311749702578972,-0.01866339546967649,1.1102230246251565e-16,0.017831421242483464,negative,-0.018663395469676547,False,0.7590189302589843,0.7324699881031586,0.026548942155825705,1.887379141862766e-15,0.016843619521826565,positive,0.03356322277359702,False,0.1644541015561131,0.18311749702578975,-0.018663395469676658,1.942890293094024e-16,0.017831421242483467,negative,-0.018663395469676547,False,0.759018930258984,0.7324699881031581,0.026548942155825928,3.4416913763379853e-15,0.016843619521826544,positive,0.03356322277359669,False,0.1644541015561133,0.18311749702578978,-0.018663395469676464,1.1102230246251565e-16,0.017831421242483478,negative,-0.01866339546967652,False,0.7590189302589846,0.7324699881031594,0.02654894215582515,1.1102230246251565e-15,0.01684361952182658,positive,0.03356322277359647,False,0.15623770165929687,0.18311749702578972,-0.026879795366492848,8.326672684688674e-17,0.015814732314751598,negative,-0.026879795366492876,False,0.7600753053695521,0.7324699881031586,0.027605317266393592,2.886579864025407e-15,0.015420755621275985,positive,0.039414917044440445,False,0.15232028125298724,0.18311749702578972,-0.030797215772802478,1.942890293094024e-16,0.015134633769202203,negative,-0.030797215772802394,False,0.7578862774538884,0.7324699881031586,0.025416289350729815,2.55351295663786e-15,0.01519684893947329,positive,0.03849934207069017,False,0.16748353035517652,-0.02075176376247051,-0.020751763762470538,-2.7755575615628914e-17,1.6653345369377348e-16,negative,0.7789540967313371,0.026012920260749084,0.020059732860995605,-0.005953187399753479,3.3306690738754696e-16,positive
dissolve(0-1) | absent(0-1-2) => prohibit,T->P,prohibit,2,0.17685934163499595,0.18311749702578972,-0.006258155390793774,0.008995800253034092,0.04211209509538105,negative,-0.003094193977446008,True,0.7074373665399839,0.7324699881031586,-0.02503262156317465,0.03598320101213659,0.04211209509538104,negative,-0.0123767759097837,True,0.1756741821358804,0.18311749702578975,-0.007443314889909347,0.013595461692630456,0.043793396786297734,negative,-0.003441149210169525,True,0.7026967285435218,0.7324699881031581,-0.029773259559636278,0.054381846770521824,0.04379339678629767,negative,-0.013764596840677434,True,0.1777891062794342,0.18311749702578978,-0.005328390746355577,0.005639715204852458,0.04071306929606419,negative,-0.0028132151655131388,True,0.7111564251177368,0.7324699881031594,-0.02131356298542264,0.02255886081940961,0.040713069296064164,negative,-0.011252860662052666,True,0.17685934163499595,0.18311749702578972,-0.006258155390793774,0.008995800253034092,0.04211209509538105,negative,-0.003094193977446008,True,0.7074373665399839,0.7324699881031586,-0.02503262156317465,0.03598320101213659,0.04211209509538104,negative,-0.0123767759097837,True,0.17685934163499595,0.18311749702578972,-0.006258155390793774,0.008995800253034092,0.04211209509538105,negative,-0.003094193977446008,True,0.7074373665399839,0.7324699881031586,-0.02503262156317465,0.03598320101213659,0.04211209509538104,negative,-0.0123767759097837,True,0.18808717457278007,-0.00014811954486695922,-0.002953611143358459,-0.0028054915984914996,0.00044178903709291006,negative,0.7523486982911202,-0.0005924781794678369,-0.011814444573433724,-0.011221966393965888,0.0017671561483714182,negative
dissolve(0-1) | absent(0-1-2) => strong_suppress,T->P,strong_suppress,2,0.17992815821097355,0.18311749702578972,-0.0031893388148161728,0.0038128955864697722,0.03542716737851648,negative,-0.0018730388451148605,True,0.7197126328438942,0.7324699881031586,-0.012757355259264358,0.015251582345879866,0.03542716737851648,negative,-0.007492155380458887,True,0.17950607476724656,0.18311749702578975,-0.00361142225854319,0.005523221413843871,0.03603745341536593,negative,-0.002015831728316292,True,0.7180242990689863,0.7324699881031581,-0.01444568903417176,0.02209288565537615,0.036037453415365954,negative,-0.00806332691326439,True,0.18027557399841757,0.18311749702578978,-0.002841923027372212,0.0024913054667452805,0.03489463212731908,negative,-0.0017531770029260152,True,0.7211022959936702,0.7324699881031594,-0.011367692109489291,0.009965221866981344,0.03489463212731909,negative,-0.007012708011704283,True,0.1784511823367313,0.18311749702578972,-0.004666314689058426,0.0061689513488384085,0.03877136103115171,negative,-0.00249485902112892,True,0.713804729346925,0.7324699881031586,-0.018665258756233594,0.024675805395353745,0.03877136103115171,negative,-0.009979436084515014,True,0.17780762328446345,0.18311749702578972,-0.005309873741326271,0.0072769637177581,0.04014817878071841,negative,-0.0027446740162978545,True,0.7112304931378538,0.7324699881031586,-0.02123949496530475,0.029107854871032623,0.0401481787807184,negative,-0.010978696065190974,True,0.18819845340314162,-3.684071450540949e-05,-0.0012217334744991093,-0.0011848927599936998,0.00021628748594848535,negative,0.7527938136125665,-0.00014736285802152693,-0.004886933897996215,-0.004739571039974688,0.0008651499437937193,negative
dissolve(0-1) | absent(0-1-2) => weak_suppress,T->P,weak_suppress,2,0.18164012862863474,0.18311749702578972,-0.0014773683971549822,0.0014581220594986344,0.030994248158043195,negative,-0.0010243945966034451,True,0.726560514514539,0.7324699881031586,-0.005909473588619596,0.0058324882379942045,0.03099424815804319,negative,-0.004097578386413336,True,0.1815116387872499,0.18311749702578975,-0.0016058582385398423,0.0020864546853963384,0.03118263604384138,negative,-0.0010724227358651917,True,0.7260465551489996,0.7324699881031581,-0.006423432954158481,0.00834581874158502,0.031182636043841347,negative,-0.0042896909434603225,True,0.18174900572565952,0.18311749702578978,-0.0013684913001302534,0.0009752160647016062,0.03082451461398454,negative,-0.0009828998780355147,True,0.7269960229026379,0.7324699881031594,-0.005473965200521569,0.0039008642588062026,0.030824514613984534,negative,-0.00393159951214217,True,0.1806105075708038,0.18311749702578972,-0.002506989454985925,0.0028197891732013314,0.0337590092870108,negative,-0.0015560698438960852,True,0.7224420302832149,0.7324699881031586,-0.0100279578199437,0.011279156692805548,0.03375900928701081,negative,-0.006224279375584008,True,0.17992815821097355,0.18311749702578972,-0.0031893388148161728,0.0038128955864697722,0.03542716737851648,negative,-0.0018730388451148605,True,0.7197126328438942,0.7324699881031586,-0.012757355259264358,0.015251582345879866,0.03542716737851648,negative,-0.007492155380458887,True,0.18825123727285445,1.5943155207420734e-05,-0.0003963262097336495,-0.00041226936494107025,8.085985262021311e-05,positive,0.7530049490914177,6.377262082968294e-05,-0.001585304838934598,-0.001649077459764281,0.0003234394104806304,positive
dissolve(0-1) | absent(0-1-2) => weak_favour,T->P,weak_favour,2,0.183238953300463,0.18311749702578972,0.00012145627467327613,0.0008115381549818057,0.02053297075005906,positive,0.0007542565258187028,True,0.7329558132018522,0.7324699881031586,0.00048582509869365964,0.0032461526199263346,0.02053297075005908,positive,0.0030170261032753665,True,0.18312462361830636,0.18311749702578975,7.126592516615293e-06,0.0008910988165686806,0.020710993205608735,positive,0.0006971432907255382,True,0.7324984944732252,0.7324699881031581,2.8506370067127307e-05,0.0035643952662746115,0.020710993205608742,positive,0.0027885731629023747,True,0.1833391238162829,0.18311749702578978,0.00022162679049311795,0.0005955459517427708,0.020358887333724686,positive,0.0008080457514220984,True,0.7333564952651314,0.7324699881031594,0.0008865071619719167,0.0023821838069717494,0.020358887333724686,positive,0.0032321830056880607,True,0.18236736422129154,0.18311749702578972,-0.000750132804498177,0.002510465769273218,0.0182404579431062,negative,0.0008252106491159761,True,0.7294694568851661,0.7324699881031586,-0.003000531217992486,0.010041863077092983,0.0182404579431062,negative,0.0033008425964644594,True,0.1813507598849716,0.18311749702578972,-0.0017667371408181254,0.0041490942393205,0.016976482325273573,negative,0.0006511525191049417,True,0.7254030395398864,0.7324699881031586,-0.0070669485632721685,0.016596376957283,0.016976482325273587,negative,0.0026046100764199887,True,0.18793873561703037,-0.00029655850061666156,-0.0008897599747138274,-0.0005932014740971658,0.00026571234645439423,negative,0.7517549424681212,-0.0011862340024667573,-0.0035590398988554206,-0.0023728058963886633,0.001062849385817688,negative
dissolve(0-1) | absent(0-1-2) => strong_favour,T->P,strong_favour,2,0.1813507598849716,0.18311749702578972,-0.0017667371408181254,0.0041490942393205,0.016976482325273573,negative,0.0006511525191049417,True,0.7254030395398864,0.7324699881031586,-0.0070669485632721685,0.016596376957283,0.016976482325273587,negative,0.0026046100764199887,True,0.18103725678820928,0.18311749702578975,-0.0020802402375804663,0.004830946809223746,0.017512947191271555,negative,0.00046375621212754736,True,0.724149027152837,0.7324699881031581,-0.008320960950321088,0.019323787236895318,0.017512947191271562,negative,0.0018550248485099674,True,0.18160687600092673,0.18311749702578978,-0.0015106210248630458,0.003081780274644813,0.016436546046483872,negative,0.0008312395730098732,True,0.7264275040037067,0.7324699881031594,-0.0060424840994527385,0.012327121098579696,0.016436546046483883,negative,0.0033249582920393816,True,0.1774757201249423,0.18311749702578972,-0.005641776900847412,0.009579818479529822,0.014802086134070476,negative,-0.0007591242621688143,True,0.7099028804997692,0.7324699881031586,-0.022567107603389314,0.03831927391811962,0.014802086134070448,negative,-0.0030364970486748133,True,0.1747185531738366,0.18311749702578972,-0.008398943851953111,0.013105544502894945,0.014098996055435832,negative,-0.002188427807002624,True,0.6988742126953461,0.7324699881031586,-0.033595775407812445,0.052422178011579335,0.014098996055435818,negative,-0.008753711228010053,True,0.18703818180107387,-0.0011971123165731568,-0.0034892884240540767,-0.00229217610748092,0.0013548922071161262,negative,0.7481527272042956,-0.004788449266292405,-0.013957153696216085,-0.00916870442992368,0.005419568828464172,negative
dissolve(0-1) | present(0-1-2) => prohibit,T->P,prohibit,2,0.17685934163499595,0.18311749702578972,-0.006258155390793774,0.008995800253034147,0.04211209509538112,negative,-0.003094193977446008,True,0.7074373665399838,0.7324699881031586,-0.02503262156317476,0.03598320101213659,0.04211209509538108,negative,-0.012376775909783588,True,0.17567418213588037,0.18311749702578975,-0.007443314889909375,0.013595461692633148,0.04379339678629758,negative,-0.003441149210169525,True,0.7026967285435222,0.7324699881031581,-0.029773259559635945,0.05438184677052116,0.04379339678629744,negative,-0.013764596840676768,True,0.17778910627943414,0.18311749702578978,-0.005328390746355632,0.005639715204852458,0.04071306929606419,negative,-0.002813215165513111,True,0.7111564251177367,0.7324699881031594,-0.02131356298542275,0.022558860819409943,0.040713069296064164,negative,-0.011252860662052666,True,0.17685934163499595,0.18311749702578972,-0.006258155390793774,0.008995800253034147,0.04211209509538112,negative,-0.003094193977446008,True,0.7074373665399838,0.7324699881031586,-0.02503262156317476,0.03598320101213659,0.04211209509538108,negative,-0.012376775909783588,True,0.17685934163499595,0.18311749702578972,-0.006258155390793774,0.008995800253034147,0.04211209509538112,negative,-0.003094193977446008,True,0.7074373665399838,0.7324699881031586,-0.02503262156317476,0.03598320101213659,0.04211209509538108,negative,-0.012376775909783588,True,0.1880871745727801,-0.00014811954486693146,-0.002953611143358431,-0.0028054915984914996,0.00044178903709285455,negative,0.7523486982911202,-0.0005924781794678369,-0.011814444573433613,-0.011221966393965777,0.0017671561483714182,negative
dissolve(0-1) | present(0-1-2) => strong_suppress,T->P,strong_suppress,2,0.17992815821097352,0.18311749702578972,-0.0031893388148162005,0.0038128955864698277,0.03542716737851649,negative,-0.0018730388451148605,True,0.7197126328438941,0.7324699881031586,-0.012757355259264469,0.015251582345879755,0.03542716737851648,negative,-0.007492155380458887,True,0.17950607476724656,0.18311749702578975,-0.00361142225854319,0.005523221413846452,0.036037453415365836,negative,-0.0020158317283162364,True,0.7180242990689867,0.7324699881031581,-0.014445689034171427,0.022092885655375705,0.03603745341536571,negative,-0.008063326913263835,True,0.1802755739984176,0.18311749702578978,-0.002841923027372184,0.002491305466745364,0.03489463212731909,negative,-0.0017531770029259874,True,0.7211022959936703,0.7324699881031594,-0.01136769210948918,0.009965221866981566,0.03489463212731908,negative,-0.007012708011704283,True,0.1784511823367312,0.18311749702578972,-0.0046663146890585094,0.0061689513488384085,0.03877136103115171,negative,-0.002494859021128948,True,0.7138047293469247,0.7324699881031586,-0.018665258756233816,0.024675805395353967,0.038771361031151724,negative,-0.009979436084515125,True,0.17780762328446348,0.18311749702578972,-0.005309873741326243,0.007276963717758128,0.04014817878071847,negative,-0.002744674016297882,True,0.7112304931378538,0.7324699881031586,-0.02123949496530475,0.02910785487103329,0.04014817878071844,negative,-0.010978696065190974,True,0.18819845340314162,-3.684071450540949e-05,-0.0012217334744991093,-0.0011848927599936998,0.0002162874859484576,negative,0.7527938136125664,-0.00014736285802163795,-0.004886933897996326,-0.004739571039974688,0.0008651499437937193,negative
dissolve(0-1) | present(0-1-2) => weak_suppress,T->P,weak_suppress,2,0.1816401286286347,0.18311749702578972,-0.00147736839715501,0.0014581220594986066,0.0309942481580432,negative,-0.0010243945966034174,True,0.7265605145145388,0.7324699881031586,-0.005909473588619707,0.0058324882379944265,0.030994248158043202,negative,-0.004097578386413336,True,0.18151163878725,0.18311749702578975,-0.001605858238539759,0.002086454685396283,0.031182636043841336,negative,-0.0010724227358652194,True,0.7260465551489997,0.7324699881031581,-0.00642343295415837,0.008345818741585798,0.03118263604384136,negative,-0.0042896909434602115,True,0.18174900572565952,0.18311749702578978,-0.0013684913001302534,0.0009752160647015229,0.03082451461398453,negative,-0.0009828998780355147,True,0.726996022902638,0.7324699881031594,-0.005473965200521458,0.0039008642588062026,0.030824514613984517,negative,-0.00393159951214217,True,0.1806105075708038,0.18311749702578972,-0.002506989454985925,0.0028197891732013036,0.033759009287010776,negative,-0.001556069843896113,True,0.7224420302832151,0.7324699881031586,-0.010027957819943478,0.011279156692805214,0.03375900928701078,negative,-0.006224279375584008,True,0.17992815821097352,0.18311749702578972,-0.0031893388148162005,0.0038128955864698277,0.03542716737851649,negative,-0.0018730388451148605,True,0.7197126328438941,0.7324699881031586,-0.012757355259264469,0.015251582345879755,0.03542716737851648,negative,-0.007492155380458887,True,0.1882512372728545,1.5943155207476245e-05,-0.00039632620973362176,-0.000412269364941098,8.085985262018536e-05,positive,0.7530049490914178,6.377262082979396e-05,-0.001585304838934598,-0.001649077459764392,0.00032343941048085245,positive
dissolve(0-1) | present(0-1-2) => weak_favour,T->P,weak_favour,2,0.18323895330046303,0.18311749702578972,0.00012145627467330389,0.0008115381549815281,0.020532970750059047,positive,0.0007542565258187306,True,0.7329558132018523,0.7324699881031586,0.00048582509869377066,0.0032461526199262236,0.020532970750059058,positive,0.0030170261032753665,True,0.18312462361830634,0.18311749702578975,7.126592516587538e-06,0.0008910988165686529,0.02071099320560877,positive,0.0006971432907255104,True,0.7324984944732252,0.7324699881031581,2.8506370067127307e-05,0.0035643952662754996,0.020710993205608784,positive,0.0027885731629019306,True,0.18333912381628287,0.18311749702578978,0.0002216267904930902,0.0005955459517428263,0.020358887333724672,positive,0.0008080457514220707,True,0.7333564952651318,0.7324699881031594,0.0008865071619723608,0.0023821838069720824,0.020358887333724672,positive,0.0032321830056881717,True,0.18236736422129152,0.18311749702578972,-0.0007501328044982047,0.0025104657692731625,0.018240457943106213,negative,0.0008252106491160038,True,0.7294694568851661,0.7324699881031586,-0.003000531217992486,0.010041863077093316,0.018240457943106206,negative,0.0033008425964644594,True,0.18135075988497165,0.18311749702578972,-0.0017667371408180699,0.004149094239320528,0.016976482325273587,negative,0.0006511525191050249,True,0.7254030395398868,0.7324699881031586,-0.007066948563271724,0.01659637695728211,0.016976482325273587,negative,0.0026046100764200997,True,0.18793873561703034,-0.0002965585006166893,-0.0008897599747138829,-0.0005932014740971936,0.00026571234645439423,negative,0.7517549424681214,-0.0011862340024666462,-0.0035590398988551986,-0.0023728058963885523,0.001062849385817577,negative
dissolve(0-1) | present(0-1-2) => strong_favour,T->P,strong_favour,2,0.18135075988497165,0.18311749702578972,-0.0017667371408180699,0.004149094239320528,0.016976482325273587,negative,0.0006511525191050249,True,0.7254030395398868,0.7324699881031586,-0.007066948563271724,0.01659637695728211,0.016976482325273587,negative,0.0026046100764200997,True,0.18103725678820928,0.18311749702578975,-0.0020802402375804663,0.004830946809223663,0.017512947191271576,negative,0.0004637562121275196,True,0.7241490271528367,0.7324699881031581,-0.008320960950321421,0.019323787236899093,0.01751294719127161,negative,0.0018550248485094123,True,0.1816068760009268,0.18311749702578978,-0.0015106210248629903,0.0030817802746446743,0.01643654604648387,negative,0.0008312395730098454,True,0.7264275040037069,0.7324699881031594,-0.006042484099452516,0.012327121098579141,0.01643654604648387,negative,0.0033249582920393816,True,0.17747572012494242,0.18311749702578972,-0.005641776900847301,0.009579818479529656,0.014802086134070462,negative,-0.0007591242621687866,True,0.7099028804997694,0.7324699881031586,-0.022567107603389203,0.038319273918118735,0.014802086134070441,negative,-0.0030364970486747023,True,0.17471855317383653,0.18311749702578972,-0.008398943851953194,0.013105544502894806,0.014098996055435822,negative,-0.002188427807002624,True,0.6988742126953457,0.7324699881031586,-0.03359577540781289,0.05242217801158,0.01409899605543582,negative,-0.008753711228010164,True,0.18703818180107393,-0.0011971123165731012,-0.003489288424054021,-0.00229217610748092,0.001354892207116154,negative,0.7481527272042958,-0.004788449266292183,-0.013957153696215752,-0.009168704429923569,0.005419568828464394,negative
dissolve(0-1) | absent(0-2-3) => prohibit,T->P,prohibit,2,0.17685934163499592,0.18311749702578972,-0.0062581553907938015,0.008995800253034147,0.04211209509538101,negative,-0.003094193977446008,True,0.7074373665399837,0.7324699881031586,-0.025032621563174873,0.03598320101213681,0.042112095095381,negative,-0.01237677590978381,True,0.17567418213588046,0.18311749702578975,-0.007443314889909292,0.013595461692630428,0.043793396786297775,negative,-0.0034411492101694696,True,0.7026967285435219,0.7324699881031581,-0.029773259559636167,0.05438184677052327,0.04379339678629772,negative,-0.013764596840677101,True,0.17778910627943426,0.18311749702578978,-0.005328390746355521,0.005639715204852402,0.040713069296064205,negative,-0.002813215165513111,True,0.7111564251177369,0.7324699881031594,-0.02131356298542253,0.02255886081940972,0.04071306929606417,negative,-0.011252860662052666,True,0.17685934163499592,0.18311749702578972,-0.0062581553907938015,0.008995800253034147,0.04211209509538101,negative,-0.003094193977446008,True,0.7074373665399837,0.7324699881031586,-0.025032621563174873,0.03598320101213681,0.042112095095381,negative,-0.01237677590978381,True,0.17685934163499592,0.18311749702578972,-0.0062581553907938015,0.008995800253034147,0.04211209509538101,negative,-0.003094193977446008,True,0.7074373665399837,0.7324699881031586,-0.025032621563174873,0.03598320101213681,0.042112095095381,negative,-0.01237677590978381,True,0.18808717457278,-0.00014811954486701473,-0.0029536111433584866,-0.002805491598491472,0.0004417890370928823,negative,0.75234869829112,-0.0005924781794679479,-0.011814444573433946,-0.011221966393965999,0.0017671561483715292,negative
dissolve(0-1) | absent(0-2-3) => strong_suppress,T->P,strong_suppress,2,0.17992815821097358,0.18311749702578972,-0.003189338814816145,0.0038128955864697445,0.035427167378516485,negative,-0.0018730388451148605,True,0.7197126328438942,0.7324699881031586,-0.012757355259264358,0.015251582345879644,0.03542716737851648,negative,-0.007492155380458887,True,0.17950607476724653,0.18311749702578975,-0.0036114222585432176,0.005523221413843926,0.03603745341536596,negative,-0.002015831728316292,True,0.7180242990689862,0.7324699881031581,-0.014445689034171871,0.022092885655376593,0.036037453415365975,negative,-0.00806332691326439,True,0.18027557399841762,0.18311749702578978,-0.0028419230273721563,0.0024913054667452805,0.034894632127319115,negative,-0.001753177002926043,True,0.7211022959936705,0.7324699881031594,-0.011367692109488958,0.009965221866980678,0.034894632127319115,negative,-0.007012708011704283,True,0.1784511823367312,0.18311749702578972,-0.0046663146890585094,0.006168951348838353,0.038771361031151676,negative,-0.0024948590211290034,True,0.7138047293469247,0.7324699881031586,-0.018665258756233816,0.024675805395354966,0.038771361031151676,negative,-0.009979436084515347,True,0.17780762328446345,0.18311749702578972,-0.005309873741326271,0.007276963717758128,0.040148178780718385,negative,-0.002744674016297882,True,0.7112304931378536,0.7324699881031586,-0.021239494965304972,0.02910785487103229,0.04014817878071837,negative,-0.010978696065190974,True,0.1881984534031416,-3.6840714505437244e-05,-0.0012217334744990815,-0.0011848927599936443,0.00021628748594840208,negative,0.7527938136125664,-0.00014736285802163795,-0.004886933897996215,-0.004739571039974577,0.0008651499437938304,negative
dissolve(0-1) | absent(0-2-3) => weak_suppress,T->P,weak_suppress,2,0.18164012862863474,0.18311749702578972,-0.0014773683971549822,0.0014581220594985511,0.030994248158043216,negative,-0.0010243945966034174,True,0.7265605145145391,0.7324699881031586,-0.005909473588619485,0.0058324882379942045,0.030994248158043206,negative,-0.004097578386413225,True,0.18151163878724988,0.18311749702578975,-0.00160585823853987,0.002086454685396255,0.03118263604384137,negative,-0.0010724227358652194,True,0.7260465551489995,0.7324699881031581,-0.006423432954158592,0.008345818741585687,0.03118263604384136,negative,-0.0042896909434603225,True,0.18174900572565952,0.18311749702578978,-0.0013684913001302534,0.0009752160647016062,0.030824514613984548,negative,-0.000982899878035487,True,0.7269960229026381,0.7324699881031594,-0.005473965200521347,0.0039008642588060916,0.03082451461398454,negative,-0.003931599512142281,True,0.18061050757080382,0.18311749702578972,-0.0025069894549858973,0.002819789173201248,0.03375900928701079,negative,-0.0015560698438960852,True,0.7224420302832153,0.7324699881031586,-0.010027957819943256,0.01127915669280577,0.0337590092870108,negative,-0.006224279375584008,True,0.17992815821097358,0.18311749702578972,-0.003189338814816145,0.0038128955864697445,0.035427167378516485,negative,-0.0018730388451148605,True,0.7197126328438942,0.7324699881031586,-0.012757355259264358,0.015251582345879644,0.03542716737851648,negative,-0.007492155380458887,True,0.18825123727285448,1.594315520744849e-05,-0.0003963262097336495,-0.000412269364941098,8.085985262007434e-05,positive,0.7530049490914179,6.377262082990498e-05,-0.001585304838934376,-0.001649077459764281,0.00032343941048085245,positive
dissolve(0-1) | absent(0-2-3) => weak_favour,T->P,weak_favour,2,0.183238953300463,0.18311749702578972,0.00012145627467327613,0.0008115381549816669,0.02053297075005907,positive,0.0007542565258187306,True,0.7329558132018522,0.7324699881031586,0.00048582509869365964,0.0032461526199264457,0.02053297075005909,positive,0.0030170261032753665,True,0.1831246236183064,0.18311749702578975,7.126592516643049e-06,0.0008910988165686806,0.02071099320560872,positive,0.0006971432907254826,True,0.7324984944732253,0.7324699881031581,2.850637006723833e-05,0.0035643952662743894,0.020710993205608718,positive,0.0027885731629023747,True,0.18333912381628287,0.18311749702578978,0.0002216267904930902,0.0005955459517427708,0.02035888733372467,positive,0.0008080457514220984,True,0.7333564952651315,0.7324699881031594,0.0008865071619720277,0.0023821838069717494,0.02035888733372465,positive,0.0032321830056879497,True,0.18236736422129146,0.18311749702578972,-0.0007501328044982603,0.0025104657692732457,0.018240457943106213,negative,0.0008252106491159483,True,0.729469456885166,0.7324699881031586,-0.003000531217992597,0.010041863077093982,0.018240457943106213,negative,0.0033008425964644594,True,0.18135075988497162,0.18311749702578972,-0.0017667371408180976,0.004149094239320611,0.01697648232527359,negative,0.0006511525191049417,True,0.7254030395398865,0.7324699881031586,-0.0070669485632720574,0.016596376957282666,0.016976482325273587,negative,0.0026046100764200997,True,0.18793873561703042,-0.00029655850061660605,-0.0008897599747137996,-0.0005932014740971936,0.0002657123464543665,negative,0.7517549424681214,-0.0011862340024666462,-0.0035590398988553096,-0.0023728058963886633,0.001062849385817577,negative
dissolve(0-1) | absent(0-2-3) => strong_favour,T->P,strong_favour,2,0.18135075988497162,0.18311749702578972,-0.0017667371408180976,0.004149094239320611,0.01697648232527359,negative,0.0006511525191049417,True,0.7254030395398865,0.7324699881031586,-0.0070669485632720574,0.016596376957282666,0.016976482325273587,negative,0.0026046100764200997,True,0.18103725678820923,0.18311749702578975,-0.002080240237580522,0.004830946809223635,0.01751294719127156,negative,0.00046375621212749185,True,0.724149027152837,0.7324699881031581,-0.008320960950321088,0.019323787236894763,0.01751294719127157,negative,0.0018550248485100784,True,0.1816068760009268,0.18311749702578978,-0.0015106210248629903,0.003081780274644813,0.016436546046483883,negative,0.0008312395730098732,True,0.7264275040037068,0.7324699881031594,-0.006042484099452627,0.012327121098579252,0.016436546046483886,negative,0.0033249582920393816,True,0.17747572012494234,0.18311749702578972,-0.005641776900847384,0.0095798184795296,0.014802086134070462,negative,-0.0007591242621687866,True,0.709902880499769,0.7324699881031586,-0.022567107603389536,0.03831927391811962,0.014802086134070445,negative,-0.0030364970486748133,True,0.17471855317383655,0.18311749702578972,-0.008398943851953167,0.013105544502894945,0.014098996055435842,negative,-0.0021884278070025687,True,0.6988742126953462,0.7324699881031586,-0.033595775407812334,0.052422178011579335,0.014098996055435836,negative,-0.008753711228009942,True,0.18703818180107393,-0.0011971123165731012,-0.003489288424054021,-0.00229217610748092,0.0013548922071161262,negative,0.7481527272042956,-0.004788449266292405,-0.013957153696215974,-0.009168704429923569,0.005419568828464172,negative
dissolve(0-1) | present(0-2-3) => prohibit,T->P,prohibit,2,0.17685934163499586,0.18311749702578972,-0.006258155390793857,0.008995800253034175,0.04211209509538106,negative,-0.003094193977446036,True,0.7074373665399836,0.7324699881031586,-0.025032621563174984,0.03598320101213692,0.042112095095381066,negative,-0.0123767759097837,True,0.17567418213588043,0.18311749702578975,-0.007443314889909319,0.013595461692631178,0.043793396786297706,negative,-0.003441149210169442,True,0.7026967285435223,0.7324699881031581,-0.029773259559635834,0.054381846770520936,0.04379339678629764,negative,-0.013764596840676324,True,0.17778910627943417,0.18311749702578978,-0.005328390746355605,0.005639715204852375,0.04071306929606419,negative,-0.0028132151655131388,True,0.7111564251177369,0.7324699881031594,-0.02131356298542253,0.02255886081940972,0.04071306929606418,negative,-0.011252860662052666,True,0.17685934163499586,0.18311749702578972,-0.006258155390793857,0.008995800253034175,0.04211209509538106,negative,-0.003094193977446036,True,0.7074373665399836,0.7324699881031586,-0.025032621563174984,0.03598320101213692,0.042112095095381066,negative,-0.0123767759097837,True,0.17685934163499586,0.18311749702578972,-0.006258155390793857,0.008995800253034175,0.04211209509538106,negative,-0.003094193977446036,True,0.7074373665399836,0.7324699881031586,-0.025032621563174984,0.03598320101213692,0.042112095095381066,negative,-0.0123767759097837,True,0.18808717457278004,-0.00014811954486698697,-0.0029536111433584866,-0.0028054915984914996,0.00044178903709299333,negative,0.75234869829112,-0.0005924781794679479,-0.011814444573433946,-0.011221966393965999,0.0017671561483717513,negative
dissolve(0-1) | present(0-2-3) => strong_suppress,T->P,strong_suppress,2,0.17992815821097355,0.18311749702578972,-0.0031893388148161728,0.0038128955864697722,0.03542716737851649,negative,-0.0018730388451148605,True,0.7197126328438941,0.7324699881031586,-0.012757355259264469,0.015251582345880532,0.035427167378516464,negative,-0.007492155380458998,True,0.17950607476724653,0.18311749702578975,-0.0036114222585432176,0.005523221413846424,0.03603745341536583,negative,-0.002015831728316264,True,0.7180242990689867,0.7324699881031581,-0.014445689034171427,0.02209288565537526,0.03603745341536571,negative,-0.008063326913263946,True,0.1802755739984176,0.18311749702578978,-0.002841923027372184,0.0024913054667453083,0.034894632127319095,negative,-0.0017531770029259874,True,0.7211022959936705,0.7324699881031594,-0.011367692109488958,0.009965221866982565,0.0348946321273191,negative,-0.007012708011704283,True,0.17845118233673124,0.18311749702578972,-0.004666314689058482,0.006168951348838492,0.038771361031151745,negative,-0.0024948590211288924,True,0.7138047293469248,0.7324699881031586,-0.018665258756233705,0.02467580539535419,0.03877136103115173,negative,-0.009979436084515125,True,0.17780762328446345,0.18311749702578972,-0.005309873741326271,0.007276963717758239,0.04014817878071837,negative,-0.002744674016297882,True,0.7112304931378535,0.7324699881031586,-0.021239494965305084,0.029107854871032846,0.04014817878071835,negative,-0.010978696065190974,True,0.18819845340314162,-3.684071450540949e-05,-0.0012217334744991093,-0.0011848927599936998,0.00021628748594854086,negative,0.7527938136125664,-0.00014736285802163795,-0.004886933897996437,-0.004739571039974799,0.0008651499437938304,negative
dissolve(0-1) | present(0-2-3) => weak_suppress,T->P,weak_suppress,2,0.18164012862863468,0.18311749702578972,-0.0014773683971550378,0.0014581220594985511,0.0309942481580432,negative,-0.0010243945966034174,True,0.726560514514539,0.7324699881031586,-0.005909473588619596,0.005832488237993982,0.0309942481580432,negative,-0.004097578386413336,True,0.18151163878725002,0.18311749702578975,-0.0016058582385397313,0.002086454685396283,0.031182636043841347,negative,-0.001072422735865164,True,0.7260465551489997,0.7324699881031581,-0.00642343295415837,0.00834581874158502,0.031182636043841354,negative,-0.0042896909434602115,True,0.1817490057256595,0.18311749702578978,-0.0013684913001302812,0.0009752160647015784,0.030824514613984527,negative,-0.0009828998780355147,True,0.726996022902638,0.7324699881031594,-0.005473965200521458,0.0039008642588069797,0.03082451461398452,negative,-0.00393159951214217,True,0.18061050757080382,0.18311749702578972,-0.0025069894549858973,0.0028197891732013036,0.03375900928701079,negative,-0.001556069843896113,True,0.7224420302832151,0.7324699881031586,-0.010027957819943478,0.011279156692805326,0.03375900928701079,negative,-0.006224279375584008,True,0.17992815821097355,0.18311749702578972,-0.0031893388148161728,0.0038128955864697722,0.03542716737851649,negative,-0.0018730388451148605,True,0.7197126328438941,0.7324699881031586,-0.012757355259264469,0.015251582345880532,0.035427167378516464,negative,-0.007492155380458998,True,0.1882512372728545,1.5943155207476245e-05,-0.00039632620973367727,-0.0004122693649411535,8.085985262018536e-05,positive,0.7530049490914179,6.377262082990498e-05,-0.001585304838934487,-0.001649077459764392,0.00032343941048085245,positive
dissolve(0-1) | present(0-2-3) => weak_favour,T->P,weak_favour,2,0.18323895330046305,0.18311749702578972,0.00012145627467333164,0.0008115381549816114,0.020532970750059058,positive,0.0007542565258187861,True,0.7329558132018522,0.7324699881031586,0.00048582509869365964,0.0032461526199264457,0.020532970750059075,positive,0.0030170261032754775,True,0.1831246236183063,0.18311749702578975,7.126592516559782e-06,0.0008910988165687084,0.020710993205608742,positive,0.0006971432907254826,True,0.732498494473225,0.7324699881031581,2.8506370066905262e-05,0.0035643952662761658,0.02071099320560877,positive,0.0027885731629017085,True,0.18333912381628276,0.18311749702578978,0.00022162679049297918,0.0005955459517427986,0.020358887333724665,positive,0.0008080457514220707,True,0.7333564952651315,0.7324699881031594,0.0008865071619720277,0.0023821838069716383,0.02035888733372466,positive,0.0032321830056880607,True,0.18236736422129152,0.18311749702578972,-0.0007501328044982047,0.002510465769273218,0.01824045794310621,negative,0.0008252106491159761,True,0.7294694568851662,0.7324699881031586,-0.003000531217992375,0.010041863077093094,0.018240457943106202,negative,0.0033008425964644594,True,0.1813507598849716,0.18311749702578972,-0.0017667371408181254,0.004149094239320472,0.016976482325273573,negative,0.0006511525191049972,True,0.7254030395398864,0.7324699881031586,-0.0070669485632721685,0.016596376957281556,0.016976482325273587,negative,0.0026046100764200997,True,0.18793873561703037,-0.00029655850061666156,-0.0008897599747138274,-0.0005932014740971658,0.00026571234645439423,negative,0.7517549424681214,-0.0011862340024666462,-0.0035590398988551986,-0.0023728058963885523,0.001062849385817577,negative
dissolve(0-1) | present(0-2-3) => strong_favour,T->P,strong_favour,2,0.1813507598849716,0.18311749702578972,-0.0017667371408181254,0.004149094239320472,0.016976482325273573,negative,0.0006511525191049972,True,0.7254030395398864,0.7324699881031586,-0.0070669485632721685,0.016596376957281556,0.016976482325273587,negative,0.0026046100764200997,True,0.18103725678820928,0.18311749702578975,-0.0020802402375804663,0.004830946809223802,0.01751294719127159,negative,0.0004637562121275196,True,0.724149027152837,0.7324699881031581,-0.008320960950321088,0.019323787236896983,0.01751294719127161,negative,0.0018550248485097454,True,0.18160687600092681,0.18311749702578978,-0.0015106210248629626,0.0030817802746446465,0.01643654604648387,negative,0.0008312395730098732,True,0.726427504003707,0.7324699881031594,-0.006042484099452405,0.012327121098579363,0.01643654604648387,negative,0.0033249582920393816,True,0.17747572012494237,0.18311749702578972,-0.005641776900847356,0.00957981847952985,0.014802086134070455,negative,-0.0007591242621688143,True,0.7099028804997694,0.7324699881031586,-0.022567107603389203,0.0383192739181184,0.014802086134070441,negative,-0.0030364970486748133,True,0.1747185531738366,0.18311749702578972,-0.008398943851953111,0.01310554450289489,0.014098996055435837,negative,-0.002188427807002624,True,0.6988742126953461,0.7324699881031586,-0.033595775407812445,0.052422178011579224,0.014098996055435829,negative,-0.008753711228010053,True,0.18703818180107393,-0.0011971123165731012,-0.003489288424054021,-0.00229217610748092,0.0013548922071161817,negative,0.7481527272042956,-0.004788449266292405,-0.013957153696215974,-0.009168704429923569,0.005419568828464727,negative
form(0-1-2) => prohibit,T->T,prohibit,1,0.18311749702578964,0.18311749702578972,-8.326672684688674e-17,5.551115123125783e-17,0.025588985464624577,zero,0.0,False,0.7324699881031586,0.7324699881031586,0.0,1.3322676295501878e-15,0.025588985464624556,zero,2.220446049250313e-16,False,0.1831174970257897,0.18311749702578975,-5.551115123125783e-17,8.326672684688674e-17,0.025588985464624566,zero,-8.326672684688674e-17,False,0.7324699881031588,0.7324699881031581,6.661338147750939e-16,1.5543122344752192e-15,0.025588985464624563,zero,4.440892098500626e-16,False,0.18311749702578986,0.18311749702578978,8.326672684688674e-17,1.1102230246251565e-16,0.02558898546462464,zero,-8.326672684688674e-17,False,0.7324699881031589,0.7324699881031594,-5.551115123125783e-16,7.771561172376096e-16,0.025588985464624618,zero,-2.220446049250313e-16,False,0.18311749702578964,0.18311749702578972,-8.326672684688674e-17,5.551115123125783e-17,0.025588985464624577,zero,0.0,False,0.7324699881031586,0.7324699881031586,0.0,1.3322676295501878e-15,0.025588985464624556,zero,2.220446049250313e-16,False,0.18311749702578964,0.18311749702578972,-8.326672684688674e-17,5.551115123125783e-17,0.025588985464624577,zero,0.0,False,0.7324699881031586,0.7324699881031586,0.0,1.3322676295501878e-15,0.025588985464624556,zero,2.220446049250313e-16,False,0.18823529411764708,5.551115123125783e-17,2.7755575615628914e-17,-2.7755575615628914e-17,1.3877787807814457e-16,zero,0.7529411764705884,4.440892098500626e-16,3.3306690738754696e-16,-1.1102230246251565e-16,5.551115123125783e-16,zero
form(0-1-2) => strong_suppress,T->T,strong_suppress,1,0.18311749702578967,0.18311749702578972,-5.551115123125783e-17,1.6653345369377348e-16,0.025588985464624618,zero,5.551115123125783e-17,False,0.7324699881031593,0.7324699881031586,7.771561172376096e-16,1.3322676295501878e-15,0.025588985464624615,zero,9.992007221626409e-16,False,0.18311749702578964,0.18311749702578975,-1.1102230246251565e-16,3.608224830031759e-16,0.025588985464624583,zero,-1.1102230246251565e-16,False,0.7324699881031586,0.7324699881031581,4.440892098500626e-16,1.7763568394002505e-15,0.025588985464624583,zero,5.551115123125783e-16,False,0.18311749702578975,0.18311749702578978,-2.7755575615628914e-17,1.942890293094024e-16,0.02558898546462461,zero,-5.551115123125783e-17,False,0.7324699881031594,0.7324699881031594,0.0,1.6653345369377348e-15,0.02558898546462461,zero,-7.771561172376096e-16,False,0.18311749702578986,0.18311749702578972,1.3877787807814457e-16,3.608224830031759e-16,0.025588985464624635,zero,1.1102230246251565e-16,False,0.7324699881031598,0.7324699881031586,1.2212453270876722e-15,1.887379141862766e-15,0.02558898546462471,zero,9.992007221626409e-16,False,0.18311749702578967,0.18311749702578972,-5.551115123125783e-17,1.1102230246251565e-16,0.02558898546462459,zero,1.1102230246251565e-16,False,0.7324699881031597,0.7324699881031586,1.1102230246251565e-15,1.7763568394002505e-15,0.025588985464624632,zero,5.551115123125783e-16,False,0.1882352941176471,8.326672684688674e-17,8.326672684688674e-17,0.0,1.6653345369377348e-16,zero,0.7529411764705882,2.220446049250313e-16,1.1102230246251565e-16,-1.1102230246251565e-16,1.3322676295501878e-15,zero
form(0-1-2) => weak_suppress,T->T,weak_suppress,1,0.1831174970257898,0.18311749702578972,8.326672684688674e-17,2.7755575615628914e-16,0.025588985464624625,zero,0.0,False,0.7324699881031588,0.7324699881031586,2.220446049250313e-16,1.1102230246251565e-15,0.025588985464624618,zero,2.220446049250313e-16,False,0.1831174970257898,0.18311749702578975,5.551115123125783e-17,3.0531133177191805e-16,0.02558898546462462,zero,-2.7755575615628914e-17,False,0.7324699881031591,0.7324699881031581,9.992007221626409e-16,2.4424906541753444e-15,0.025588985464624618,zero,8.881784197001252e-16,False,0.18311749702578975,0.18311749702578978,-2.7755575615628914e-17,1.942890293094024e-16,0.025588985464624615,zero,0.0,False,0.7324699881031587,0.7324699881031594,-7.771561172376096e-16,1.6653345369377348e-15,0.02558898546462459,zero,-3.3306690738754696e-16,False,0.18311749702578967,0.18311749702578972,-5.551115123125783e-17,1.6653345369377348e-16,0.02558898546462456,zero,-8.326672684688674e-17,False,0.7324699881031588,0.7324699881031586,2.220446049250313e-16,9.992007221626409e-16,0.02558898546462456,zero,1.1102230246251565e-16,False,0.18311749702578967,0.18311749702578972,-5.551115123125783e-17,1.6653345369377348e-16,0.025588985464624618,zero,5.551115123125783e-17,False,0.7324699881031593,0.7324699881031586,7.771561172376096e-16,1.3322676295501878e-15,0.025588985464624615,zero,9.992007221626409e-16,False,0.1882352941176471,8.326672684688674e-17,5.551115123125783e-17,-2.7755575615628914e-17,1.942890293094024e-16,zero,0.7529411764705883,3.3306690738754696e-16,4.440892098500626e-16,1.1102230246251565e-16,7.771561172376096e-16,zero
form(0-1-2) => weak_favour,T->T,weak_favour,1,0.18311749702578967,0.18311749702578972,-5.551115123125783e-17,1.6653345369377348e-16,0.025588985464624597,zero,0.0,False,0.7324699881031592,0.7324699881031586,6.661338147750939e-16,1.1102230246251565e-15,0.025588985464624618,zero,3.3306690738754696e-16,False,0.18311749702578967,0.18311749702578975,-8.326672684688674e-17,2.498001805406602e-16,0.025588985464624528,zero,-1.1102230246251565e-16,False,0.7324699881031588,0.7324699881031581,6.661338147750939e-16,2.220446049250313e-15,0.025588985464624535,zero,3.3306690738754696e-16,False,0.1831174970257898,0.18311749702578978,2.7755575615628914e-17,1.942890293094024e-16,0.025588985464624625,zero,2.7755575615628914e-17,False,0.7324699881031592,0.7324699881031594,-2.220446049250313e-16,1.2212453270876722e-15,0.025588985464624625,zero,-3.3306690738754696e-16,False,0.1831174970257898,0.18311749702578972,8.326672684688674e-17,1.1102230246251565e-16,0.025588985464624618,zero,1.1102230246251565e-16,False,0.7324699881031596,0.7324699881031586,9.992007221626409e-16,1.4432899320127035e-15,0.025588985464624618,zero,2.220446049250313e-16,False,0.1831174970257897,0.18311749702578972,-2.7755575615628914e-17,2.220446049250313e-16,0.025588985464624604,zero,1.3877787807814457e-16,False,0.7324699881031591,0.7324699881031586,5.551115123125783e-16,3.1086244689504383e-15,0.025588985464624625,zero,4.440892098500626e-16,False,0.18823529411764708,5.551115123125783e-17,5.551115123125783e-17,0.0,1.3877787807814457e-16,zero,0.752941176470588,0.0,1.1102230246251565e-16,1.1102230246251565e-16,6.661338147750939e-16,zero
form(0-1-2) => strong_favour,T->T,strong_favour,1,0.1831174970257897,0.18311749702578972,-2.7755575615628914e-17,2.220446049250313e-16,0.025588985464624604,zero,1.3877787807814457e-16,False,0.7324699881031591,0.7324699881031586,5.551115123125783e-16,3.1086244689504383e-15,0.025588985464624625,zero,4.440892098500626e-16,False,0.18311749702578967,0.18311749702578975,-8.326672684688674e-17,1.942890293094024e-16,0.025588985464624528,zero,-8.326672684688674e-17,False,0.7324699881031588,0.7324699881031581,6.661338147750939e-16,1.6653345369377348e-15,0.025588985464624518,zero,2.220446049250313e-16,False,0.18311749702578967,0.18311749702578978,-1.1102230246251565e-16,1.6653345369377348e-16,0.0255889854646246,zero,-8.326672684688674e-17,False,0.7324699881031588,0.7324699881031594,-6.661338147750939e-16,1.1102230246251565e-15,0.02558898546462461,zero,-5.551115123125783e-16,False,0.18311749702578967,0.18311749702578972,-5.551115123125783e-17,1.6653345369377348e-16,0.02558898546462459,zero,5.551115123125783e-17,False,0.7324699881031587,0.7324699881031586,1.1102230246251565e-16,1.2212453270876722e-15,0.02558898546462459,zero,4.440892098500626e-16,False,0.18311749702578967,0.18311749702578972,-5.551115123125783e-17,2.220446049250313e-16,0.025588985464624542,zero,-5.551115123125783e-17,False,0.7324699881031588,0.7324699881031586,2.220446049250313e-16,1.3322676295501878e-15,0.025588985464624556,zero,0.0,False,0.1882352941176471,8.326672684688674e-17,8.326672684688674e-17,0.0,1.6653345369377348e-16,zero,0.7529411764705882,2.220446049250313e-16,2.220446049250313e-16,0.0,6.661338147750939e-16,zero
form(0-1-2) | absent(0-1) => prohibit,P->T,prohibit,2,0.18311749702578964,0.18311749702578972,-8.326672684688674e-17,1.3877787807814457e-16,0.025588985464624597,zero,-5.551115123125783e-17,False,0.7324699881031589,0.7324699881031586,3.3306690738754696e-16,1.4432899320127035e-15,0.025588985464624597,zero,1.1102230246251565e-16,False,0.18311749702578967,0.18311749702578975,-8.326672684688674e-17,1.3877787807814457e-16,0.025588985464624563,zero,-1.1102230246251565e-16,False,0.7324699881031586,0.7324699881031581,4.440892098500626e-16,1.5543122344752192e-15,0.025588985464624552,zero,4.440892098500626e-16,False,0.18311749702578972,0.18311749702578978,-5.551115123125783e-17,1.942890293094024e-16,0.0255889854646246,zero,-1.1102230246251565e-16,False,0.732469988103159,0.7324699881031594,-4.440892098500626e-16,1.6653345369377348e-15,0.025588985464624583,zero,-5.551115123125783e-16,False,0.18311749702578964,0.18311749702578972,-8.326672684688674e-17,1.3877787807814457e-16,0.025588985464624597,zero,-5.551115123125783e-17,False,0.7324699881031589,0.7324699881031586,3.3306690738754696e-16,1.4432899320127035e-15,0.025588985464624597,zero,1.1102230246251565e-16,False,0.18311749702578964,0.18311749702578972,-8.326672684688674e-17,1.3877787807814457e-16,0.025588985464624597,zero,-5.551115123125783e-17,False,0.7324699881031589,0.7324699881031586,3.3306690738754696e-16,1.4432899320127035e-15,0.025588985464624597,zero,1.1102230246251565e-16,False,0.18823529411764708,5.551115123125783e-17,-2.7755575615628914e-17,-8.326672684688674e-17,1.942890293094024e-16,zero,0.7529411764705882,2.220446049250313e-16,3.3306690738754696e-16,1.1102230246251565e-16,3.3306690738754696e-16,zero
form(0-1-2) | absent(0-1) => strong_suppress,P->T,strong_suppress,2,0.18311749702578972,0.18311749702578972,0.0,1.3877787807814457e-16,0.025588985464624597,zero,-8.326672684688674e-17,False,0.7324699881031589,0.7324699881031586,3.3306690738754696e-16,1.1102230246251565e-15,0.02558898546462461,zero,2.220446049250313e-16,False,0.18311749702578967,0.18311749702578975,-8.326672684688674e-17,1.6653345369377348e-16,0.025588985464624577,zero,-1.3877787807814457e-16,False,0.7324699881031588,0.7324699881031581,6.661338147750939e-16,1.1102230246251565e-15,0.025588985464624577,zero,6.661338147750939e-16,False,0.18311749702578972,0.18311749702578978,-5.551115123125783e-17,1.1102230246251565e-16,0.025588985464624608,zero,-8.326672684688674e-17,False,0.7324699881031588,0.7324699881031594,-6.661338147750939e-16,9.992007221626409e-16,0.0255889854646246,zero,-5.551115123125783e-16,False,0.1831174970257897,0.18311749702578972,-2.7755575615628914e-17,3.3306690738754696e-16,0.025588985464624594,zero,-2.7755575615628914e-17,False,0.7324699881031597,0.7324699881031586,1.1102230246251565e-15,1.1102230246251565e-15,0.02558898546462464,zero,2.220446049250313e-16,False,0.18311749702578972,0.18311749702578972,0.0,5.551115123125783e-17,0.025588985464624597,zero,8.326672684688674e-17,False,0.7324699881031589,0.7324699881031586,3.3306690738754696e-16,9.992007221626409e-16,0.0255889854646246,zero,3.3306690738754696e-16,False,0.18823529411764703,0.0,2.7755575615628914e-17,2.7755575615628914e-17,1.1102230246251565e-16,zero,0.7529411764705881,1.1102230246251565e-16,0.0,-1.1102230246251565e-16,8.881784197001252e-16,zero
form(0-1-2) | absent(0-1) => weak_suppress,P->T,weak_suppress,2,0.18311749702578967,0.18311749702578972,-5.551115123125783e-17,8.326672684688674e-17,0.02558898546462459,zero,-8.326672684688674e-17,False,0.7324699881031592,0.7324699881031586,6.661338147750939e-16,1.3322676295501878e-15,0.025588985464624618,zero,1.1102230246251565e-16,False,0.1831174970257897,0.18311749702578975,-5.551115123125783e-17,1.942890293094024e-16,0.025588985464624594,zero,-5.551115123125783e-17,False,0.7324699881031586,0.7324699881031581,4.440892098500626e-16,5.551115123125783e-16,0.02558898546462459,zero,5.551115123125783e-16,False,0.18311749702578972,0.18311749702578978,-5.551115123125783e-17,1.1102230246251565e-16,0.02558898546462459,zero,-1.1102230246251565e-16,False,0.7324699881031587,0.7324699881031594,-7.771561172376096e-16,1.6653345369377348e-15,0.02558898546462459,zero,-5.551115123125783e-16,False,0.18311749702578967,0.18311749702578972,-5.551115123125783e-17,1.6653345369377348e-16,0.025588985464624604,zero,-5.551115123125783e-17,False,0.7324699881031587,0.7324699881031586,1.1102230246251565e-16,2.3314683517128287e-15,0.025588985464624583,zero,1.1102230246251565e-16,False,0.18311749702578972,0.18311749702578972,0.0,1.3877787807814457e-16,0.025588985464624597,zero,-8.326672684688674e-17,False,0.7324699881031589,0.7324699881031586,3.3306690738754696e-16,1.1102230246251565e-15,0.02558898546462461,zero,2.220446049250313e-16,False,0.18823529411764703,0.0,0.0,0.0,1.1102230246251565e-16,zero,0.7529411764705882,2.220446049250313e-16,2.220446049250313e-16,0.0,3.3306690738754696e-16,zero
form(0-1-2) | absent(0-1) => weak_favour,P->T,weak_favour,2,0.1831174970257897,0.18311749702578972,-2.7755575615628914e-17,1.3877787807814457e-16,0.025588985464624594,zero,0.0,False,0.7324699881031588,0.7324699881031586,2.220446049250313e-16,1.4432899320127035e-15,0.025588985464624587,zero,2.220446049250313e-16,False,0.1831174970257896,0.18311749702578975,-1.3877787807814457e-16,2.220446049250313e-16,0.025588985464624563,zero,-1.1102230246251565e-16,False,0.7324699881031587,0.7324699881031581,5.551115123125783e-16,1.7763568394002505e-15,0.025588985464624552,zero,3.3306690738754696e-16,False,0.18311749702578967,0.18311749702578978,-1.1102230246251565e-16,1.3877787807814457e-16,0.02558898546462461,zero,-1.1102230246251565e-16,False,0.7324699881031589,0.7324699881031594,-5.551115123125783e-16,9.992007221626409e-16,0.025588985464624615,zero,-5.551115123125783e-16,False,0.18311749702578967,0.18311749702578972,-5.551115123125783e-17,1.1102230246251565e-16,0.02558898546462459,zero,-2.7755575615628914e-17,False,0.7324699881031587,0.7324699881031586,1.1102230246251565e-16,1.1102230246251565e-15,0.025588985464624608,zero,1.1102230246251565e-16,False,0.18311749702578967,0.18311749702578972,-5.551115123125783e-17,1.3877787807814457e-16,0.025588985464624597,zero,0.0,False,0.7324699881031589,0.7324699881031586,3.3306690738754696e-16,2.3314683517128287e-15,0.02558898546462461,zero,3.3306690738754696e-16,False,0.18823529411764703,0.0,2.7755575615628914e-17,2.7755575615628914e-17,1.1102230246251565e-16,zero,0.752941176470588,0.0,-1.1102230246251565e-16,-1.1102230246251565e-16,6.661338147750939e-16,zero
form(0-1-2) | absent(0-1) => strong_favour,P->T,strong_favour,2,0.18311749702578967,0.18311749702578972,-5.551115123125783e-17,1.3877787807814457e-16,0.025588985464624597,zero,0.0,False,0.7324699881031589,0.7324699881031586,3.3306690738754696e-16,2.3314683517128287e-15,0.02558898546462461,zero,3.3306690738754696e-16,False,0.18311749702578964,0.18311749702578975,-1.1102230246251565e-16,1.6653345369377348e-16,0.025588985464624542,zero,-1.1102230246251565e-16,False,0.7324699881031584,0.7324699881031581,3.3306690738754696e-16,1.4432899320127035e-15,0.02558898546462455,zero,2.220446049250313e-16,False,0.18311749702578972,0.18311749702578978,-5.551115123125783e-17,5.551115123125783e-17,0.025588985464624604,zero,-1.1102230246251565e-16,False,0.7324699881031588,0.7324699881031594,-6.661338147750939e-16,1.4432899320127035e-15,0.025588985464624597,zero,-6.661338147750939e-16,False,0.18311749702578964,0.18311749702578972,-8.326672684688674e-17,8.326672684688674e-17,0.025588985464624583,zero,-2.7755575615628914e-17,False,0.7324699881031589,0.7324699881031586,3.3306690738754696e-16,1.2212453270876722e-15,0.02558898546462461,zero,2.220446049250313e-16,False,0.18311749702578967,0.18311749702578972,-5.551115123125783e-17,1.1102230246251565e-16,0.02558898546462459,zero,-8.326672684688674e-17,False,0.7324699881031587,0.7324699881031586,1.1102230246251565e-16,9.992007221626409e-16,0.025588985464624594,zero,1.1102230246251565e-16,False,0.18823529411764706,2.7755575615628914e-17,2.7755575615628914e-17,0.0,1.3877787807814457e-16,zero,0.7529411764705881,1.1102230246251565e-16,2.220446049250313e-16,1.1102230246251565e-16,7.771561172376096e-16,zero
form(0-1-2) | present(0-1) => prohibit,P->T,prohibit,2,0.18311749702578967,0.18311749702578972,-5.551115123125783e-17,1.3877787807814457e-16,0.025588985464624583,zero,-5.551115123125783e-17,False,0.7324699881031587,0.7324699881031586,1.1102230246251565e-16,1.3322676295501878e-15,0.025588985464624597,zero,1.1102230246251565e-16,False,0.18311749702578967,0.18311749702578975,-8.326672684688674e-17,1.3877787807814457e-16,0.02558898546462458,zero,0.0,False,0.7324699881031587,0.7324699881031581,5.551115123125783e-16,3.1086244689504383e-15,0.02558898546462457,zero,2.220446049250313e-16,False,0.18311749702578972,0.18311749702578978,-5.551115123125783e-17,2.498001805406602e-16,0.02558898546462461,zero,0.0,False,0.7324699881031588,0.7324699881031594,-6.661338147750939e-16,1.3322676295501878e-15,0.02558898546462459,zero,-5.551115123125783e-16,False,0.18311749702578967,0.18311749702578972,-5.551115123125783e-17,1.3877787807814457e-16,0.025588985464624583,zero,-5.551115123125783e-17,False,0.7324699881031587,0.7324699881031586,1.1102230246251565e-16,1.3322676295501878e-15,0.025588985464624597,zero,1.1102230246251565e-16,False,0.18311749702578967,0.18311749702578972,-5.551115123125783e-17,1.3877787807814457e-16,0.025588985464624583,zero,-5.551115123125783e-17,False,0.7324699881031587,0.7324699881031586,1.1102230246251565e-16,1.3322676295501878e-15,0.025588985464624597,zero,1.1102230246251565e-16,False,0.18823529411764708,5.551115123125783e-17,8.326672684688674e-17,2.7755575615628914e-17,1.3877787807814457e-16,zero,0.7529411764705883,3.3306690738754696e-16,3.3306690738754696e-16,0.0,4.440892098500626e-16,zero
form(0-1-2) | present(0-1) => strong_suppress,P->T,strong_suppress,2,0.1831174970257897,0.18311749702578972,-2.7755575615628914e-17,1.942890293094024e-16,0.025588985464624618,zero,-5.551115123125783e-17,False,0.732469988103159,0.7324699881031586,4.440892098500626e-16,1.4432899320127035e-15,0.025588985464624615,zero,1.1102230246251565e-16,False,0.18311749702578967,0.18311749702578975,-8.326672684688674e-17,1.3877787807814457e-16,0.025588985464624577,zero,-2.7755575615628914e-17,False,0.7324699881031587,0.7324699881031581,5.551115123125783e-16,2.3314683517128287e-15,0.025588985464624577,zero,2.220446049250313e-16,False,0.1831174970257897,0.18311749702578978,-8.326672684688674e-17,1.3877787807814457e-16,0.025588985464624604,zero,-1.1102230246251565e-16,False,0.7324699881031589,0.7324699881031594,-5.551115123125783e-16,7.771561172376096e-16,0.0255889854646246,zero,-2.220446049250313e-16,False,0.18311749702578983,0.18311749702578972,1.1102230246251565e-16,2.498001805406602e-16,0.02558898546462462,zero,2.7755575615628914e-17,False,0.7324699881031592,0.7324699881031586,6.661338147750939e-16,1.7763568394002505e-15,0.025588985464624625,zero,3.3306690738754696e-16,False,0.1831174970257897,0.18311749702578972,-2.7755575615628914e-17,1.3877787807814457e-16,0.02558898546462461,zero,-5.551115123125783e-17,False,0.732469988103159,0.7324699881031586,4.440892098500626e-16,1.2212453270876722e-15,0.025588985464624615,zero,1.1102230246251565e-16,False,0.1882352941176471,8.326672684688674e-17,2.7755575615628914e-17,-5.551115123125783e-17,8.326672684688674e-17,zero,0.7529411764705882,2.220446049250313e-16,0.0,-2.220446049250313e-16,6.661338147750939e-16,zero
form(0-1-2) | present(0-1) => weak_suppress,P->T,weak_suppress,2,0.18311749702578967,0.18311749702578972,-5.551115123125783e-17,1.3877787807814457e-16,0.02558898546462461,zero,-5.551115123125783e-17,False,0.7324699881031591,0.7324699881031586,5.551115123125783e-16,1.887379141862766e-15,0.025588985464624632,zero,1.1102230246251565e-16,False,0.1831174970257897,0.18311749702578975,-5.551115123125783e-17,1.6653345369377348e-16,0.025588985464624583,zero,-2.7755575615628914e-17,False,0.7324699881031588,0.7324699881031581,6.661338147750939e-16,1.3322676295501878e-15,0.02558898546462459,zero,1.1102230246251565e-16,False,0.18311749702578972,0.18311749702578978,-5.551115123125783e-17,1.6653345369377348e-16,0.02558898546462459,zero,2.7755575615628914e-17,False,0.7324699881031588,0.7324699881031594,-6.661338147750939e-16,1.3322676295501878e-15,0.0255889854646246,zero,-1.1102230246251565e-16,False,0.18311749702578967,0.18311749702578972,-5.551115123125783e-17,1.3877787807814457e-16,0.025588985464624583,zero,-8.326672684688674e-17,False,0.7324699881031586,0.7324699881031586,0.0,1.2212453270876722e-15,0.025588985464624597,zero,1.1102230246251565e-16,False,0.1831174970257897,0.18311749702578972,-2.7755575615628914e-17,1.942890293094024e-16,0.025588985464624618,zero,-5.551115123125783e-17,False,0.732469988103159,0.7324699881031586,4.440892098500626e-16,1.4432899320127035e-15,0.025588985464624615,zero,1.1102230246251565e-16,False,0.18823529411764708,5.551115123125783e-17,2.7755575615628914e-17,-2.7755575615628914e-17,1.1102230246251565e-16,zero,0.7529411764705882,2.220446049250313e-16,2.220446049250313e-16,0.0,4.440892098500626e-16,zero
form(0-1-2) | present(0-1) => weak_favour,P->T,weak_favour,2,0.18311749702578964,0.18311749702578972,-8.326672684688674e-17,1.1102230246251565e-16,0.025588985464624566,zero,-8.326672684688674e-17,False,0.7324699881031587,0.7324699881031586,1.1102230246251565e-16,1.3322676295501878e-15,0.025588985464624587,zero,1.1102230246251565e-16,False,0.1831174970257896,0.18311749702578975,-1.3877787807814457e-16,2.498001805406602e-16,0.025588985464624563,zero,-5.551115123125783e-17,False,0.7324699881031586,0.7324699881031581,4.440892098500626e-16,3.4416913763379853e-15,0.02558898546462455,zero,1.1102230246251565e-16,False,0.18311749702578967,0.18311749702578978,-1.1102230246251565e-16,2.220446049250313e-16,0.025588985464624597,zero,-5.551115123125783e-17,False,0.7324699881031587,0.7324699881031594,-7.771561172376096e-16,1.7763568394002505e-15,0.025588985464624597,zero,-4.440892098500626e-16,False,0.18311749702578964,0.18311749702578972,-8.326672684688674e-17,1.3877787807814457e-16,0.025588985464624597,zero,-5.551115123125783e-17,False,0.7324699881031591,0.7324699881031586,5.551115123125783e-16,8.881784197001252e-16,0.02558898546462461,zero,1.1102230246251565e-16,False,0.18311749702578964,0.18311749702578972,-8.326672684688674e-17,1.6653345369377348e-16,0.025588985464624563,zero,-2.7755575615628914e-17,False,0.7324699881031586,0.7324699881031586,0.0,8.881784197001252e-16,0.02558898546462458,zero,2.220446049250313e-16,False,0.18823529411764706,2.7755575615628914e-17,5.551115123125783e-17,2.7755575615628914e-17,1.1102230246251565e-16,zero,0.752941176470588,0.0,1.1102230246251565e-16,1.1102230246251565e-16,4.440892098500626e-16,zero
form(0-1-2) | present(0-1) => strong_favour,P->T,strong_favour,2,0.18311749702578964,0.18311749702578972,-8.326672684688674e-17,1.6653345369377348e-16,0.025588985464624563,zero,-2.7755575615628914e-17,False,0.7324699881031586,0.7324699881031586,0.0,8.881784197001252e-16,0.02558898546462458,zero,2.220446049250313e-16,False,0.18311749702578967,0.18311749702578975,-8.326672684688674e-17,1.6653345369377348e-16,0.025588985464624563,zero,-8.326672684688674e-17,False,0.7324699881031586,0.7324699881031581,4.440892098500626e-16,1.1102230246251565e-15,0.025588985464624528,zero,0.0,False,0.18311749702578967,0.18311749702578978,-1.1102230246251565e-16,8.326672684688674e-17,0.025588985464624577,zero,-1.1102230246251565e-16,False,0.7324699881031588,0.7324699881031594,-6.661338147750939e-16,1.5543122344752192e-15,0.025588985464624587,zero,-5.551115123125783e-16,False,0.18311749702578967,0.18311749702578972,-5.551115123125783e-17,1.6653345369377348e-16,0.025588985464624618,zero,-2.7755575615628914e-17,False,0.7324699881031584,0.7324699881031586,-1.1102230246251565e-16,1.9984014443252818e-15,0.025588985464624577,zero,1.1102230246251565e-16,False,0.18311749702578967,0.18311749702578972,-5.551115123125783e-17,1.6653345369377348e-16,0.025588985464624577,zero,-8.326672684688674e-17,False,0.7324699881031588,0.7324699881031586,2.220446049250313e-16,1.7763568394002505e-15,0.025588985464624583,zero,2.220446049250313e-16,False,0.18823529411764708,5.551115123125783e-17,5.551115123125783e-17,0.0,1.1102230246251565e-16,zero,0.7529411764705882,2.220446049250313e-16,2.220446049250313e-16,0.0,5.551115123125783e-16,zero
form(0-1-2) | absent(0-3) => prohibit,P->T,prohibit,2,0.18311749702578967,0.18311749702578972,-5.551115123125783e-17,1.1102230246251565e-16,0.025588985464624597,zero,-5.551115123125783e-17,False,0.7324699881031587,0.7324699881031586,1.1102230246251565e-16,1.3322676295501878e-15,0.025588985464624587,zero,1.1102230246251565e-16,False,0.1831174970257897,0.18311749702578975,-5.551115123125783e-17,1.1102230246251565e-16,0.025588985464624566,zero,-1.1102230246251565e-16,False,0.7324699881031586,0.7324699881031581,4.440892098500626e-16,1.2212453270876722e-15,0.025588985464624556,zero,3.3306690738754696e-16,False,0.18311749702578978,0.18311749702578978,0.0,1.3877787807814457e-16,0.025588985464624604,zero,-1.1102230246251565e-16,False,0.7324699881031591,0.7324699881031594,-3.3306690738754696e-16,7.771561172376096e-16,0.0255889854646246,zero,-5.551115123125783e-16,False,0.18311749702578967,0.18311749702578972,-5.551115123125783e-17,1.1102230246251565e-16,0.025588985464624597,zero,-5.551115123125783e-17,False,0.7324699881031587,0.7324699881031586,1.1102230246251565e-16,1.3322676295501878e-15,0.025588985464624587,zero,1.1102230246251565e-16,False,0.18311749702578967,0.18311749702578972,-5.551115123125783e-17,1.1102230246251565e-16,0.025588985464624597,zero,-5.551115123125783e-17,False,0.7324699881031587,0.7324699881031586,1.1102230246251565e-16,1.3322676295501878e-15,0.025588985464624587,zero,1.1102230246251565e-16,False,0.18823529411764708,5.551115123125783e-17,2.7755575615628914e-17,-2.7755575615628914e-17,1.3877787807814457e-16,zero,0.7529411764705883,3.3306690738754696e-16,4.440892098500626e-16,1.1102230246251565e-16,3.3306690738754696e-16,zero
form(0-1-2) | absent(0-3) => strong_suppress,P->T,strong_suppress,2,0.18311749702578972,0.18311749702578972,0.0,1.6653345369377348e-16,0.025588985464624594,zero,-8.326672684688674e-17,False,0.7324699881031587,0.7324699881031586,1.1102230246251565e-16,8.881784197001252e-16,0.025588985464624604,zero,2.220446049250313e-16,False,0.18311749702578964,0.18311749702578975,-1.1102230246251565e-16,2.220446049250313e-16,0.02558898546462457,zero,-8.326672684688674e-17,False,0.7324699881031587,0.7324699881031581,5.551115123125783e-16,1.1102230246251565e-15,0.02558898546462457,zero,4.440892098500626e-16,False,0.18311749702578972,0.18311749702578978,-5.551115123125783e-17,1.3877787807814457e-16,0.025588985464624608,zero,-8.326672684688674e-17,False,0.7324699881031588,0.7324699881031594,-6.661338147750939e-16,1.3322676295501878e-15,0.025588985464624597,zero,-5.551115123125783e-16,False,0.18311749702578972,0.18311749702578972,0.0,3.3306690738754696e-16,0.02558898546462459,zero,-5.551115123125783e-17,False,0.7324699881031596,0.7324699881031586,9.992007221626409e-16,9.992007221626409e-16,0.025588985464624618,zero,3.3306690738754696e-16,False,0.18311749702578978,0.18311749702578972,5.551115123125783e-17,1.942890293094024e-16,0.02558898546462461,zero,0.0,False,0.7324699881031591,0.7324699881031586,5.551115123125783e-16,7.771561172376096e-16,0.02558898546462461,zero,4.440892098500626e-16,False,0.18823529411764708,5.551115123125783e-17,5.551115123125783e-17,0.0,1.942890293094024e-16,zero,0.7529411764705881,1.1102230246251565e-16,1.1102230246251565e-16,0.0,8.881784197001252e-16,zero
form(0-1-2) | absent(0-3) => weak_suppress,P->T,weak_suppress,2,0.18311749702578967,0.18311749702578972,-5.551115123125783e-17,1.1102230246251565e-16,0.0255889854646246,zero,-8.326672684688674e-17,False,0.7324699881031588,0.7324699881031586,2.220446049250313e-16,1.1102230246251565e-15,0.025588985464624597,zero,2.220446049250313e-16,False,0.18311749702578967,0.18311749702578975,-8.326672684688674e-17,1.942890293094024e-16,0.02558898546462459,zero,-5.551115123125783e-17,False,0.7324699881031586,0.7324699881031581,4.440892098500626e-16,7.771561172376096e-16,0.025588985464624597,zero,4.440892098500626e-16,False,0.1831174970257897,0.18311749702578978,-8.326672684688674e-17,5.551115123125783e-17,0.025588985464624583,zero,-5.551115123125783e-17,False,0.7324699881031587,0.7324699881031594,-7.771561172376096e-16,7.771561172376096e-16,0.025588985464624587,zero,-5.551115123125783e-16,False,0.18311749702578964,0.18311749702578972,-8.326672684688674e-17,1.6653345369377348e-16,0.025588985464624604,zero,-5.551115123125783e-17,False,0.7324699881031587,0.7324699881031586,1.1102230246251565e-16,1.6653345369377348e-15,0.02558898546462459,zero,1.1102230246251565e-16,False,0.18311749702578972,0.18311749702578972,0.0,1.6653345369377348e-16,0.025588985464624594,zero,-8.326672684688674e-17,False,0.7324699881031587,0.7324699881031586,1.1102230246251565e-16,8.881784197001252e-16,0.025588985464624604,zero,2.220446049250313e-16,False,0.18823529411764708,5.551115123125783e-17,5.551115123125783e-17,0.0,1.3877787807814457e-16,zero,0.7529411764705882,2.220446049250313e-16,2.220446049250313e-16,0.0,5.551115123125783e-16,zero
form(0-1-2) | absent(0-3) => weak_favour,P->T,weak_favour,2,0.18311749702578967,0.18311749702578972,-5.551115123125783e-17,1.6653345369377348e-16,0.025588985464624597,zero,-2.7755575615628914e-17,False,0.7324699881031588,0.7324699881031586,2.220446049250313e-16,9.992007221626409e-16,0.025588985464624587,zero,2.220446049250313e-16,False,0.1831174970257896,0.18311749702578975,-1.3877787807814457e-16,1.6653345369377348e-16,0.025588985464624563,zero,-1.1102230246251565e-16,False,0.7324699881031587,0.7324699881031581,5.551115123125783e-16,9.992007221626409e-16,0.025588985464624552,zero,2.220446049250313e-16,False,0.1831174970257897,0.18311749702578978,-8.326672684688674e-17,1.6653345369377348e-16,0.0255889854646246,zero,-1.1102230246251565e-16,False,0.732469988103159,0.7324699881031594,-4.440892098500626e-16,1.6653345369377348e-15,0.025588985464624604,zero,-5.551115123125783e-16,False,0.18311749702578967,0.18311749702578972,-5.551115123125783e-17,1.3877787807814457e-16,0.025588985464624597,zero,-2.7755575615628914e-17,False,0.7324699881031586,0.7324699881031586,0.0,1.6653345369377348e-15,0.025588985464624597,zero,1.1102230246251565e-16,False,0.1831174970257897,0.18311749702578972,-2.7755575615628914e-17,1.1102230246251565e-16,0.025588985464624597,zero,0.0,False,0.7324699881031587,0.7324699881031586,1.1102230246251565e-16,2.3314683517128287e-15,0.025588985464624604,zero,3.3306690738754696e-16,False,0.18823529411764708,5.551115123125783e-17,5.551115123125783e-17,0.0,1.1102230246251565e-16,zero,0.7529411764705882,2.220446049250313e-16,1.1102230246251565e-16,-1.1102230246251565e-16,5.551115123125783e-16,zero
form(0-1-2) | absent(0-3) => strong_favour,P->T,strong_favour,2,0.1831174970257897,0.18311749702578972,-2.7755575615628914e-17,1.1102230246251565e-16,0.025588985464624597,zero,0.0,False,0.7324699881031587,0.7324699881031586,1.1102230246251565e-16,2.3314683517128287e-15,0.025588985464624604,zero,3.3306690738754696e-16,False,0.18311749702578964,0.18311749702578975,-1.1102230246251565e-16,1.3877787807814457e-16,0.025588985464624542,zero,-8.326672684688674e-17,False,0.7324699881031586,0.7324699881031581,4.440892098500626e-16,1.2212453270876722e-15,0.02558898546462455,zero,2.220446049250313e-16,False,0.18311749702578972,0.18311749702578978,-5.551115123125783e-17,1.3877787807814457e-16,0.0255889854646246,zero,-1.1102230246251565e-16,False,0.7324699881031589,0.7324699881031594,-5.551115123125783e-16,1.5543122344752192e-15,0.02558898546462461,zero,-5.551115123125783e-16,False,0.1831174970257897,0.18311749702578972,-2.7755575615628914e-17,8.326672684688674e-17,0.02558898546462459,zero,-5.551115123125783e-17,False,0.732469988103159,0.7324699881031586,4.440892098500626e-16,1.1102230246251565e-15,0.025588985464624615,zero,2.220446049250313e-16,False,0.18311749702578967,0.18311749702578972,-5.551115123125783e-17,5.551115123125783e-17,0.02558898546462459,zero,-5.551115123125783e-17,False,0.7324699881031587,0.7324699881031586,1.1102230246251565e-16,1.2212453270876722e-15,0.025588985464624597,zero,1.1102230246251565e-16,False,0.18823529411764708,5.551115123125783e-17,8.326672684688674e-17,2.7755575615628914e-17,1.3877787807814457e-16,zero,0.7529411764705882,2.220446049250313e-16,4.440892098500626e-16,2.220446049250313e-16,8.881784197001252e-16,zero
form(0-1-2) | present(0-3) => prohibit,P->T,prohibit,2,0.18311749702578967,0.18311749702578972,-5.551115123125783e-17,1.1102230246251565e-16,0.025588985464624594,zero,-8.326672684688674e-17,False,0.7324699881031589,0.7324699881031586,3.3306690738754696e-16,1.1102230246251565e-15,0.025588985464624604,zero,0.0,False,0.18311749702578967,0.18311749702578975,-8.326672684688674e-17,1.1102230246251565e-16,0.025588985464624577,zero,-5.551115123125783e-17,False,0.7324699881031587,0.7324699881031581,5.551115123125783e-16,2.886579864025407e-15,0.025588985464624573,zero,3.3306690738754696e-16,False,0.18311749702578972,0.18311749702578978,-5.551115123125783e-17,1.942890293094024e-16,0.02558898546462461,zero,0.0,False,0.7324699881031591,0.7324699881031594,-3.3306690738754696e-16,8.881784197001252e-16,0.02558898546462461,zero,-3.3306690738754696e-16,False,0.18311749702578967,0.18311749702578972,-5.551115123125783e-17,1.1102230246251565e-16,0.025588985464624594,zero,-8.326672684688674e-17,False,0.7324699881031589,0.7324699881031586,3.3306690738754696e-16,1.1102230246251565e-15,0.025588985464624604,zero,0.0,False,0.18311749702578967,0.18311749702578972,-5.551115123125783e-17,1.1102230246251565e-16,0.025588985464624594,zero,-8.326672684688674e-17,False,0.7324699881031589,0.7324699881031586,3.3306690738754696e-16,1.1102230246251565e-15,0.025588985464624604,zero,0.0,False,0.18823529411764706,2.7755575615628914e-17,2.7755575615628914e-17,0.0,1.6653345369377348e-16,zero,0.7529411764705882,2.220446049250313e-16,2.220446049250313e-16,0.0,5.551115123125783e-16,zero
form(0-1-2) | present(0-3) => strong_suppress,P->T,strong_suppress,2,0.18311749702578975,0.18311749702578972,2.7755575615628914e-17,1.6653345369377348e-16,0.02558898546462462,zero,-5.551115123125783e-17,False,0.732469988103159,0.7324699881031586,4.440892098500626e-16,2.6645352591003757e-15,0.025588985464624608,zero,1.1102230246251565e-16,False,0.1831174970257897,0.18311749702578975,-5.551115123125783e-17,1.6653345369377348e-16,0.025588985464624583,zero,-5.551115123125783e-17,False,0.7324699881031587,0.7324699881031581,5.551115123125783e-16,1.4432899320127035e-15,0.025588985464624597,zero,3.3306690738754696e-16,False,0.18311749702578972,0.18311749702578978,-5.551115123125783e-17,1.1102230246251565e-16,0.025588985464624597,zero,-5.551115123125783e-17,False,0.7324699881031588,0.7324699881031594,-6.661338147750939e-16,1.1102230246251565e-15,0.025588985464624597,zero,-3.3306690738754696e-16,False,0.1831174970257898,0.18311749702578972,8.326672684688674e-17,2.7755575615628914e-16,0.025588985464624625,zero,2.7755575615628914e-17,False,0.7324699881031592,0.7324699881031586,6.661338147750939e-16,1.6653345369377348e-15,0.025588985464624625,zero,3.3306690738754696e-16,False,0.18311749702578975,0.18311749702578972,2.7755575615628914e-17,1.942890293094024e-16,0.02558898546462461,zero,-5.551115123125783e-17,False,0.7324699881031591,0.7324699881031586,5.551115123125783e-16,1.3322676295501878e-15,0.025588985464624625,zero,1.1102230246251565e-16,False,0.18823529411764708,5.551115123125783e-17,8.326672684688674e-17,2.7755575615628914e-17,1.3877787807814457e-16,zero,0.7529411764705882,2.220446049250313e-16,2.220446049250313e-16,0.0,5.551115123125783e-16,zero
form(0-1-2) | present(0-3) => weak_suppress,P->T,weak_suppress,2,0.18311749702578964,0.18311749702578972,-8.326672684688674e-17,1.942890293094024e-16,0.025588985464624597,zero,-5.551115123125783e-17,False,0.7324699881031592,0.7324699881031586,6.661338147750939e-16,1.3322676295501878e-15,0.02558898546462464,zero,1.1102230246251565e-16,False,0.18311749702578967,0.18311749702578975,-8.326672684688674e-17,1.3877787807814457e-16,0.025588985464624583,zero,-2.7755575615628914e-17,False,0.7324699881031587,0.7324699881031581,5.551115123125783e-16,1.3322676295501878e-15,0.025588985464624583,zero,2.220446049250313e-16,False,0.18311749702578972,0.18311749702578978,-5.551115123125783e-17,1.6653345369377348e-16,0.025588985464624597,zero,-2.7755575615628914e-17,False,0.7324699881031587,0.7324699881031594,-7.771561172376096e-16,1.3322676295501878e-15,0.025588985464624604,zero,-3.3306690738754696e-16,False,0.18311749702578967,0.18311749702578972,-5.551115123125783e-17,1.6653345369377348e-16,0.025588985464624583,zero,-5.551115123125783e-17,False,0.7324699881031586,0.7324699881031586,0.0,9.992007221626409e-16,0.025588985464624594,zero,0.0,False,0.18311749702578975,0.18311749702578972,2.7755575615628914e-17,1.6653345369377348e-16,0.02558898546462462,zero,-5.551115123125783e-17,False,0.732469988103159,0.7324699881031586,4.440892098500626e-16,2.6645352591003757e-15,0.025588985464624608,zero,1.1102230246251565e-16,False,0.18823529411764706,2.7755575615628914e-17,2.7755575615628914e-17,0.0,8.326672684688674e-17,zero,0.7529411764705881,1.1102230246251565e-16,2.220446049250313e-16,1.1102230246251565e-16,4.440892098500626e-16,zero
form(0-1-2) | present(0-3) => weak_favour,P->T,weak_favour,2,0.18311749702578964,0.18311749702578972,-8.326672684688674e-17,1.1102230246251565e-16,0.025588985464624577,zero,-5.551115123125783e-17,False,0.7324699881031588,0.7324699881031586,2.220446049250313e-16,9.992007221626409e-16,0.02558898546462459,zero,1.1102230246251565e-16,False,0.1831174970257896,0.18311749702578975,-1.3877787807814457e-16,1.3877787807814457e-16,0.025588985464624556,zero,-8.326672684688674e-17,False,0.7324699881031586,0.7324699881031581,4.440892098500626e-16,2.6645352591003757e-15,0.025588985464624545,zero,2.220446049250313e-16,False,0.18311749702578975,0.18311749702578978,-2.7755575615628914e-17,2.220446049250313e-16,0.025588985464624618,zero,-2.7755575615628914e-17,False,0.7324699881031587,0.7324699881031594,-7.771561172376096e-16,1.1102230246251565e-15,0.025588985464624597,zero,-4.440892098500626e-16,False,0.18311749702578967,0.18311749702578972,-5.551115123125783e-17,1.1102230246251565e-16,0.0255889854646246,zero,-5.551115123125783e-17,False,0.7324699881031591,0.7324699881031586,5.551115123125783e-16,8.881784197001252e-16,0.025588985464624618,zero,1.1102230246251565e-16,False,0.18311749702578964,0.18311749702578972,-8.326672684688674e-17,2.498001805406602e-16,0.025588985464624583,zero,0.0,False,0.7324699881031589,0.7324699881031586,3.3306690738754696e-16,1.3322676295501878e-15,0.025588985464624594,zero,2.220446049250313e-16,False,0.18823529411764703,0.0,-2.7755575615628914e-17,-2.7755575615628914e-17,1.1102230246251565e-16,zero,0.752941176470588,0.0,1.1102230246251565e-16,1.1102230246251565e-16,6.661338147750939e-16,zero
form(0-1-2) | present(0-3) => strong_favour,P->T,strong_favour,2,0.18311749702578964,0.18311749702578972,-8.326672684688674e-17,2.498001805406602e-16,0.025588985464624583,zero,0.0,False,0.7324699881031589,0.7324699881031586,3.3306690738754696e-16,1.3322676295501878e-15,0.025588985464624594,zero,2.220446049250313e-16,False,0.18311749702578964,0.18311749702578975,-1.1102230246251565e-16,1.6653345369377348e-16,0.025588985464624563,zero,-8.326672684688674e-17,False,0.7324699881031587,0.7324699881031581,5.551115123125783e-16,2.1094237467877974e-15,0.025588985464624535,zero,2.220446049250313e-16,False,0.18311749702578972,0.18311749702578978,-5.551115123125783e-17,8.326672684688674e-17,0.02558898546462459,zero,-8.326672684688674e-17,False,0.732469988103159,0.7324699881031594,-4.440892098500626e-16,4.440892098500626e-16,0.025588985464624597,zero,-3.3306690738754696e-16,False,0.18311749702578986,0.18311749702578972,1.3877787807814457e-16,1.3877787807814457e-16,0.02558898546462463,zero,-8.326672684688674e-17,False,0.7324699881031588,0.7324699881031586,2.220446049250313e-16,7.771561172376096e-16,0.025588985464624597,zero,2.220446049250313e-16,False,0.18311749702578964,0.18311749702578972,-8.326672684688674e-17,1.1102230246251565e-16,0.025588985464624587,zero,-8.326672684688674e-17,False,0.7324699881031588,0.7324699881031586,2.220446049250313e-16,1.887379141862766e-15,0.025588985464624577,zero,2.220446049250313e-16,False,0.1882352941176471,8.326672684688674e-17,8.326672684688674e-17,0.0,1.3877787807814457e-16,zero,0.7529411764705882,2.220446049250313e-16,3.3306690738754696e-16,1.1102230246251565e-16,3.3306690738754696e-16,zero
form(0-1-2) | absent(0-1-3) => prohibit,T->T,prohibit,2,0.18311749702578983,0.18311749702578972,1.1102230246251565e-16,2.220446049250313e-16,0.025588985464624646,zero,-2.7755575615628914e-17,False,0.7324699881031592,0.7324699881031586,6.661338147750939e-16,1.9984014443252818e-15,0.02558898546462464,zero,5.551115123125783e-16,False,0.1831174970257896,0.18311749702578975,-1.3877787807814457e-16,2.220446049250313e-16,0.025588985464624528,zero,-1.1102230246251565e-16,False,0.7324699881031589,0.7324699881031581,7.771561172376096e-16,1.7763568394002505e-15,0.02558898546462453,zero,2.220446049250313e-16,False,0.18311749702578972,0.18311749702578978,-5.551115123125783e-17,2.220446049250313e-16,0.02558898546462459,zero,-1.1102230246251565e-16,False,0.7324699881031587,0.7324699881031594,-7.771561172376096e-16,2.220446049250313e-15,0.025588985464624577,zero,-6.661338147750939e-16,False,0.18311749702578983,0.18311749702578972,1.1102230246251565e-16,2.220446049250313e-16,0.025588985464624646,zero,-2.7755575615628914e-17,False,0.7324699881031592,0.7324699881031586,6.661338147750939e-16,1.9984014443252818e-15,0.02558898546462464,zero,5.551115123125783e-16,False,0.18311749702578983,0.18311749702578972,1.1102230246251565e-16,2.220446049250313e-16,0.025588985464624646,zero,-2.7755575615628914e-17,False,0.7324699881031592,0.7324699881031586,6.661338147750939e-16,1.9984014443252818e-15,0.02558898546462464,zero,5.551115123125783e-16,False,0.18823529411764714,1.1102230246251565e-16,8.326672684688674e-17,-2.7755575615628914e-17,2.220446049250313e-16,zero,0.7529411764705884,4.440892098500626e-16,5.551115123125783e-16,1.1102230246251565e-16,9.992007221626409e-16,zero
form(0-1-2) | absent(0-1-3) => strong_suppress,T->T,strong_suppress,2,0.18311749702578978,0.18311749702578972,5.551115123125783e-17,2.7755575615628914e-16,0.02558898546462462,zero,8.326672684688674e-17,False,0.732469988103159,0.7324699881031586,4.440892098500626e-16,1.3322676295501878e-15,0.025588985464624615,zero,5.551115123125783e-16,False,0.1831174970257897,0.18311749702578975,-5.551115123125783e-17,2.220446049250313e-16,0.025588985464624577,zero,-8.326672684688674e-17,False,0.7324699881031586,0.7324699881031581,4.440892098500626e-16,2.6645352591003757e-15,0.025588985464624577,zero,4.440892098500626e-16,False,0.18311749702578972,0.18311749702578978,-5.551115123125783e-17,1.942890293094024e-16,0.02558898546462461,zero,-5.551115123125783e-17,False,0.7324699881031588,0.7324699881031594,-6.661338147750939e-16,1.5543122344752192e-15,0.025588985464624597,zero,-7.771561172376096e-16,False,0.1831174970257897,0.18311749702578972,-2.7755575615628914e-17,1.6653345369377348e-16,0.025588985464624597,zero,-2.7755575615628914e-17,False,0.7324699881031589,0.7324699881031586,3.3306690738754696e-16,9.992007221626409e-16,0.025588985464624604,zero,2.220446049250313e-16,False,0.18311749702578975,0.18311749702578972,2.7755575615628914e-17,2.498001805406602e-16,0.025588985464624625,zero,0.0,False,0.732469988103159,0.7324699881031586,4.440892098500626e-16,1.6653345369377348e-15,0.025588985464624608,zero,3.3306690738754696e-16,False,0.1882352941176471,8.326672684688674e-17,8.326672684688674e-17,0.0,1.6653345369377348e-16,zero,0.7529411764705884,4.440892098500626e-16,4.440892098500626e-16,0.0,6.661338147750939e-16,zero
form(0-1-2) | absent(0-1-3) => weak_suppress,T->T,weak_suppress,2,0.18311749702578975,0.18311749702578972,2.7755575615628914e-17,1.942890293094024e-16,0.025588985464624618,zero,0.0,False,0.7324699881031591,0.7324699881031586,5.551115123125783e-16,1.7763568394002505e-15,0.02558898546462461,zero,4.440892098500626e-16,False,0.18311749702578967,0.18311749702578975,-8.326672684688674e-17,3.608224830031759e-16,0.02558898546462459,zero,-5.551115123125783e-17,False,0.7324699881031588,0.7324699881031581,6.661338147750939e-16,1.4432899320127035e-15,0.025588985464624577,zero,5.551115123125783e-16,False,0.18311749702578975,0.18311749702578978,-2.7755575615628914e-17,2.498001805406602e-16,0.025588985464624618,zero,-5.551115123125783e-17,False,0.732469988103159,0.7324699881031594,-4.440892098500626e-16,2.1094237467877974e-15,0.025588985464624604,zero,-3.3306690738754696e-16,False,0.18311749702578978,0.18311749702578972,5.551115123125783e-17,2.220446049250313e-16,0.02558898546462461,zero,0.0,False,0.7324699881031587,0.7324699881031586,1.1102230246251565e-16,1.5543122344752192e-15,0.025588985464624604,zero,2.220446049250313e-16,False,0.18311749702578978,0.18311749702578972,5.551115123125783e-17,2.7755575615628914e-16,0.02558898546462462,zero,8.326672684688674e-17,False,0.732469988103159,0.7324699881031586,4.440892098500626e-16,1.3322676295501878e-15,0.025588985464624615,zero,5.551115123125783e-16,False,0.18823529411764714,1.1102230246251565e-16,1.1102230246251565e-16,0.0,1.3877787807814457e-16,zero,0.7529411764705882,2.220446049250313e-16,3.3306690738754696e-16,1.1102230246251565e-16,4.440892098500626e-16,zero
form(0-1-2) | absent(0-1-3) => weak_favour,T->T,weak_favour,2,0.18311749702578967,0.18311749702578972,-5.551115123125783e-17,1.6653345369377348e-16,0.025588985464624604,zero,0.0,False,0.7324699881031589,0.7324699881031586,3.3306690738754696e-16,1.9984014443252818e-15,0.025588985464624604,zero,5.551115123125783e-16,False,0.18311749702578964,0.18311749702578975,-1.1102230246251565e-16,8.326672684688674e-17,0.025588985464624545,zero,-1.1102230246251565e-16,False,0.7324699881031587,0.7324699881031581,5.551115123125783e-16,1.5543122344752192e-15,0.02558898546462456,zero,4.440892098500626e-16,False,0.18311749702578972,0.18311749702578978,-5.551115123125783e-17,1.942890293094024e-16,0.025588985464624597,zero,-2.7755575615628914e-17,False,0.7324699881031589,0.7324699881031594,-5.551115123125783e-16,1.5543122344752192e-15,0.025588985464624608,zero,-3.3306690738754696e-16,False,0.18311749702578967,0.18311749702578972,-5.551115123125783e-17,1.3877787807814457e-16,0.025588985464624577,zero,-5.551115123125783e-17,False,0.7324699881031588,0.7324699881031586,2.220446049250313e-16,1.6653345369377348e-15,0.025588985464624597,zero,3.3306690738754696e-16,False,0.1831174970257897,0.18311749702578972,-2.7755575615628914e-17,1.6653345369377348e-16,0.02558898546462457,zero,0.0,False,0.7324699881031587,0.7324699881031586,1.1102230246251565e-16,1.4432899320127035e-15,0.025588985464624594,zero,2.220446049250313e-16,False,0.18823529411764708,5.551115123125783e-17,5.551115123125783e-17,0.0,2.220446049250313e-16,zero,0.7529411764705882,2.220446049250313e-16,4.440892098500626e-16,2.220446049250313e-16,3.3306690738754696e-16,zero
form(0-1-2) | absent(0-1-3) => strong_favour,T->T,strong_favour,2,0.1831174970257897,0.18311749702578972,-2.7755575615628914e-17,1.6653345369377348e-16,0.02558898546462457,zero,0.0,False,0.7324699881031587,0.7324699881031586,1.1102230246251565e-16,1.4432899320127035e-15,0.025588985464624594,zero,2.220446049250313e-16,False,0.1831174970257897,0.18311749702578975,-5.551115123125783e-17,2.220446049250313e-16,0.02558898546462459,zero,-8.326672684688674e-17,False,0.7324699881031589,0.7324699881031581,7.771561172376096e-16,3.1086244689504383e-15,0.02558898546462459,zero,6.661338147750939e-16,False,0.18311749702578975,0.18311749702578978,-2.7755575615628914e-17,1.6653345369377348e-16,0.02558898546462461,zero,-8.326672684688674e-17,False,0.7324699881031591,0.7324699881031594,-3.3306690738754696e-16,1.4432899320127035e-15,0.025588985464624625,zero,-6.661338147750939e-16,False,0.18311749702578972,0.18311749702578972,0.0,1.6653345369377348e-16,0.0255889854646246,zero,-5.551115123125783e-17,False,0.7324699881031587,0.7324699881031586,1.1102230246251565e-16,1.2212453270876722e-15,0.02558898546462459,zero,1.1102230246251565e-16,False,0.18311749702578975,0.18311749702578972,2.7755575615628914e-17,3.3306690738754696e-16,0.02558898546462461,zero,2.7755575615628914e-17,False,0.7324699881031591,0.7324699881031586,5.551115123125783e-16,1.4432899320127035e-15,0.025588985464624618,zero,4.440892098500626e-16,False,0.18823529411764703,0.0,2.7755575615628914e-17,2.7755575615628914e-17,1.1102230246251565e-16,zero,0.7529411764705882,2.220446049250313e-16,1.1102230246251565e-16,-1.1102230246251565e-16,8.881784197001252e-16,zero
form(0-1-2) | present(0-1-3) => prohibit,T->T,prohibit,2,0.18311749702578975,0.18311749702578972,2.7755575615628914e-17,1.942890293094024e-16,0.025588985464624632,zero,0.0,False,0.7324699881031591,0.7324699881031586,5.551115123125783e-16,1.6653345369377348e-15,0.025588985464624618,zero,2.220446049250313e-16,False,0.1831174970257896,0.18311749702578975,-1.3877787807814457e-16,1.1102230246251565e-16,0.02558898546462452,zero,-8.326672684688674e-17,False,0.7324699881031586,0.7324699881031581,4.440892098500626e-16,1.4432899320127035e-15,0.025588985464624528,zero,4.440892098500626e-16,False,0.18311749702578972,0.18311749702578978,-5.551115123125783e-17,1.942890293094024e-16,0.02558898546462461,zero,-1.1102230246251565e-16,False,0.732469988103159,0.7324699881031594,-4.440892098500626e-16,1.7763568394002505e-15,0.02558898546462461,zero,-5.551115123125783e-16,False,0.18311749702578975,0.18311749702578972,2.7755575615628914e-17,1.942890293094024e-16,0.025588985464624632,zero,0.0,False,0.7324699881031591,0.7324699881031586,5.551115123125783e-16,1.6653345369377348e-15,0.025588985464624618,zero,2.220446049250313e-16,False,0.18311749702578975,0.18311749702578972,2.7755575615628914e-17,1.942890293094024e-16,0.025588985464624632,zero,0.0,False,0.7324699881031591,0.7324699881031586,5.551115123125783e-16,1.6653345369377348e-15,0.025588985464624618,zero,2.220446049250313e-16,False,0.18823529411764714,1.1102230246251565e-16,8.326672684688674e-17,-2.7755575615628914e-17,1.6653345369377348e-16,zero,0.7529411764705883,3.3306690738754696e-16,3.3306690738754696e-16,0.0,7.771561172376096e-16,zero
form(0-1-2) | present(0-1-3) => strong_suppress,T->T,strong_suppress,2,0.1831174970257897,0.18311749702578972,-2.7755575615628914e-17,2.220446049250313e-16,0.025588985464624587,zero,0.0,False,0.7324699881031587,0.7324699881031586,1.1102230246251565e-16,2.4424906541753444e-15,0.025588985464624583,zero,3.3306690738754696e-16,False,0.18311749702578967,0.18311749702578975,-8.326672684688674e-17,3.3306690738754696e-16,0.025588985464624552,zero,-8.326672684688674e-17,False,0.7324699881031586,0.7324699881031581,4.440892098500626e-16,1.7763568394002505e-15,0.02558898546462454,zero,3.3306690738754696e-16,False,0.18311749702578967,0.18311749702578978,-1.1102230246251565e-16,1.3877787807814457e-16,0.025588985464624597,zero,-8.326672684688674e-17,False,0.7324699881031588,0.7324699881031594,-6.661338147750939e-16,1.5543122344752192e-15,0.025588985464624594,zero,-6.661338147750939e-16,False,0.18311749702578967,0.18311749702578972,-5.551115123125783e-17,1.3877787807814457e-16,0.025588985464624604,zero,-2.7755575615628914e-17,False,0.7324699881031587,0.7324699881031586,1.1102230246251565e-16,6.661338147750939e-16,0.025588985464624597,zero,3.3306690738754696e-16,False,0.18311749702578972,0.18311749702578972,0.0,3.0531133177191805e-16,0.02558898546462461,zero,0.0,False,0.732469988103159,0.7324699881031586,4.440892098500626e-16,1.7763568394002505e-15,0.02558898546462461,zero,2.220446049250313e-16,False,0.18823529411764706,2.7755575615628914e-17,2.7755575615628914e-17,0.0,1.6653345369377348e-16,zero,0.7529411764705882,2.220446049250313e-16,2.220446049250313e-16,0.0,6.661338147750939e-16,zero
form(0-1-2) | present(0-1-3) => weak_suppress,T->T,weak_suppress,2,0.1831174970257897,0.18311749702578972,-2.7755575615628914e-17,1.942890293094024e-16,0.02558898546462459,zero,-2.7755575615628914e-17,False,0.7324699881031588,0.7324699881031586,2.220446049250313e-16,1.5543122344752192e-15,0.025588985464624583,zero,3.3306690738754696e-16,False,0.1831174970257896,0.18311749702578975,-1.3877787807814457e-16,2.220446049250313e-16,0.02558898546462455,zero,-1.1102230246251565e-16,False,0.7324699881031586,0.7324699881031581,4.440892098500626e-16,1.887379141862766e-15,0.02558898546462454,zero,3.3306690738754696e-16,False,0.18311749702578975,0.18311749702578978,-2.7755575615628914e-17,3.3306690738754696e-16,0.025588985464624618,zero,-1.1102230246251565e-16,False,0.732469988103159,0.7324699881031594,-4.440892098500626e-16,2.3314683517128287e-15,0.025588985464624608,zero,-5.551115123125783e-16,False,0.18311749702578975,0.18311749702578972,2.7755575615628914e-17,2.7755575615628914e-16,0.025588985464624618,zero,8.326672684688674e-17,False,0.7324699881031587,0.7324699881031586,1.1102230246251565e-16,1.887379141862766e-15,0.0255889854646246,zero,2.220446049250313e-16,False,0.1831174970257897,0.18311749702578972,-2.7755575615628914e-17,2.220446049250313e-16,0.025588985464624587,zero,0.0,False,0.7324699881031587,0.7324699881031586,1.1102230246251565e-16,2.4424906541753444e-15,0.025588985464624583,zero,3.3306690738754696e-16,False,0.18823529411764706,2.7755575615628914e-17,5.551115123125783e-17,2.7755575615628914e-17,1.6653345369377348e-16,zero,0.752941176470588,0.0,1.1102230246251565e-16,1.1102230246251565e-16,8.881784197001252e-16,zero
form(0-1-2) | present(0-1-3) => weak_favour,T->T,weak_favour,2,0.18311749702578967,0.18311749702578972,-5.551115123125783e-17,1.942890293094024e-16,0.025588985464624594,zero,0.0,False,0.7324699881031587,0.7324699881031586,1.1102230246251565e-16,1.3322676295501878e-15,0.02558898546462459,zero,3.3306690738754696e-16,False,0.1831174970257897,0.18311749702578975,-5.551115123125783e-17,1.3877787807814457e-16,0.025588985464624542,zero,-1.1102230246251565e-16,False,0.7324699881031586,0.7324699881031581,4.440892098500626e-16,2.1094237467877974e-15,0.025588985464624535,zero,3.3306690738754696e-16,False,0.18311749702578967,0.18311749702578978,-1.1102230246251565e-16,8.326672684688674e-17,0.025588985464624577,zero,-1.1102230246251565e-16,False,0.7324699881031588,0.7324699881031594,-6.661338147750939e-16,1.6653345369377348e-15,0.025588985464624577,zero,-5.551115123125783e-16,False,0.18311749702578964,0.18311749702578972,-8.326672684688674e-17,1.6653345369377348e-16,0.02558898546462457,zero,-8.326672684688674e-17,False,0.7324699881031588,0.7324699881031586,2.220446049250313e-16,3.1086244689504383e-15,0.0255889854646246,zero,2.220446049250313e-16,False,0.18311749702578967,0.18311749702578972,-5.551115123125783e-17,1.1102230246251565e-16,0.02558898546462456,zero,-2.7755575615628914e-17,False,0.7324699881031586,0.7324699881031586,0.0,1.6653345369377348e-15,0.025588985464624577,zero,2.220446049250313e-16,False,0.18823529411764708,5.551115123125783e-17,5.551115123125783e-17,0.0,1.3877787807814457e-16,zero,0.7529411764705884,4.440892098500626e-16,4.440892098500626e-16,0.0,5.551115123125783e-16,zero
form(0-1-2) | present(0-1-3) => strong_favour,T->T,strong_favour,2,0.18311749702578967,0.18311749702578972,-5.551115123125783e-17,1.1102230246251565e-16,0.02558898546462456,zero,-2.7755575615628914e-17,False,0.7324699881031586,0.7324699881031586,0.0,1.6653345369377348e-15,0.025588985464624577,zero,2.220446049250313e-16,False,0.1831174970257897,0.18311749702578975,-5.551115123125783e-17,3.0531133177191805e-16,0.0255889854646246,zero,-8.326672684688674e-17,False,0.7324699881031589,0.7324699881031581,7.771561172376096e-16,2.4424906541753444e-15,0.02558898546462459,zero,6.661338147750939e-16,False,0.18311749702578975,0.18311749702578978,-2.7755575615628914e-17,1.942890293094024e-16,0.02558898546462461,zero,-5.551115123125783e-17,False,0.7324699881031591,0.7324699881031594,-3.3306690738754696e-16,1.9984014443252818e-15,0.025588985464624618,zero,-6.661338147750939e-16,False,0.1831174970257897,0.18311749702578972,-2.7755575615628914e-17,1.1102230246251565e-16,0.0255889854646246,zero,-8.326672684688674e-17,False,0.7324699881031587,0.7324699881031586,1.1102230246251565e-16,1.2212453270876722e-15,0.025588985464624597,zero,1.1102230246251565e-16,False,0.18311749702578967,0.18311749702578972,-5.551115123125783e-17,1.6653345369377348e-16,0.025588985464624577,zero,-2.7755575615628914e-17,False,0.7324699881031588,0.7324699881031586,2.220446049250313e-16,2.1094237467877974e-15,0.025588985464624587,zero,3.3306690738754696e-16,False,0.18823529411764708,5.551115123125783e-17,8.326672684688674e-17,2.7755575615628914e-17,1.6653345369377348e-16,zero,0.7529411764705882,2.220446049250313e-16,3.3306690738754696e-16,1.1102230246251565e-16,7.771561172376096e-16,zero
dissolve(0-1-2) => prohibit,T->T,prohibit,1,0.1831174970257897,0.18311749702578972,-2.7755575615628914e-17,5.551115123125783e-17,0.025588985464624577,zero,5.551115123125783e-17,False,0.7324699881031588,0.7324699881031586,2.220446049250313e-16,1.1102230246251565e-15,0.025588985464624556,zero,6.661338147750939e-16,False,0.1831174970257897,0.18311749702578975,-5.551115123125783e-17,5.551115123125783e-17,0.02558898546462455,zero,-8.326672684688674e-17,False,0.7324699881031589,0.7324699881031581,7.771561172376096e-16,5.551115123125783e-16,0.02558898546462456,zero,5.551115123125783e-16,False,0.1831174970257899,0.18311749702578978,1.1102230246251565e-16,1.1102230246251565e-16,0.025588985464624653,zero,-8.326672684688674e-17,False,0.7324699881031591,0.7324699881031594,-3.3306690738754696e-16,6.661338147750939e-16,0.025588985464624625,zero,-1.1102230246251565e-16,False,0.1831174970257897,0.18311749702578972,-2.7755575615628914e-17,5.551115123125783e-17,0.025588985464624577,zero,5.551115123125783e-17,False,0.7324699881031588,0.7324699881031586,2.220446049250313e-16,1.1102230246251565e-15,0.025588985464624556,zero,6.661338147750939e-16,False,0.1831174970257897,0.18311749702578972,-2.7755575615628914e-17,5.551115123125783e-17,0.025588985464624577,zero,5.551115123125783e-17,False,0.7324699881031588,0.7324699881031586,2.220446049250313e-16,1.1102230246251565e-15,0.025588985464624556,zero,6.661338147750939e-16,False,0.18823529411764708,5.551115123125783e-17,8.326672684688674e-17,2.7755575615628914e-17,1.942890293094024e-16,zero,0.7529411764705884,4.440892098500626e-16,0.0,-4.440892098500626e-16,9.992007221626409e-16,zero
dissolve(0-1-2) => strong_suppress,T->T,strong_suppress,1,0.18311749702578972,0.18311749702578972,0.0,2.7755575615628914e-16,0.025588985464624632,zero,1.1102230246251565e-16,False,0.7324699881031596,0.7324699881031586,9.992007221626409e-16,1.887379141862766e-15,0.02558898546462463,zero,1.3322676295501878e-15,False,0.18311749702578972,0.18311749702578975,-2.7755575615628914e-17,1.6653345369377348e-16,0.02558898546462461,zero,-8.326672684688674e-17,False,0.7324699881031587,0.7324699881031581,5.551115123125783e-16,1.6653345369377348e-15,0.025588985464624604,zero,5.551115123125783e-16,False,0.18311749702578975,0.18311749702578978,-2.7755575615628914e-17,1.6653345369377348e-16,0.0255889854646246,zero,0.0,False,0.732469988103159,0.7324699881031594,-4.440892098500626e-16,1.9984014443252818e-15,0.02558898546462461,zero,-5.551115123125783e-16,False,0.18311749702578986,0.18311749702578972,1.3877787807814457e-16,2.7755575615628914e-16,0.025588985464624615,zero,2.7755575615628914e-17,False,0.7324699881031597,0.7324699881031586,1.1102230246251565e-15,1.6653345369377348e-15,0.025588985464624646,zero,6.661338147750939e-16,False,0.18311749702578967,0.18311749702578972,-5.551115123125783e-17,1.942890293094024e-16,0.02558898546462459,zero,0.0,False,0.7324699881031589,0.7324699881031586,3.3306690738754696e-16,1.7763568394002505e-15,0.025588985464624615,zero,2.220446049250313e-16,False,0.18823529411764714,1.1102230246251565e-16,8.326672684688674e-17,-2.7755575615628914e-17,1.942890293094024e-16,zero,0.7529411764705882,2.220446049250313e-16,3.3306690738754696e-16,1.1102230246251565e-16,7.771561172376096e-16,zero
dissolve(0-1-2) => weak_suppress,T->T,weak_suppress,1,0.1831174970257898,0.18311749702578972,8.326672684688674e-17,3.0531133177191805e-16,0.025588985464624635,zero,0.0,False,0.7324699881031592,0.7324699881031586,6.661338147750939e-16,1.1102230246251565e-15,0.025588985464624635,zero,2.220446049250313e-16,False,0.18311749702578967,0.18311749702578975,-8.326672684688674e-17,3.0531133177191805e-16,0.025588985464624556,zero,-1.1102230246251565e-16,False,0.7324699881031584,0.7324699881031581,3.3306690738754696e-16,2.4424906541753444e-15,0.02558898546462454,zero,3.3306690738754696e-16,False,0.18311749702578967,0.18311749702578978,-1.1102230246251565e-16,1.942890293094024e-16,0.025588985464624604,zero,2.7755575615628914e-17,False,0.7324699881031589,0.7324699881031594,-5.551115123125783e-16,1.6653345369377348e-15,0.025588985464624604,zero,-1.1102230246251565e-16,False,0.1831174970257897,0.18311749702578972,-2.7755575615628914e-17,1.942890293094024e-16,0.025588985464624577,zero,-5.551115123125783e-17,False,0.7324699881031588,0.7324699881031586,2.220446049250313e-16,8.881784197001252e-16,0.025588985464624587,zero,2.220446049250313e-16,False,0.18311749702578972,0.18311749702578972,0.0,2.7755575615628914e-16,0.025588985464624632,zero,1.1102230246251565e-16,False,0.7324699881031596,0.7324699881031586,9.992007221626409e-16,1.887379141862766e-15,0.02558898546462463,zero,1.3322676295501878e-15,False,0.18823529411764714,1.1102230246251565e-16,8.326672684688674e-17,-2.7755575615628914e-17,2.7755575615628914e-16,zero,0.7529411764705884,4.440892098500626e-16,4.440892098500626e-16,0.0,7.771561172376096e-16,zero
dissolve(0-1-2) => weak_favour,T->T,weak_favour,1,0.1831174970257898,0.18311749702578972,8.326672684688674e-17,2.220446049250313e-16,0.025588985464624632,zero,1.1102230246251565e-16,False,0.7324699881031594,0.7324699881031586,8.881784197001252e-16,1.1102230246251565e-15,0.02558898546462464,zero,3.3306690738754696e-16,False,0.18311749702578972,0.18311749702578975,-2.7755575615628914e-17,4.163336342344337e-16,0.025588985464624587,zero,-8.326672684688674e-17,False,0.7324699881031591,0.7324699881031581,9.992007221626409e-16,1.3322676295501878e-15,0.025588985464624597,zero,6.661338147750939e-16,False,0.18311749702578975,0.18311749702578978,-2.7755575615628914e-17,1.942890293094024e-16,0.025588985464624618,zero,-5.551115123125783e-17,False,0.7324699881031596,0.7324699881031594,1.1102230246251565e-16,2.3314683517128287e-15,0.02558898546462462,zero,-7.771561172376096e-16,False,0.18311749702578975,0.18311749702578972,2.7755575615628914e-17,1.1102230246251565e-16,0.025588985464624597,zero,2.7755575615628914e-17,False,0.7324699881031589,0.7324699881031586,3.3306690738754696e-16,1.9984014443252818e-15,0.02558898546462459,zero,1.1102230246251565e-16,False,0.1831174970257897,0.18311749702578972,-2.7755575615628914e-17,2.498001805406602e-16,0.025588985464624615,zero,2.498001805406602e-16,False,0.7324699881031593,0.7324699881031586,7.771561172376096e-16,1.9984014443252818e-15,0.025588985464624653,zero,7.771561172376096e-16,False,0.1882352941176471,8.326672684688674e-17,5.551115123125783e-17,-2.7755575615628914e-17,1.942890293094024e-16,zero,0.7529411764705882,2.220446049250313e-16,2.220446049250313e-16,0.0,6.661338147750939e-16,zero
dissolve(0-1-2) => strong_favour,T->T,strong_favour,1,0.1831174970257897,0.18311749702578972,-2.7755575615628914e-17,2.498001805406602e-16,0.025588985464624615,zero,2.498001805406602e-16,False,0.7324699881031593,0.7324699881031586,7.771561172376096e-16,1.9984014443252818e-15,0.025588985464624653,zero,7.771561172376096e-16,False,0.1831174970257898,0.18311749702578975,5.551115123125783e-17,2.7755575615628914e-16,0.025588985464624615,zero,0.0,False,0.7324699881031596,0.7324699881031581,1.4432899320127035e-15,1.2212453270876722e-15,0.025588985464624597,zero,5.551115123125783e-16,False,0.1831174970257899,0.18311749702578978,1.1102230246251565e-16,1.942890293094024e-16,0.025588985464624632,zero,-5.551115123125783e-17,False,0.7324699881031591,0.7324699881031594,-3.3306690738754696e-16,1.4432899320127035e-15,0.02558898546462463,zero,0.0,False,0.18311749702578975,0.18311749702578972,2.7755575615628914e-17,1.6653345369377348e-16,0.02558898546462462,zero,8.326672684688674e-17,False,0.7324699881031594,0.7324699881031586,8.881784197001252e-16,1.1102230246251565e-15,0.02558898546462462,zero,6.661338147750939e-16,False,0.1831174970257897,0.18311749702578972,-2.7755575615628914e-17,3.3306690738754696e-16,0.02558898546462455,zero,0.0,False,0.7324699881031589,0.7324699881031586,3.3306690738754696e-16,1.5543122344752192e-15,0.025588985464624563,zero,4.440892098500626e-16,False,0.18823529411764714,1.1102230246251565e-16,1.3877787807814457e-16,2.7755575615628914e-17,1.942890293094024e-16,zero,0.7529411764705886,5.551115123125783e-16,6.661338147750939e-16,1.1102230246251565e-16,7.771561172376096e-16,zero
dissolve(0-1-2) | absent(0-1) => prohibit,P->T,prohibit,2,0.1831174970257897,0.18311749702578972,-2.7755575615628914e-17,1.3877787807814457e-16,0.025588985464624597,zero,-5.551115123125783e-17,False,0.7324699881031588,0.7324699881031586,2.220446049250313e-16,1.1102230246251565e-15,0.025588985464624587,zero,1.1102230246251565e-16,False,0.18311749702578964,0.18311749702578975,-1.1102230246251565e-16,1.6653345369377348e-16,0.025588985464624556,zero,-1.1102230246251565e-16,False,0.7324699881031586,0.7324699881031581,4.440892098500626e-16,1.2212453270876722e-15,0.025588985464624556,zero,4.440892098500626e-16,False,0.18311749702578972,0.18311749702578978,-5.551115123125783e-17,1.3877787807814457e-16,0.025588985464624604,zero,-1.1102230246251565e-16,False,0.7324699881031589,0.7324699881031594,-5.551115123125783e-16,1.7763568394002505e-15,0.025588985464624587,zero,-5.551115123125783e-16,False,0.1831174970257897,0.18311749702578972,-2.7755575615628914e-17,1.3877787807814457e-16,0.025588985464624597,zero,-5.551115123125783e-17,False,0.7324699881031588,0.7324699881031586,2.220446049250313e-16,1.1102230246251565e-15,0.025588985464624587,zero,1.1102230246251565e-16,False,0.1831174970257897,0.18311749702578972,-2.7755575615628914e-17,1.3877787807814457e-16,0.025588985464624597,zero,-5.551115123125783e-17,False,0.7324699881031588,0.7324699881031586,2.220446049250313e-16,1.1102230246251565e-15,0.025588985464624587,zero,1.1102230246251565e-16,False,0.18823529411764708,5.551115123125783e-17,1.1102230246251565e-16,5.551115123125783e-17,1.1102230246251565e-16,zero,0.7529411764705882,2.220446049250313e-16,4.440892098500626e-16,2.220446049250313e-16,6.661338147750939e-16,zero
dissolve(0-1-2) | absent(0-1) => strong_suppress,P->T,strong_suppress,2,0.18311749702578972,0.18311749702578972,0.0,1.942890293094024e-16,0.025588985464624594,zero,-8.326672684688674e-17,False,0.7324699881031587,0.7324699881031586,1.1102230246251565e-16,1.1102230246251565e-15,0.025588985464624597,zero,4.440892098500626e-16,False,0.18311749702578967,0.18311749702578975,-8.326672684688674e-17,1.1102230246251565e-16,0.025588985464624577,zero,-1.1102230246251565e-16,False,0.7324699881031589,0.7324699881031581,7.771561172376096e-16,1.5543122344752192e-15,0.025588985464624573,zero,5.551115123125783e-16,False,0.18311749702578975,0.18311749702578978,-2.7755575615628914e-17,1.1102230246251565e-16,0.025588985464624618,zero,-8.326672684688674e-17,False,0.7324699881031588,0.7324699881031594,-6.661338147750939e-16,1.2212453270876722e-15,0.0255889854646246,zero,-7.771561172376096e-16,False,0.18311749702578967,0.18311749702578972,-5.551115123125783e-17,2.498001805406602e-16,0.025588985464624573,zero,-2.7755575615628914e-17,False,0.7324699881031592,0.7324699881031586,6.661338147750939e-16,1.1102230246251565e-15,0.025588985464624618,zero,2.220446049250313e-16,False,0.18311749702578972,0.18311749702578972,0.0,8.326672684688674e-17,0.02558898546462459,zero,2.7755575615628914e-17,False,0.732469988103159,0.7324699881031586,4.440892098500626e-16,6.661338147750939e-16,0.025588985464624604,zero,2.220446049250313e-16,False,0.18823529411764708,5.551115123125783e-17,5.551115123125783e-17,0.0,1.942890293094024e-16,zero,0.7529411764705882,2.220446049250313e-16,2.220446049250313e-16,0.0,7.771561172376096e-16,zero
dissolve(0-1-2) | absent(0-1) => weak_suppress,P->T,weak_suppress,2,0.18311749702578972,0.18311749702578972,0.0,1.3877787807814457e-16,0.025588985464624604,zero,-5.551115123125783e-17,False,0.7324699881031593,0.7324699881031586,7.771561172376096e-16,1.4432899320127035e-15,0.025588985464624615,zero,1.1102230246251565e-16,False,0.18311749702578967,0.18311749702578975,-8.326672684688674e-17,2.498001805406602e-16,0.025588985464624583,zero,-1.3877787807814457e-16,False,0.7324699881031586,0.7324699881031581,4.440892098500626e-16,9.992007221626409e-16,0.025588985464624566,zero,4.440892098500626e-16,False,0.18311749702578972,0.18311749702578978,-5.551115123125783e-17,1.1102230246251565e-16,0.02558898546462459,zero,-5.551115123125783e-17,False,0.7324699881031587,0.7324699881031594,-7.771561172376096e-16,1.4432899320127035e-15,0.025588985464624587,zero,-5.551115123125783e-16,False,0.18311749702578975,0.18311749702578972,2.7755575615628914e-17,2.220446049250313e-16,0.025588985464624608,zero,0.0,False,0.7324699881031587,0.7324699881031586,1.1102230246251565e-16,2.1094237467877974e-15,0.025588985464624577,zero,1.1102230246251565e-16,False,0.18311749702578972,0.18311749702578972,0.0,1.942890293094024e-16,0.025588985464624594,zero,-8.326672684688674e-17,False,0.7324699881031587,0.7324699881031586,1.1102230246251565e-16,1.1102230246251565e-15,0.025588985464624597,zero,4.440892098500626e-16,False,0.18823529411764708,5.551115123125783e-17,5.551115123125783e-17,0.0,1.6653345369377348e-16,zero,0.7529411764705882,2.220446049250313e-16,2.220446049250313e-16,0.0,8.881784197001252e-16,zero
dissolve(0-1-2) | absent(0-1) => weak_favour,P->T,weak_favour,2,0.1831174970257897,0.18311749702578972,-2.7755575615628914e-17,1.1102230246251565e-16,0.025588985464624597,zero,0.0,False,0.7324699881031587,0.7324699881031586,1.1102230246251565e-16,1.9984014443252818e-15,0.025588985464624597,zero,2.220446049250313e-16,False,0.1831174970257896,0.18311749702578975,-1.3877787807814457e-16,2.498001805406602e-16,0.02558898546462458,zero,-5.551115123125783e-17,False,0.7324699881031588,0.7324699881031581,6.661338147750939e-16,9.992007221626409e-16,0.02558898546462457,zero,4.440892098500626e-16,False,0.1831174970257897,0.18311749702578978,-8.326672684688674e-17,1.1102230246251565e-16,0.025588985464624608,zero,-1.1102230246251565e-16,False,0.732469988103159,0.7324699881031594,-4.440892098500626e-16,8.881784197001252e-16,0.025588985464624604,zero,-5.551115123125783e-16,False,0.18311749702578964,0.18311749702578972,-8.326672684688674e-17,1.3877787807814457e-16,0.025588985464624583,zero,-5.551115123125783e-17,False,0.7324699881031587,0.7324699881031586,1.1102230246251565e-16,1.1102230246251565e-15,0.02558898546462459,zero,1.1102230246251565e-16,False,0.18311749702578972,0.18311749702578972,0.0,2.498001805406602e-16,0.0255889854646246,zero,5.551115123125783e-17,False,0.732469988103159,0.7324699881031586,4.440892098500626e-16,2.220446049250313e-15,0.02558898546462461,zero,3.3306690738754696e-16,False,0.18823529411764706,2.7755575615628914e-17,2.7755575615628914e-17,0.0,1.6653345369377348e-16,zero,0.7529411764705882,2.220446049250313e-16,2.220446049250313e-16,0.0,4.440892098500626e-16,zero
dissolve(0-1-2) | absent(0-1) => strong_favour,P->T,strong_favour,2,0.18311749702578972,0.18311749702578972,0.0,2.498001805406602e-16,0.0255889854646246,zero,5.551115123125783e-17,False,0.732469988103159,0.7324699881031586,4.440892098500626e-16,2.220446049250313e-15,0.02558898546462461,zero,3.3306690738754696e-16,False,0.18311749702578967,0.18311749702578975,-8.326672684688674e-17,1.1102230246251565e-16,0.025588985464624573,zero,-5.551115123125783e-17,False,0.7324699881031587,0.7324699881031581,5.551115123125783e-16,9.992007221626409e-16,0.025588985464624577,zero,4.440892098500626e-16,False,0.18311749702578972,0.18311749702578978,-5.551115123125783e-17,1.6653345369377348e-16,0.025588985464624608,zero,-8.326672684688674e-17,False,0.7324699881031591,0.7324699881031594,-3.3306690738754696e-16,5.551115123125783e-16,0.025588985464624608,zero,-3.3306690738754696e-16,False,0.18311749702578967,0.18311749702578972,-5.551115123125783e-17,1.942890293094024e-16,0.0255889854646246,zero,-2.7755575615628914e-17,False,0.732469988103159,0.7324699881031586,4.440892098500626e-16,1.3322676295501878e-15,0.025588985464624618,zero,2.220446049250313e-16,False,0.1831174970257897,0.18311749702578972,-2.7755575615628914e-17,8.326672684688674e-17,0.02558898546462459,zero,-5.551115123125783e-17,False,0.7324699881031588,0.7324699881031586,2.220446049250313e-16,1.1102230246251565e-15,0.0255889854646246,zero,2.220446049250313e-16,False,0.18823529411764708,5.551115123125783e-17,1.1102230246251565e-16,5.551115123125783e-17,1.1102230246251565e-16,zero,0.7529411764705882,2.220446049250313e-16,2.220446049250313e-16,0.0,8.881784197001252e-16,zero
dissolve(0-1-2) | present(0-1) => prohibit,P->T,prohibit,2,0.18311749702578972,0.18311749702578972,0.0,2.7755575615628914e-16,0.02558898546462461,zero,-5.551115123125783e-17,False,0.7324699881031588,0.7324699881031586,2.220446049250313e-16,9.992007221626409e-16,0.025588985464624615,zero,2.220446049250313e-16,False,0.1831174970257897,0.18311749702578975,-5.551115123125783e-17,2.220446049250313e-16,0.025588985464624577,zero,0.0,False,0.7324699881031586,0.7324699881031581,4.440892098500626e-16,3.219646771412954e-15,0.025588985464624563,zero,2.220446049250313e-16,False,0.1831174970257897,0.18311749702578978,-8.326672684688674e-17,1.942890293094024e-16,0.025588985464624604,zero,2.7755575615628914e-17,False,0.7324699881031589,0.7324699881031594,-5.551115123125783e-16,1.2212453270876722e-15,0.025588985464624604,zero,-3.3306690738754696e-16,False,0.18311749702578972,0.18311749702578972,0.0,2.7755575615628914e-16,0.02558898546462461,zero,-5.551115123125783e-17,False,0.7324699881031588,0.7324699881031586,2.220446049250313e-16,9.992007221626409e-16,0.025588985464624615,zero,2.220446049250313e-16,False,0.18311749702578972,0.18311749702578972,0.0,2.7755575615628914e-16,0.02558898546462461,zero,-5.551115123125783e-17,False,0.7324699881031588,0.7324699881031586,2.220446049250313e-16,9.992007221626409e-16,0.025588985464624615,zero,2.220446049250313e-16,False,0.18823529411764708,5.551115123125783e-17,2.7755575615628914e-17,-2.7755575615628914e-17,1.6653345369377348e-16,zero,0.7529411764705883,3.3306690738754696e-16,3.3306690738754696e-16,0.0,8.881784197001252e-16,zero
dissolve(0-1-2) | present(0-1) => strong_suppress,P->T,strong_suppress,2,0.1831174970257897,0.18311749702578972,-2.7755575615628914e-17,1.6653345369377348e-16,0.025588985464624618,zero,-5.551115123125783e-17,False,0.732469988103159,0.7324699881031586,4.440892098500626e-16,1.6653345369377348e-15,0.025588985464624618,zero,1.1102230246251565e-16,False,0.18311749702578967,0.18311749702578975,-8.326672684688674e-17,1.942890293094024e-16,0.025588985464624583,zero,-2.7755575615628914e-17,False,0.7324699881031587,0.7324699881031581,5.551115123125783e-16,1.887379141862766e-15,0.025588985464624604,zero,2.220446049250313e-16,False,0.18311749702578972,0.18311749702578978,-5.551115123125783e-17,1.6653345369377348e-16,0.02558898546462461,zero,-1.1102230246251565e-16,False,0.7324699881031588,0.7324699881031594,-6.661338147750939e-16,1.1102230246251565e-15,0.025588985464624604,zero,-2.220446049250313e-16,False,0.18311749702578972,0.18311749702578972,0.0,1.3877787807814457e-16,0.025588985464624604,zero,-5.551115123125783e-17,False,0.732469988103159,0.7324699881031586,4.440892098500626e-16,1.6653345369377348e-15,0.025588985464624625,zero,1.1102230246251565e-16,False,0.18311749702578964,0.18311749702578972,-8.326672684688674e-17,1.942890293094024e-16,0.02558898546462459,zero,-5.551115123125783e-17,False,0.7324699881031587,0.7324699881031586,1.1102230246251565e-16,1.3322676295501878e-15,0.025588985464624604,zero,1.1102230246251565e-16,False,0.1882352941176471,8.326672684688674e-17,8.326672684688674e-17,0.0,1.3877787807814457e-16,zero,0.7529411764705882,2.220446049250313e-16,2.220446049250313e-16,0.0,5.551115123125783e-16,zero
dissolve(0-1-2) | present(0-1) => weak_suppress,P->T,weak_suppress,2,0.1831174970257897,0.18311749702578972,-2.7755575615628914e-17,1.942890293094024e-16,0.025588985464624618,zero,-8.326672684688674e-17,False,0.7324699881031592,0.7324699881031586,6.661338147750939e-16,1.6653345369377348e-15,0.02558898546462464,zero,2.220446049250313e-16,False,0.18311749702578964,0.18311749702578975,-1.1102230246251565e-16,1.1102230246251565e-16,0.025588985464624542,zero,-5.551115123125783e-17,False,0.7324699881031587,0.7324699881031581,5.551115123125783e-16,1.3322676295501878e-15,0.02558898546462455,zero,1.1102230246251565e-16,False,0.18311749702578972,0.18311749702578978,-5.551115123125783e-17,1.942890293094024e-16,0.025588985464624597,zero,-2.7755575615628914e-17,False,0.7324699881031588,0.7324699881031594,-6.661338147750939e-16,9.992007221626409e-16,0.025588985464624597,zero,-1.1102230246251565e-16,False,0.1831174970257897,0.18311749702578972,-2.7755575615628914e-17,2.220446049250313e-16,0.0255889854646246,zero,-5.551115123125783e-17,False,0.7324699881031587,0.7324699881031586,1.1102230246251565e-16,1.1102230246251565e-15,0.025588985464624618,zero,0.0,False,0.1831174970257897,0.18311749702578972,-2.7755575615628914e-17,1.6653345369377348e-16,0.025588985464624618,zero,-5.551115123125783e-17,False,0.732469988103159,0.7324699881031586,4.440892098500626e-16,1.6653345369377348e-15,0.025588985464624618,zero,1.1102230246251565e-16,False,0.18823529411764714,1.1102230246251565e-16,5.551115123125783e-17,-5.551115123125783e-17,1.6653345369377348e-16,zero,0.7529411764705883,3.3306690738754696e-16,4.440892098500626e-16,1.1102230246251565e-16,4.440892098500626e-16,zero
dissolve(0-1-2) | present(0-1) => weak_favour,P->T,weak_favour,2,0.18311749702578958,0.18311749702578972,-1.3877787807814457e-16,1.6653345369377348e-16,0.025588985464624583,zero,-5.551115123125783e-17,False,0.7324699881031589,0.7324699881031586,3.3306690738754696e-16,1.7763568394002505e-15,0.025588985464624608,zero,1.1102230246251565e-16,False,0.18311749702578967,0.18311749702578975,-8.326672684688674e-17,2.220446049250313e-16,0.025588985464624594,zero,-2.7755575615628914e-17,False,0.7324699881031588,0.7324699881031581,6.661338147750939e-16,2.7755575615628914e-15,0.025588985464624583,zero,1.1102230246251565e-16,False,0.1831174970257897,0.18311749702578978,-8.326672684688674e-17,1.6653345369377348e-16,0.025588985464624597,zero,-8.326672684688674e-17,False,0.7324699881031588,0.7324699881031594,-6.661338147750939e-16,8.881784197001252e-16,0.02558898546462459,zero,-4.440892098500626e-16,False,0.18311749702578967,0.18311749702578972,-5.551115123125783e-17,1.6653345369377348e-16,0.025588985464624583,zero,-8.326672684688674e-17,False,0.7324699881031587,0.7324699881031586,1.1102230246251565e-16,6.661338147750939e-16,0.02558898546462459,zero,1.1102230246251565e-16,False,0.18311749702578964,0.18311749702578972,-8.326672684688674e-17,2.7755575615628914e-16,0.025588985464624583,zero,2.7755575615628914e-17,False,0.7324699881031588,0.7324699881031586,2.220446049250313e-16,7.771561172376096e-16,0.0255889854646246,zero,3.3306690738754696e-16,False,0.18823529411764708,5.551115123125783e-17,5.551115123125783e-17,0.0,1.1102230246251565e-16,zero,0.7529411764705882,2.220446049250313e-16,4.440892098500626e-16,2.220446049250313e-16,4.440892098500626e-16,zero
dissolve(0-1-2) | present(0-1) => strong_favour,P->T,strong_favour,2,0.18311749702578964,0.18311749702578972,-8.326672684688674e-17,2.7755575615628914e-16,0.025588985464624583,zero,2.7755575615628914e-17,False,0.7324699881031588,0.7324699881031586,2.220446049250313e-16,7.771561172376096e-16,0.0255889854646246,zero,3.3306690738754696e-16,False,0.18311749702578972,0.18311749702578975,-2.7755575615628914e-17,2.220446049250313e-16,0.025588985464624608,zero,-2.7755575615628914e-17,False,0.7324699881031586,0.7324699881031581,4.440892098500626e-16,1.2212453270876722e-15,0.02558898546462457,zero,3.3306690738754696e-16,False,0.1831174970257897,0.18311749702578978,-8.326672684688674e-17,1.6653345369377348e-16,0.0255889854646246,zero,-5.551115123125783e-17,False,0.7324699881031589,0.7324699881031594,-5.551115123125783e-16,5.551115123125783e-16,0.0255889854646246,zero,-1.1102230246251565e-16,False,0.18311749702578986,0.18311749702578972,1.3877787807814457e-16,2.220446049250313e-16,0.02558898546462464,zero,2.7755575615628914e-17,False,0.7324699881031589,0.7324699881031586,3.3306690738754696e-16,8.881784197001252e-16,0.025588985464624618,zero,3.3306690738754696e-16,False,0.18311749702578967,0.18311749702578972,-5.551115123125783e-17,1.3877787807814457e-16,0.025588985464624604,zero,-8.326672684688674e-17,False,0.7324699881031588,0.7324699881031586,2.220446049250313e-16,1.5543122344752192e-15,0.025588985464624604,zero,4.440892098500626e-16,False,0.1882352941176471,8.326672684688674e-17,5.551115123125783e-17,-2.7755575615628914e-17,1.3877787807814457e-16,zero,0.7529411764705883,3.3306690738754696e-16,5.551115123125783e-16,2.220446049250313e-16,6.661338147750939e-16,zero
dissolve(0-1-2) | absent(0-3) => prohibit,P->T,prohibit,2,0.1831174970257897,0.18311749702578972,-2.7755575615628914e-17,2.498001805406602e-16,0.025588985464624594,zero,-5.551115123125783e-17,False,0.7324699881031587,0.7324699881031586,1.1102230246251565e-16,1.2212453270876722e-15,0.02558898546462458,zero,1.1102230246251565e-16,False,0.18311749702578967,0.18311749702578975,-8.326672684688674e-17,1.6653345369377348e-16,0.025588985464624573,zero,-8.326672684688674e-17,False,0.7324699881031586,0.7324699881031581,4.440892098500626e-16,1.3322676295501878e-15,0.025588985464624556,zero,3.3306690738754696e-16,False,0.18311749702578972,0.18311749702578978,-5.551115123125783e-17,1.6653345369377348e-16,0.02558898546462461,zero,-8.326672684688674e-17,False,0.7324699881031588,0.7324699881031594,-6.661338147750939e-16,1.2212453270876722e-15,0.025588985464624594,zero,-4.440892098500626e-16,False,0.1831174970257897,0.18311749702578972,-2.7755575615628914e-17,2.498001805406602e-16,0.025588985464624594,zero,-5.551115123125783e-17,False,0.7324699881031587,0.7324699881031586,1.1102230246251565e-16,1.2212453270876722e-15,0.02558898546462458,zero,1.1102230246251565e-16,False,0.1831174970257897,0.18311749702578972,-2.7755575615628914e-17,2.498001805406602e-16,0.025588985464624594,zero,-5.551115123125783e-17,False,0.7324699881031587,0.7324699881031586,1.1102230246251565e-16,1.2212453270876722e-15,0.02558898546462458,zero,1.1102230246251565e-16,False,0.18823529411764706,2.7755575615628914e-17,5.551115123125783e-17,2.7755575615628914e-17,1.3877787807814457e-16,zero,0.7529411764705883,3.3306690738754696e-16,2.220446049250313e-16,-1.1102230246251565e-16,6.661338147750939e-16,zero
dissolve(0-1-2) | absent(0-3) => strong_suppress,P->T,strong_suppress,2,0.18311749702578972,0.18311749702578972,0.0,2.498001805406602e-16,0.025588985464624597,zero,-8.326672684688674e-17,False,0.7324699881031589,0.7324699881031586,3.3306690738754696e-16,1.1102230246251565e-15,0.025588985464624604,zero,3.3306690738754696e-16,False,0.18311749702578967,0.18311749702578975,-8.326672684688674e-17,8.326672684688674e-17,0.025588985464624577,zero,-8.326672684688674e-17,False,0.7324699881031587,0.7324699881031581,5.551115123125783e-16,1.1102230246251565e-15,0.02558898546462457,zero,5.551115123125783e-16,False,0.18311749702578972,0.18311749702578978,-5.551115123125783e-17,1.6653345369377348e-16,0.025588985464624618,zero,-8.326672684688674e-17,False,0.7324699881031588,0.7324699881031594,-6.661338147750939e-16,1.5543122344752192e-15,0.0255889854646246,zero,-5.551115123125783e-16,False,0.18311749702578972,0.18311749702578972,0.0,2.498001805406602e-16,0.02558898546462459,zero,-5.551115123125783e-17,False,0.7324699881031589,0.7324699881031586,3.3306690738754696e-16,1.1102230246251565e-15,0.025588985464624604,zero,3.3306690738754696e-16,False,0.18311749702578972,0.18311749702578972,0.0,1.1102230246251565e-16,0.0255889854646246,zero,0.0,False,0.7324699881031589,0.7324699881031586,3.3306690738754696e-16,1.3322676295501878e-15,0.02558898546462461,zero,2.220446049250313e-16,False,0.18823529411764708,5.551115123125783e-17,2.7755575615628914e-17,-2.7755575615628914e-17,1.3877787807814457e-16,zero,0.7529411764705882,2.220446049250313e-16,2.220446049250313e-16,0.0,9.992007221626409e-16,zero
dissolve(0-1-2) | absent(0-3) => weak_suppress,P->T,weak_suppress,2,0.18311749702578967,0.18311749702578972,-5.551115123125783e-17,1.6653345369377348e-16,0.025588985464624604,zero,-8.326672684688674e-17,False,0.7324699881031591,0.7324699881031586,5.551115123125783e-16,1.1102230246251565e-15,0.025588985464624604,zero,1.1102230246251565e-16,False,0.18311749702578964,0.18311749702578975,-1.1102230246251565e-16,1.942890293094024e-16,0.02558898546462458,zero,-1.1102230246251565e-16,False,0.7324699881031586,0.7324699881031581,4.440892098500626e-16,6.661338147750939e-16,0.025588985464624573,zero,2.220446049250313e-16,False,0.18311749702578972,0.18311749702578978,-5.551115123125783e-17,8.326672684688674e-17,0.025588985464624587,zero,-8.326672684688674e-17,False,0.7324699881031588,0.7324699881031594,-6.661338147750939e-16,9.992007221626409e-16,0.025588985464624587,zero,-5.551115123125783e-16,False,0.18311749702578967,0.18311749702578972,-5.551115123125783e-17,1.942890293094024e-16,0.025588985464624597,zero,0.0,False,0.7324699881031587,0.7324699881031586,1.1102230246251565e-16,1.6653345369377348e-15,0.0255889854646246,zero,1.1102230246251565e-16,False,0.18311749702578972,0.18311749702578972,0.0,2.498001805406602e-16,0.025588985464624597,zero,-8.326672684688674e-17,False,0.7324699881031589,0.7324699881031586,3.3306690738754696e-16,1.1102230246251565e-15,0.025588985464624604,zero,3.3306690738754696e-16,False,0.18823529411764708,5.551115123125783e-17,1.1102230246251565e-16,5.551115123125783e-17,1.942890293094024e-16,zero,0.7529411764705884,4.440892098500626e-16,5.551115123125783e-16,1.1102230246251565e-16,8.881784197001252e-16,zero
dissolve(0-1-2) | absent(0-3) => weak_favour,P->T,weak_favour,2,0.18311749702578964,0.18311749702578972,-8.326672684688674e-17,1.942890293094024e-16,0.02558898546462459,zero,0.0,False,0.7324699881031588,0.7324699881031586,2.220446049250313e-16,1.7763568394002505e-15,0.02558898546462459,zero,2.220446049250313e-16,False,0.18311749702578964,0.18311749702578975,-1.1102230246251565e-16,2.498001805406602e-16,0.025588985464624583,zero,-8.326672684688674e-17,False,0.7324699881031588,0.7324699881031581,6.661338147750939e-16,9.992007221626409e-16,0.02558898546462457,zero,3.3306690738754696e-16,False,0.18311749702578967,0.18311749702578978,-1.1102230246251565e-16,1.6653345369377348e-16,0.025588985464624597,zero,-8.326672684688674e-17,False,0.7324699881031589,0.7324699881031594,-5.551115123125783e-16,1.1102230246251565e-15,0.025588985464624604,zero,-5.551115123125783e-16,False,0.1831174970257896,0.18311749702578972,-1.1102230246251565e-16,1.1102230246251565e-16,0.025588985464624583,zero,-5.551115123125783e-17,False,0.7324699881031586,0.7324699881031586,0.0,1.4432899320127035e-15,0.02558898546462459,zero,1.1102230246251565e-16,False,0.18311749702578972,0.18311749702578972,0.0,2.220446049250313e-16,0.025588985464624604,zero,8.326672684688674e-17,False,0.7324699881031588,0.7324699881031586,2.220446049250313e-16,1.9984014443252818e-15,0.025588985464624604,zero,2.220446049250313e-16,False,0.18823529411764708,5.551115123125783e-17,8.326672684688674e-17,2.7755575615628914e-17,8.326672684688674e-17,zero,0.7529411764705882,2.220446049250313e-16,3.3306690738754696e-16,1.1102230246251565e-16,4.440892098500626e-16,zero
dissolve(0-1-2) | absent(0-3) => strong_favour,P->T,strong_favour,2,0.18311749702578972,0.18311749702578972,0.0,2.220446049250313e-16,0.025588985464624604,zero,8.326672684688674e-17,False,0.7324699881031588,0.7324699881031586,2.220446049250313e-16,1.9984014443252818e-15,0.025588985464624604,zero,2.220446049250313e-16,False,0.1831174970257897,0.18311749702578975,-5.551115123125783e-17,1.3877787807814457e-16,0.02558898546462457,zero,-5.551115123125783e-17,False,0.7324699881031587,0.7324699881031581,5.551115123125783e-16,1.3322676295501878e-15,0.025588985464624577,zero,4.440892098500626e-16,False,0.18311749702578978,0.18311749702578978,0.0,2.220446049250313e-16,0.025588985464624615,zero,-8.326672684688674e-17,False,0.7324699881031589,0.7324699881031594,-5.551115123125783e-16,1.2212453270876722e-15,0.02558898546462461,zero,-3.3306690738754696e-16,False,0.18311749702578967,0.18311749702578972,-5.551115123125783e-17,1.6653345369377348e-16,0.025588985464624594,zero,-2.7755575615628914e-17,False,0.732469988103159,0.7324699881031586,4.440892098500626e-16,1.4432899320127035e-15,0.025588985464624618,zero,3.3306690738754696e-16,False,0.18311749702578967,0.18311749702578972,-5.551115123125783e-17,1.6653345369377348e-16,0.025588985464624597,zero,-5.551115123125783e-17,False,0.7324699881031587,0.7324699881031586,1.1102230246251565e-16,6.661338147750939e-16,0.025588985464624604,zero,2.220446049250313e-16,False,0.18823529411764708,5.551115123125783e-17,8.326672684688674e-17,2.7755575615628914e-17,1.942890293094024e-16,zero,0.7529411764705882,2.220446049250313e-16,3.3306690738754696e-16,1.1102230246251565e-16,7.771561172376096e-16,zero
dissolve(0-1-2) | present(0-3) => prohibit,P->T,prohibit,2,0.1831174970257897,0.18311749702578972,-2.7755575615628914e-17,1.1102230246251565e-16,0.025588985464624608,zero,-5.551115123125783e-17,False,0.7324699881031588,0.7324699881031586,2.220446049250313e-16,1.5543122344752192e-15,0.025588985464624618,zero,2.220446049250313e-16,False,0.1831174970257897,0.18311749702578975,-5.551115123125783e-17,1.6653345369377348e-16,0.025588985464624573,zero,-5.551115123125783e-17,False,0.7324699881031586,0.7324699881031581,4.440892098500626e-16,3.219646771412954e-15,0.025588985464624563,zero,3.3306690738754696e-16,False,0.18311749702578975,0.18311749702578978,-2.7755575615628914e-17,1.1102230246251565e-16,0.025588985464624615,zero,2.7755575615628914e-17,False,0.7324699881031591,0.7324699881031594,-3.3306690738754696e-16,8.881784197001252e-16,0.025588985464624604,zero,-2.220446049250313e-16,False,0.1831174970257897,0.18311749702578972,-2.7755575615628914e-17,1.1102230246251565e-16,0.025588985464624608,zero,-5.551115123125783e-17,False,0.7324699881031588,0.7324699881031586,2.220446049250313e-16,1.5543122344752192e-15,0.025588985464624618,zero,2.220446049250313e-16,False,0.1831174970257897,0.18311749702578972,-2.7755575615628914e-17,1.1102230246251565e-16,0.025588985464624608,zero,-5.551115123125783e-17,False,0.7324699881031588,0.7324699881031586,2.220446049250313e-16,1.5543122344752192e-15,0.025588985464624618,zero,2.220446049250313e-16,False,0.18823529411764708,5.551115123125783e-17,0.0,-5.551115123125783e-17,1.1102230246251565e-16,zero,0.7529411764705881,1.1102230246251565e-16,2.220446049250313e-16,1.1102230246251565e-16,6.661338147750939e-16,zero
dissolve(0-1-2) | present(0-3) => strong_suppress,P->T,strong_suppress,2,0.18311749702578975,0.18311749702578972,2.7755575615628914e-17,1.3877787807814457e-16,0.025588985464624632,zero,-5.551115123125783e-17,False,0.7324699881031592,0.7324699881031586,6.661338147750939e-16,1.6653345369377348e-15,0.025588985464624618,zero,2.220446049250313e-16,False,0.1831174970257897,0.18311749702578975,-5.551115123125783e-17,1.6653345369377348e-16,0.025588985464624594,zero,-5.551115123125783e-17,False,0.7324699881031587,0.7324699881031581,5.551115123125783e-16,2.220446049250313e-15,0.025588985464624608,zero,3.3306690738754696e-16,False,0.18311749702578972,0.18311749702578978,-5.551115123125783e-17,1.1102230246251565e-16,0.025588985464624594,zero,-5.551115123125783e-17,False,0.7324699881031588,0.7324699881031594,-6.661338147750939e-16,1.5543122344752192e-15,0.025588985464624594,zero,-4.440892098500626e-16,False,0.18311749702578967,0.18311749702578972,-5.551115123125783e-17,1.3877787807814457e-16,0.0255889854646246,zero,-2.7755575615628914e-17,False,0.7324699881031589,0.7324699881031586,3.3306690738754696e-16,1.7763568394002505e-15,0.025588985464624615,zero,2.220446049250313e-16,False,0.18311749702578972,0.18311749702578972,0.0,1.3877787807814457e-16,0.025588985464624597,zero,-5.551115123125783e-17,False,0.732469988103159,0.7324699881031586,4.440892098500626e-16,1.1102230246251565e-15,0.02558898546462461,zero,1.1102230246251565e-16,False,0.18823529411764708,5.551115123125783e-17,8.326672684688674e-17,2.7755575615628914e-17,1.6653345369377348e-16,zero,0.7529411764705881,1.1102230246251565e-16,2.220446049250313e-16,1.1102230246251565e-16,7.771561172376096e-16,zero
dissolve(0-1-2) | present(0-3) => weak_suppress,P->T,weak_suppress,2,0.18311749702578967,0.18311749702578972,-5.551115123125783e-17,1.942890293094024e-16,0.025588985464624615,zero,-8.326672684688674e-17,False,0.7324699881031592,0.7324699881031586,6.661338147750939e-16,1.2212453270876722e-15,0.025588985464624646,zero,2.220446049250313e-16,False,0.18311749702578964,0.18311749702578975,-1.1102230246251565e-16,1.3877787807814457e-16,0.025588985464624535,zero,-5.551115123125783e-17,False,0.7324699881031586,0.7324699881031581,4.440892098500626e-16,1.4432899320127035e-15,0.025588985464624542,zero,2.220446049250313e-16,False,0.18311749702578972,0.18311749702578978,-5.551115123125783e-17,2.498001805406602e-16,0.025588985464624597,zero,0.0,False,0.7324699881031587,0.7324699881031594,-7.771561172376096e-16,1.6653345369377348e-15,0.025588985464624597,zero,-1.1102230246251565e-16,False,0.1831174970257897,0.18311749702578972,-2.7755575615628914e-17,1.6653345369377348e-16,0.025588985464624604,zero,-5.551115123125783e-17,False,0.7324699881031587,0.7324699881031586,1.1102230246251565e-16,1.1102230246251565e-15,0.025588985464624615,zero,0.0,False,0.18311749702578975,0.18311749702578972,2.7755575615628914e-17,1.3877787807814457e-16,0.025588985464624632,zero,-5.551115123125783e-17,False,0.7324699881031592,0.7324699881031586,6.661338147750939e-16,1.6653345369377348e-15,0.025588985464624618,zero,2.220446049250313e-16,False,0.18823529411764708,5.551115123125783e-17,5.551115123125783e-17,0.0,1.6653345369377348e-16,zero,0.7529411764705882,2.220446049250313e-16,3.3306690738754696e-16,1.1102230246251565e-16,5.551115123125783e-16,zero
dissolve(0-1-2) | present(0-3) => weak_favour,P->T,weak_favour,2,0.1831174970257896,0.18311749702578972,-1.1102230246251565e-16,1.1102230246251565e-16,0.025588985464624587,zero,-5.551115123125783e-17,False,0.7324699881031589,0.7324699881031586,3.3306690738754696e-16,2.6645352591003757e-15,0.025588985464624597,zero,2.220446049250313e-16,False,0.18311749702578964,0.18311749702578975,-1.1102230246251565e-16,2.498001805406602e-16,0.025588985464624597,zero,-5.551115123125783e-17,False,0.7324699881031588,0.7324699881031581,6.661338147750939e-16,2.7755575615628914e-15,0.025588985464624583,zero,2.220446049250313e-16,False,0.18311749702578964,0.18311749702578978,-1.3877787807814457e-16,1.942890293094024e-16,0.0255889854646246,zero,-8.326672684688674e-17,False,0.7324699881031587,0.7324699881031594,-7.771561172376096e-16,1.1102230246251565e-15,0.0255889854646246,zero,-4.440892098500626e-16,False,0.18311749702578967,0.18311749702578972,-5.551115123125783e-17,1.6653345369377348e-16,0.025588985464624583,zero,-5.551115123125783e-17,False,0.7324699881031587,0.7324699881031586,1.1102230246251565e-16,7.771561172376096e-16,0.025588985464624597,zero,1.1102230246251565e-16,False,0.18311749702578975,0.18311749702578972,2.7755575615628914e-17,2.220446049250313e-16,0.025588985464624618,zero,8.326672684688674e-17,False,0.7324699881031588,0.7324699881031586,2.220446049250313e-16,7.771561172376096e-16,0.025588985464624604,zero,5.551115123125783e-16,False,0.18823529411764708,5.551115123125783e-17,2.7755575615628914e-17,-2.7755575615628914e-17,8.326672684688674e-17,zero,0.7529411764705882,2.220446049250313e-16,2.220446049250313e-16,0.0,3.3306690738754696e-16,zero
dissolve(0-1-2) | present(0-3) => strong_favour,P->T,strong_favour,2,0.18311749702578975,0.18311749702578972,2.7755575615628914e-17,2.220446049250313e-16,0.025588985464624618,zero,8.326672684688674e-17,False,0.7324699881031588,0.7324699881031586,2.220446049250313e-16,7.771561172376096e-16,0.025588985464624604,zero,5.551115123125783e-16,False,0.1831174970257897,0.18311749702578975,-5.551115123125783e-17,1.6653345369377348e-16,0.025588985464624604,zero,0.0,False,0.7324699881031586,0.7324699881031581,4.440892098500626e-16,1.1102230246251565e-15,0.025588985464624573,zero,2.220446049250313e-16,False,0.1831174970257897,0.18311749702578978,-8.326672684688674e-17,1.3877787807814457e-16,0.025588985464624597,zero,-8.326672684688674e-17,False,0.7324699881031589,0.7324699881031594,-5.551115123125783e-16,7.771561172376096e-16,0.025588985464624604,zero,-3.3306690738754696e-16,False,0.1831174970257898,0.18311749702578972,8.326672684688674e-17,1.942890293094024e-16,0.02558898546462464,zero,-5.551115123125783e-17,False,0.7324699881031589,0.7324699881031586,3.3306690738754696e-16,1.4432899320127035e-15,0.025588985464624618,zero,5.551115123125783e-16,False,0.1831174970257897,0.18311749702578972,-2.7755575615628914e-17,1.3877787807814457e-16,0.025588985464624594,zero,-8.326672684688674e-17,False,0.7324699881031588,0.7324699881031586,2.220446049250313e-16,9.992007221626409e-16,0.025588985464624604,zero,4.440892098500626e-16,False,0.18823529411764708,5.551115123125783e-17,8.326672684688674e-17,2.7755575615628914e-17,1.1102230246251565e-16,zero,0.7529411764705884,4.440892098500626e-16,4.440892098500626e-16,0.0,5.551115123125783e-16,zero
dissolve(0-1-2) | absent(0-1-3) => prohibit,T->T,prohibit,2,0.18311749702578967,0.18311749702578972,-5.551115123125783e-17,1.1102230246251565e-16,0.025588985464624604,zero,-2.7755575615628914e-17,False,0.7324699881031586,0.7324699881031586,0.0,1.2212453270876722e-15,0.025588985464624597,zero,2.220446049250313e-16,False,0.1831174970257896,0.18311749702578975,-1.3877787807814457e-16,1.942890293094024e-16,0.02558898546462455,zero,-8.326672684688674e-17,False,0.7324699881031587,0.7324699881031581,5.551115123125783e-16,1.9984014443252818e-15,0.02558898546462455,zero,4.440892098500626e-16,False,0.1831174970257897,0.18311749702578978,-8.326672684688674e-17,1.3877787807814457e-16,0.025588985464624583,zero,-1.1102230246251565e-16,False,0.7324699881031587,0.7324699881031594,-7.771561172376096e-16,1.7763568394002505e-15,0.025588985464624577,zero,-6.661338147750939e-16,False,0.18311749702578967,0.18311749702578972,-5.551115123125783e-17,1.1102230246251565e-16,0.025588985464624604,zero,-2.7755575615628914e-17,False,0.7324699881031586,0.7324699881031586,0.0,1.2212453270876722e-15,0.025588985464624597,zero,2.220446049250313e-16,False,0.18311749702578967,0.18311749702578972,-5.551115123125783e-17,1.1102230246251565e-16,0.025588985464624604,zero,-2.7755575615628914e-17,False,0.7324699881031586,0.7324699881031586,0.0,1.2212453270876722e-15,0.025588985464624597,zero,2.220446049250313e-16,False,0.18823529411764706,2.7755575615628914e-17,2.7755575615628914e-17,0.0,2.220446049250313e-16,zero,0.7529411764705881,1.1102230246251565e-16,2.220446049250313e-16,1.1102230246251565e-16,9.992007221626409e-16,zero
dissolve(0-1-2) | absent(0-1-3) => strong_suppress,T->T,strong_suppress,2,0.1831174970257897,0.18311749702578972,-2.7755575615628914e-17,1.942890293094024e-16,0.025588985464624597,zero,0.0,False,0.7324699881031589,0.7324699881031586,3.3306690738754696e-16,1.3322676295501878e-15,0.025588985464624597,zero,3.3306690738754696e-16,False,0.18311749702578972,0.18311749702578975,-2.7755575615628914e-17,3.3306690738754696e-16,0.025588985464624608,zero,-5.551115123125783e-17,False,0.7324699881031588,0.7324699881031581,6.661338147750939e-16,2.55351295663786e-15,0.0255889854646246,zero,5.551115123125783e-16,False,0.18311749702578967,0.18311749702578978,-1.1102230246251565e-16,2.220446049250313e-16,0.02558898546462459,zero,-1.1102230246251565e-16,False,0.7324699881031588,0.7324699881031594,-6.661338147750939e-16,1.7763568394002505e-15,0.025588985464624597,zero,-7.771561172376096e-16,False,0.18311749702578972,0.18311749702578972,0.0,2.220446049250313e-16,0.025588985464624608,zero,-2.7755575615628914e-17,False,0.7324699881031587,0.7324699881031586,1.1102230246251565e-16,1.2212453270876722e-15,0.0255889854646246,zero,2.220446049250313e-16,False,0.18311749702578972,0.18311749702578972,0.0,1.942890293094024e-16,0.02558898546462461,zero,0.0,False,0.7324699881031592,0.7324699881031586,6.661338147750939e-16,1.6653345369377348e-15,0.02558898546462461,zero,2.220446049250313e-16,False,0.1882352941176471,8.326672684688674e-17,8.326672684688674e-17,0.0,1.1102230246251565e-16,zero,0.7529411764705883,3.3306690738754696e-16,4.440892098500626e-16,1.1102230246251565e-16,6.661338147750939e-16,zero
dissolve(0-1-2) | absent(0-1-3) => weak_suppress,T->T,weak_suppress,2,0.18311749702578972,0.18311749702578972,0.0,2.498001805406602e-16,0.025588985464624615,zero,0.0,False,0.7324699881031588,0.7324699881031586,2.220446049250313e-16,2.1094237467877974e-15,0.025588985464624597,zero,4.440892098500626e-16,False,0.1831174970257898,0.18311749702578975,5.551115123125783e-17,3.3306690738754696e-16,0.02558898546462462,zero,2.7755575615628914e-17,False,0.7324699881031591,0.7324699881031581,9.992007221626409e-16,1.9984014443252818e-15,0.02558898546462461,zero,5.551115123125783e-16,False,0.18311749702578975,0.18311749702578978,-2.7755575615628914e-17,2.498001805406602e-16,0.025588985464624618,zero,-1.1102230246251565e-16,False,0.7324699881031589,0.7324699881031594,-5.551115123125783e-16,1.3322676295501878e-15,0.025588985464624604,zero,-5.551115123125783e-16,False,0.18311749702578967,0.18311749702578972,-5.551115123125783e-17,1.3877787807814457e-16,0.025588985464624594,zero,-2.7755575615628914e-17,False,0.7324699881031587,0.7324699881031586,1.1102230246251565e-16,2.220446049250313e-15,0.025588985464624597,zero,2.220446049250313e-16,False,0.1831174970257897,0.18311749702578972,-2.7755575615628914e-17,1.942890293094024e-16,0.025588985464624597,zero,0.0,False,0.7324699881031589,0.7324699881031586,3.3306690738754696e-16,1.3322676295501878e-15,0.025588985464624597,zero,3.3306690738754696e-16,False,0.18823529411764708,5.551115123125783e-17,8.326672684688674e-17,2.7755575615628914e-17,2.220446049250313e-16,zero,0.7529411764705882,2.220446049250313e-16,2.220446049250313e-16,0.0,6.661338147750939e-16,zero
dissolve(0-1-2) | absent(0-1-3) => weak_favour,T->T,weak_favour,2,0.18311749702578978,0.18311749702578972,5.551115123125783e-17,2.220446049250313e-16,0.025588985464624625,zero,1.3877787807814457e-16,False,0.732469988103159,0.7324699881031586,4.440892098500626e-16,2.3314683517128287e-15,0.025588985464624625,zero,9.992007221626409e-16,False,0.18311749702578967,0.18311749702578975,-8.326672684688674e-17,1.6653345369377348e-16,0.025588985464624545,zero,-1.3877787807814457e-16,False,0.7324699881031587,0.7324699881031581,5.551115123125783e-16,1.1102230246251565e-15,0.02558898546462456,zero,3.3306690738754696e-16,False,0.18311749702578967,0.18311749702578978,-1.1102230246251565e-16,2.220446049250313e-16,0.0255889854646246,zero,0.0,False,0.7324699881031587,0.7324699881031594,-7.771561172376096e-16,1.5543122344752192e-15,0.025588985464624608,zero,-4.440892098500626e-16,False,0.18311749702578967,0.18311749702578972,-5.551115123125783e-17,2.220446049250313e-16,0.025588985464624556,zero,-8.326672684688674e-17,False,0.7324699881031588,0.7324699881031586,2.220446049250313e-16,1.7763568394002505e-15,0.025588985464624587,zero,3.3306690738754696e-16,False,0.18311749702578964,0.18311749702578972,-8.326672684688674e-17,1.3877787807814457e-16,0.02558898546462457,zero,0.0,False,0.7324699881031588,0.7324699881031586,2.220446049250313e-16,1.2212453270876722e-15,0.025588985464624597,zero,2.220446049250313e-16,False,0.18823529411764717,1.3877787807814457e-16,1.3877787807814457e-16,0.0,1.942890293094024e-16,zero,0.7529411764705887,6.661338147750939e-16,5.551115123125783e-16,-1.1102230246251565e-16,8.881784197001252e-16,zero
dissolve(0-1-2) | absent(0-1-3) => strong_favour,T->T,strong_favour,2,0.18311749702578964,0.18311749702578972,-8.326672684688674e-17,1.3877787807814457e-16,0.02558898546462457,zero,0.0,False,0.7324699881031588,0.7324699881031586,2.220446049250313e-16,1.2212453270876722e-15,0.025588985464624597,zero,2.220446049250313e-16,False,0.18311749702578972,0.18311749702578975,-2.7755575615628914e-17,3.3306690738754696e-16,0.025588985464624604,zero,-8.326672684688674e-17,False,0.7324699881031589,0.7324699881031581,7.771561172376096e-16,2.6645352591003757e-15,0.0255889854646246,zero,6.661338147750939e-16,False,0.1831174970257897,0.18311749702578978,-8.326672684688674e-17,1.3877787807814457e-16,0.025588985464624583,zero,-1.3877787807814457e-16,False,0.7324699881031588,0.7324699881031594,-6.661338147750939e-16,1.9984014443252818e-15,0.025588985464624604,zero,-7.771561172376096e-16,False,0.18311749702578975,0.18311749702578972,2.7755575615628914e-17,2.220446049250313e-16,0.025588985464624625,zero,0.0,False,0.7324699881031588,0.7324699881031586,2.220446049250313e-16,1.1102230246251565e-15,0.02558898546462461,zero,3.3306690738754696e-16,False,0.1831174970257897,0.18311749702578972,-2.7755575615628914e-17,1.1102230246251565e-16,0.025588985464624597,zero,-2.7755575615628914e-17,False,0.7324699881031587,0.7324699881031586,1.1102230246251565e-16,1.4432899320127035e-15,0.025588985464624597,zero,1.1102230246251565e-16,False,0.18823529411764708,5.551115123125783e-17,8.326672684688674e-17,2.7755575615628914e-17,2.220446049250313e-16,zero,0.7529411764705882,2.220446049250313e-16,4.440892098500626e-16,2.220446049250313e-16,7.771561172376096e-16,zero
dissolve(0-1-2) | present(0-1-3) => prohibit,T->T,prohibit,2,0.18311749702578967,0.18311749702578972,-5.551115123125783e-17,1.6653345369377348e-16,0.025588985464624604,zero,-2.7755575615628914e-17,False,0.7324699881031586,0.7324699881031586,0.0,2.3314683517128287e-15,0.025588985464624594,zero,3.3306690738754696e-16,False,0.18311749702578964,0.18311749702578975,-1.1102230246251565e-16,1.942890293094024e-16,0.02558898546462456,zero,-8.326672684688674e-17,False,0.7324699881031587,0.7324699881031581,5.551115123125783e-16,1.887379141862766e-15,0.025588985464624563,zero,5.551115123125783e-16,False,0.18311749702578972,0.18311749702578978,-5.551115123125783e-17,1.1102230246251565e-16,0.025588985464624583,zero,-1.1102230246251565e-16,False,0.7324699881031586,0.7324699881031594,-8.881784197001252e-16,1.2212453270876722e-15,0.02558898546462457,zero,-6.661338147750939e-16,False,0.18311749702578967,0.18311749702578972,-5.551115123125783e-17,1.6653345369377348e-16,0.025588985464624604,zero,-2.7755575615628914e-17,False,0.7324699881031586,0.7324699881031586,0.0,2.3314683517128287e-15,0.025588985464624594,zero,3.3306690738754696e-16,False,0.18311749702578967,0.18311749702578972,-5.551115123125783e-17,1.6653345369377348e-16,0.025588985464624604,zero,-2.7755575615628914e-17,False,0.7324699881031586,0.7324699881031586,0.0,2.3314683517128287e-15,0.025588985464624594,zero,3.3306690738754696e-16,False,0.18823529411764708,5.551115123125783e-17,2.7755575615628914e-17,-2.7755575615628914e-17,1.6653345369377348e-16,zero,0.7529411764705882,2.220446049250313e-16,4.440892098500626e-16,2.220446049250313e-16,9.992007221626409e-16,zero
dissolve(0-1-2) | present(0-1-3) => strong_suppress,T->T,strong_suppress,2,0.1831174970257897,0.18311749702578972,-2.7755575615628914e-17,1.942890293094024e-16,0.025588985464624597,zero,8.326672684688674e-17,False,0.7324699881031587,0.7324699881031586,1.1102230246251565e-16,1.3322676295501878e-15,0.025588985464624587,zero,4.440892098500626e-16,False,0.18311749702578972,0.18311749702578975,-2.7755575615628914e-17,2.220446049250313e-16,0.025588985464624615,zero,5.551115123125783e-17,False,0.7324699881031587,0.7324699881031581,5.551115123125783e-16,1.9984014443252818e-15,0.025588985464624597,zero,5.551115123125783e-16,False,0.18311749702578972,0.18311749702578978,-5.551115123125783e-17,1.3877787807814457e-16,0.0255889854646246,zero,-8.326672684688674e-17,False,0.7324699881031589,0.7324699881031594,-5.551115123125783e-16,1.3322676295501878e-15,0.025588985464624597,zero,-7.771561172376096e-16,False,0.18311749702578967,0.18311749702578972,-5.551115123125783e-17,1.942890293094024e-16,0.025588985464624583,zero,-2.7755575615628914e-17,False,0.7324699881031587,0.7324699881031586,1.1102230246251565e-16,1.6653345369377348e-15,0.02558898546462459,zero,2.220446049250313e-16,False,0.18311749702578972,0.18311749702578972,0.0,2.7755575615628914e-16,0.025588985464624604,zero,-5.551115123125783e-17,False,0.7324699881031591,0.7324699881031586,5.551115123125783e-16,1.7763568394002505e-15,0.025588985464624604,zero,2.220446049250313e-16,False,0.18823529411764708,5.551115123125783e-17,8.326672684688674e-17,2.7755575615628914e-17,2.220446049250313e-16,zero,0.7529411764705883,3.3306690738754696e-16,3.3306690738754696e-16,0.0,5.551115123125783e-16,zero
dissolve(0-1-2) | present(0-1-3) => weak_suppress,T->T,weak_suppress,2,0.1831174970257897,0.18311749702578972,-2.7755575615628914e-17,1.1102230246251565e-16,0.02558898546462459,zero,-2.7755575615628914e-17,False,0.7324699881031588,0.7324699881031586,2.220446049250313e-16,1.9984014443252818e-15,0.025588985464624583,zero,2.220446049250313e-16,False,0.18311749702578967,0.18311749702578975,-8.326672684688674e-17,3.0531133177191805e-16,0.025588985464624604,zero,-5.551115123125783e-17,False,0.7324699881031586,0.7324699881031581,4.440892098500626e-16,1.6653345369377348e-15,0.02558898546462458,zero,5.551115123125783e-16,False,0.1831174970257898,0.18311749702578978,2.7755575615628914e-17,1.1102230246251565e-16,0.02558898546462462,zero,-2.7755575615628914e-17,False,0.7324699881031591,0.7324699881031594,-3.3306690738754696e-16,1.7763568394002505e-15,0.02558898546462461,zero,-4.440892098500626e-16,False,0.18311749702578964,0.18311749702578972,-8.326672684688674e-17,1.6653345369377348e-16,0.025588985464624587,zero,-2.7755575615628914e-17,False,0.7324699881031587,0.7324699881031586,1.1102230246251565e-16,1.4432899320127035e-15,0.02558898546462458,zero,1.1102230246251565e-16,False,0.1831174970257897,0.18311749702578972,-2.7755575615628914e-17,1.942890293094024e-16,0.025588985464624597,zero,8.326672684688674e-17,False,0.7324699881031587,0.7324699881031586,1.1102230246251565e-16,1.3322676295501878e-15,0.025588985464624587,zero,4.440892098500626e-16,False,0.18823529411764708,5.551115123125783e-17,5.551115123125783e-17,0.0,1.942890293094024e-16,zero,0.7529411764705881,1.1102230246251565e-16,1.1102230246251565e-16,0.0,8.881784197001252e-16,zero
dissolve(0-1-2) | present(0-1-3) => weak_favour,T->T,weak_favour,2,0.18311749702578986,0.18311749702578972,1.3877787807814457e-16,2.7755575615628914e-16,0.025588985464624632,zero,1.3877787807814457e-16,False,0.7324699881031592,0.7324699881031586,6.661338147750939e-16,1.5543122344752192e-15,0.025588985464624632,zero,9.992007221626409e-16,False,0.18311749702578967,0.18311749702578975,-8.326672684688674e-17,2.498001805406602e-16,0.02558898546462456,zero,-1.1102230246251565e-16,False,0.7324699881031588,0.7324699881031581,6.661338147750939e-16,1.5543122344752192e-15,0.02558898546462457,zero,3.3306690738754696e-16,False,0.18311749702578964,0.18311749702578978,-1.3877787807814457e-16,1.6653345369377348e-16,0.025588985464624587,zero,-1.1102230246251565e-16,False,0.7324699881031587,0.7324699881031594,-7.771561172376096e-16,8.881784197001252e-16,0.025588985464624594,zero,-4.440892098500626e-16,False,0.18311749702578967,0.18311749702578972,-5.551115123125783e-17,2.220446049250313e-16,0.02558898546462457,zero,-5.551115123125783e-17,False,0.7324699881031589,0.7324699881031586,3.3306690738754696e-16,3.1086244689504383e-15,0.025588985464624604,zero,2.220446049250313e-16,False,0.18311749702578964,0.18311749702578972,-8.326672684688674e-17,1.3877787807814457e-16,0.025588985464624556,zero,-2.7755575615628914e-17,False,0.7324699881031586,0.7324699881031586,0.0,1.6653345369377348e-15,0.02558898546462458,zero,2.220446049250313e-16,False,0.18823529411764717,1.3877787807814457e-16,1.6653345369377348e-16,2.7755575615628914e-17,2.220446049250313e-16,zero,0.7529411764705886,5.551115123125783e-16,5.551115123125783e-16,0.0,8.881784197001252e-16,zero
dissolve(0-1-2) | present(0-1-3) => strong_favour,T->T,strong_favour,2,0.18311749702578964,0.18311749702578972,-8.326672684688674e-17,1.3877787807814457e-16,0.025588985464624556,zero,-2.7755575615628914e-17,False,0.7324699881031586,0.7324699881031586,0.0,1.6653345369377348e-15,0.02558898546462458,zero,2.220446049250313e-16,False,0.1831174970257898,0.18311749702578975,5.551115123125783e-17,3.3306690738754696e-16,0.025588985464624618,zero,-8.326672684688674e-17,False,0.7324699881031589,0.7324699881031581,7.771561172376096e-16,2.7755575615628914e-15,0.025588985464624597,zero,6.661338147750939e-16,False,0.18311749702578972,0.18311749702578978,-5.551115123125783e-17,1.942890293094024e-16,0.025588985464624608,zero,-8.326672684688674e-17,False,0.7324699881031588,0.7324699881031594,-6.661338147750939e-16,1.9984014443252818e-15,0.025588985464624625,zero,-6.661338147750939e-16,False,0.18311749702578978,0.18311749702578972,5.551115123125783e-17,2.7755575615628914e-16,0.025588985464624632,zero,2.7755575615628914e-17,False,0.7324699881031588,0.7324699881031586,2.220446049250313e-16,1.2212453270876722e-15,0.025588985464624618,zero,3.3306690738754696e-16,False,0.18311749702578978,0.18311749702578972,5.551115123125783e-17,3.0531133177191805e-16,0.025588985464624604,zero,0.0,False,0.7324699881031589,0.7324699881031586,3.3306690738754696e-16,1.5543122344752192e-15,0.025588985464624604,zero,4.440892098500626e-16,False,0.18823529411764708,5.551115123125783e-17,2.7755575615628914e-17,-2.7755575615628914e-17,1.942890293094024e-16,zero,0.7529411764705883,3.3306690738754696e-16,4.440892098500626e-16,1.1102230246251565e-16,7.771561172376096e-16,zero
