A,K,N,alphabet,closing_bias,closing_bias_exact,cmi_pair_to_triad_bits,cmi_triad_to_pair_bits,cross_order_class,disjoint_pair_mass,emergent_memory,emergent_memory_tv_exact,entropy_rate_bits,equivalent_to_baseline,exact_kernel_family,expressions,family_id,halt_mass,halt_mass_exact,max_abs_dissolve_shift,max_abs_dissolve_shift_exact,mean_edge_density,mean_edge_density_exact,n_deadlock,n_recurrent,pair_density_triad_absent_exact,pair_density_triad_present_exact,pair_predicts_next_triad,periods,reducibility_class,reversibility_defect,reversibility_defect_exact,rise_then_release,rise_then_release_exact,rise_then_release_excess,rise_then_release_excess_exact,set_id,stationary_arithmetic,stationary_residual,support_matches_baseline,triad_dissolution_flux_exact,triad_formation_flux_exact,triad_occupancy_exact,triad_predicts_next_pair,triangle_mass,triangle_mass_exact,tv_from_uniform,tv_from_uniform_exact
3,2,3,W4,-0.022222222222222223,-1/45,0.0005463969665914527,0.007421132102193113,T->P,,1,3/616,1.9860593781761298,False,91c73f6bebf4a8ebff1fbb8084f2047c8f1b52244ac9664220f879b5f4533a7c,form(0-1) | absent(0-1-2) => weak_suppress,ec543305a9cc26dd013556b50ecc1ede14c9b531ee3dd61e1d564321acaccc87,0.0,0/1,0.13333333333333333,2/15,0.48,12/25,0,1,17/36,19/39,1,2,IRREDUCIBLE_DYNAMIC_COUPLING,0.0025,1/400,0.3617893586005831,3971/10976,-0.03664814139941691,-1609/43904,0034517571c658af,rational,0.0,True,13/100,13/100,13/25,1,0.11,11/100,0.06,3/50
3,3,3,W4,0.027777777777777776,1/36,0.0009282259499623986,0.004321331056943881,mixed,,1,261/31270,1.9907789088449646,False,aed629550ab4d2d4c38e5ca109d9d9c7bca588f583ad0a15bf45fad9099592e7,form(0-1) | present(0-2) & absent(0-1-2) => weak_favour,3ca8f4de85dac1b7dd4a35cc17fdce07ef3eeb401a1ce85cc24bbf807c17572b,0.0,0/1,0.16666666666666666,1/6,0.515748031496063,131/254,0,1,34/65,63/124,1,2,IRREDUCIBLE_DYNAMIC_COUPLING,0.004921259842519685,5/1016,0.41421875,2651/6400,0.01578125,101/6400,02ce732a15a8d5af,rational,0.0,True,31/254,31/254,62/127,1,0.13976377952755906,71/508,0.03543307086614173,9/254
3,2,3,W4,-0.037037037037037035,-1/27,0.0012572035931287355,0.024951456197571206,T->P,,1,27/1768,1.955946891531027,False,cd051bbb104f81378a0f78bd065f847ba7dd13cecb63009ac96d7fa91f37b014,form(0-1) | absent(0-1-2) => strong_suppress,ec543305a9cc26dd013556b50ecc1ede14c9b531ee3dd61e1d564321acaccc87,0.0,0/1,0.2222222222222222,2/9,0.46511627906976744,20/43,0,1,9/20,11/23,1,2,IRREDUCIBLE_DYNAMIC_COUPLING,0.00436046511627907,3/688,0.3361259672280382,23631/70304,-0.06231153277196177,-17523/281216,048421c8046f32c0,rational,0.0,True,23/172,23/172,23/43,1,0.09883720930232558,17/172,0.10465116279069768,9/86
3,2,3,W4,0.0,0/1,0.024951456197571213,0.0183247643878374,P->T,,1,27/1840,1.9559468915310276,False,d3ea50f686e5bd4e7d482bfd0bb2c80c98564e46f887a318649303a41d523b94,dissolve(0-1-2) | present(0-1) => strong_suppress,b0935edc558796d252541b58ffc9c81a9fccb0cc967b7b771f9edb0e59ea4e5e,0.0,0/1,0.0,0/1,0.4883720930232558,21/43,0,1,8/17,1/2,1,2,PAIRWISE_PROJECTION_REDUCIBLE,0.00436046511627907,3/688,0.4289478550295858,9279/21632,0.0305103550295858,165/5408,05df7ef5b3080195,rational,0.0,True,17/172,17/172,26/43,1,0.11627906976744186,5/43,0.10465116279069768,9/86
2,1,3,W4,0.1111111111111111,1/9,0.0,0.0,P->P,,0,0/1,1.584962500721156,False,1bd3c52f2ab84245bc2243bcb2a55cef5909d4e01be733bbd471f564fd4772ed,dissolve(0-1) => prohibit,7de81e9a335956f6bb56f4206e4dae37277e526ffa33829f8ebdfd33b9b2f738,0.0,0/1,0.3333333333333333,1/3,0.6666666666666666,2/3,0,1,2/3,2/3,0,2,FULLY_REDUCIBLE,0.0,0/1,0.37789351851851855,653/1728,-0.020543981481481483,-71/3456,0718498469ed5aaa,rational,0.0,False,1/6,1/6,1/2,0,0.25,1/4,0.5,1/2
3,1,3,W4,0.0,0/1,0.0,0.06789213528685348,T->T,,1,81/1288,1.897890628452315,False,d7a1a318f1fab277d9d5dee6633dcaf83b893de5a3ab23481eee0d6dca9ff5f7,form(0-1-2) => strong_favour,9663b290f8e9529babeb5c07e1294e2809b12c8420b434585f9f92dc4c3474aa,0.0,0/1,0.0,0/1,0.5,1/2,0,1,1/2,1/2,0,2,FULLY_REDUCIBLE,0.0,0/1,0.2458350687213661,2361/9604,-0.1526024312786339,-46899/307328,07cbcabff427a0a6,rational,0.0,True,4/23,4/23,16/23,1,0.125,1/8,0.1956521739130435,9/46
3,2,3,W4,0.037037037037037035,1/27,0.0012572035931287355,0.024951456197571213,T->P,,1,27/1768,1.9559468915310279,False,56a310fd6869ce996781b9758b182eecf8fa28ff5fec3e3af2170e67dd819251,dissolve(0-1) | present(0-1-2) => strong_suppress,792ecd50ac6524babdcfdb9be803c507d5d7c08a56cf149ed8e7e634c55e0146,0.0,0/1,0.2222222222222222,2/9,0.5348837209302325,23/43,0,1,12/23,11/20,1,2,IRREDUCIBLE_DYNAMIC_COUPLING,0.00436046511627907,3/688,0.3823502218934911,8271/21632,-0.016087278106508875,-87/5408,07e05d7404e47f00,rational,0.0,True,23/172,23/172,20/43,1,0.1511627906976744,13/86,0.10465116279069768,9/86
3,2,3,W4,-0.07407407407407407,-2/27,0.0025434723409260163,0.0,P->P,,0,0/1,1.9559468915310276,False,2db252c5001b78eac8de97c2edca8c8ae87a949fbdad015e47f7fd0b3a5bbe49,form(0-1) | present(0-2) => strong_suppress,30ffd10b34bea4187523facd37d8d25a0e148c7d261a68716dda76c06677bd41,0.0,0/1,0.2222222222222222,2/9,0.45348837209302323,39/86,0,1,39/86,39/86,1,2,FULLY_REDUCIBLE,0.00436046511627907,3/688,0.38607867262175694,217143/562432,-0.01235882737824306,-6951/562432,082bcc6bf6b3505d,rational,0.0,True,23/172,23/172,1/2,0,0.08139534883720931,7/86,0.10465116279069768,9/86
3,2,3,W4,0.05555555555555555,1/18,0.001998589279514245,0.09195025398001991,T->P,,1,1/24,1.861654166907053,False,bbfeb300554f0c3b9db5e982f084aa3f21559fadbfb89e07262a3486f26187e0,dissolve(0-1) | present(0-1-2) => prohibit,f99e5a22dd2fdc9dba0d055805121cfd4197897a9b004d7a0d01ed67bded79f2,0.0,0/1,0.3333333333333333,1/3,0.5555555555555556,5/9,0,1,8/15,7/12,1,2,IRREDUCIBLE_DYNAMIC_COUPLING,0.006944444444444444,1/144,0.3741319444444444,431/1152,-0.024305555555555556,-7/288,0971735633c6bad7,rational,0.0,False,5/36,5/36,4/9,1,0.16666666666666666,1/6,0.16666666666666666,1/6
3,2,3,W4,0.022222222222222223,1/45,0.0005463969665914529,0.007421132102193113,T->P,,1,3/616,1.98605937817613,False,7eeda9a47e1b814c1624a98f66ac172787ae5f4911e4e3816c1572bcda5d642a,dissolve(0-1) | present(0-1-2) => weak_suppress,792ecd50ac6524babdcfdb9be803c507d5d7c08a56cf149ed8e7e634c55e0146,0.0,0/1,0.13333333333333333,2/15,0.52,13/25,0,1,20/39,19/36,1,2,IRREDUCIBLE_DYNAMIC_COUPLING,0.0025,1/400,0.38887117346938777,2439/6272,-0.009566326530612245,-15/1568,097a2eec5bfb071e,rational,0.0,True,13/100,13/100,12/25,1,0.14,7/50,0.06,3/50
3,3,3,W4,0.0,0/1,0.0067027044201815635,0.004940195666603954,P->T,,1,171/21080,1.9907789088449654,False,705e308643645cbbc3971ed49ec22a22c51101ec5c0133a4ef5aa6d9a9115e78,form(0-1-2) | present(0-1) & present(0-2) => weak_favour,3d8aa3eddb1bf62bef0c11f71e3c9be3aa9c9c4f4422d5d37287a0f27dcd2cbf,0.0,0/1,0.0,0/1,0.5078740157480315,129/254,0,1,1/2,35/68,1,2,PAIRWISE_PROJECTION_REDUCIBLE,0.004921259842519685,5/1016,0.3775,151/400,-0.0209375,-67/3200,0c2ad2c58d78ec0a,rational,0.0,True,17/127,17/127,68/127,1,0.13385826771653545,17/127,0.03543307086614173,9/254
2,1,3,W4,0.044444444444444446,2/45,0.001082165913077502,0.0,P->P,,0,0/1,1.9683167685821137,False,da96aa9f9a6f984bf98974ca0642b9a1ac69cb204e9f007bd9eb8214ef633ca3,dissolve(0-1) => weak_suppress,b4614eac39a11233b0d27e628458e559e31dd1cd7b2d72ee7e49ee1ad1c3d981,0.0,0/1,0.13333333333333333,2/15,0.5454545454545454,6/11,0,1,6/11,6/11,1,2,FULLY_REDUCIBLE,0.0,0/1,0.3935404518950437,8639/21952,-0.004897048104956268,-215/43904,0ea422619385f212,rational,0.0,True,3/22,3/22,1/2,0,0.1590909090909091,7/44,0.13636363636363635,3/22
3,3,3,W4,0.0,0/1,0.004980822094662409,0.0,P->P,,0,0/1,1.9627219754667173,False,7452bc2677b26b3a5c8a2ea280bf3d8a91d114064406c902a1946aad6c8cff8d,form(0-1) | absent(0-2) & absent(1-2) => strong_favour,bc2a9a54d43f303ca4171e1d7c60161c0e5bd16edd3386b4637e274d809981b7,0.0,0/1,0.0,0/1,0.5079365079365079,32/63,0,1,32/63,32/63,1,2,FULLY_REDUCIBLE,0.00992063492063492,5/504,0.43239795918367346,339/784,0.03396045918367347,213/6272,0ec26382a9499dd7,rational,0.0,True,5/42,5/42,1/2,0,0.12698412698412698,8/63,0.07142857142857142,1/14
3,2,3,W4,-0.05555555555555555,-1/18,0.006388134034178417,0.029748441981559518,T->P,,1,27/616,1.9365266068757636,False,cdc88d70d0b6d29b335723edb9c6a3fff881fdd0a6d2eaf3d1728afeeef9e062,dissolve(0-1) | absent(0-1-2) => strong_favour,a3d2ab38486eb7ce8b512d8a74b281312be6ab4e5efafe4eb47e4d8656451179,0.0,0/1,0.3333333333333333,1/3,0.4594594594594595,17/37,0,1,9/20,8/17,1,2,IRREDUCIBLE_DYNAMIC_COUPLING,0.005067567567567568,3/592,0.37035349854227406,4065/10976,-0.028084001457725948,-1233/43904,116945e58b258450,rational,0.0,True,17/148,17/148,17/37,1,0.0945945945945946,7/74,0.12162162162162163,9/74
3,3,3,W4,0.0,0/1,0.01558157963490429,0.009309759092285604,P->T,,1,261/14872,1.9804713024312808,False,f1da306589388b4a3182112e350278717691d734ecfc0e3ce203f7837348f08f,form(0-1-2) | absent(0-1) & present(0-2) => strong_suppress,e0ac3a14427fa243c9876c64dd065e3dc970271f0d289f5a5bade66c3030fb0b,0.0,0/1,0.0,0/1,0.5,1/2,0,1,1/2,1/2,1,2,PAIRWISE_PROJECTION_REDUCIBLE,0.006443298969072165,5/776,0.4211122411242604,18219/43264,0.022674741124260354,981/43264,1a5b77230803ac05,rational,0.0,True,11/97,11/97,44/97,1,0.12886597938144329,25/194,0.04639175257731959,9/194
2,1,3,W4,-0.07407407407407407,-2/27,0.002127882204421498,0.0,P->P,,0,0/1,1.888571549166718,False,f25c6ca1cf441f91040238735f157586ad4b5a3d5abe97458a94cc460237ab6c,form(0-1) => strong_suppress,71d8399a7585bca99a9faa4fffec60aa11b8cc4b83654828b7a64940fd0fddb4,0.0,0/1,0.2222222222222222,2/9,0.4117647058823529,7/17,0,1,7/17,7/17,1,2,FULLY_REDUCIBLE,0.0,0/1,0.3300074839816533,301611/913952,-0.0684300160183467,-250167/3655808,1ab3fa08d99328bd,rational,0.0,True,5/34,5/34,1/2,0,0.058823529411764705,1/17,0.2647058823529412,9/34
3,3,3,W4,0.018518518518518517,1/54,0.001170436529424378,0.011237990142532107,mixed,,1,729/81302,1.980471302431281,False,d07191892b1885048a21fe4da83179f2ff5d07c6b43adacb256b8f18e745068b,dissolve(0-1) | present(0-2) & present(0-1-2) => strong_suppress,0bbc8c8c31c16b4fc4a120c0034bd7ef9b015bd4c4efdbfd16764629069c3a7b,0.0,0/1,0.1111111111111111,1/9,0.5103092783505154,99/194,0,1,51/100,24/47,1,2,IRREDUCIBLE_DYNAMIC_COUPLING,0.006443298969072165,5/776,0.3876201923076923,645/1664,-0.010817307692307692,-9/832,1b67286949e0bcd8,rational,0.0,True,25/194,25/194,47/97,1,0.13659793814432988,53/388,0.04639175257731959,9/194
3,3,3,W4,-0.027777777777777776,-1/36,0.004468881991717328,0.016798784977245074,mixed,,1,13/294,1.962721975466718,False,dfc441cc62b1d6664cce8ce94b68ad5d3c2552593376485c66170f2f7c175b1a,dissolve(0-1) | absent(0-2) & present(0-1-2) => strong_favour,8a3b7a1864b928012c659a5ba46329cb4640b8806b986ddc659ca67a25cd6b93,0.0,0/1,0.3333333333333333,1/3,0.46825396825396826,59/126,0,1,29/60,5/11,1,2,IRREDUCIBLE_DYNAMIC_COUPLING,0.00992063492063492,5/504,0.4022640306122449,2523/6272,0.003826530612244898,3/784,1c13b223cb873db2,rational,0.0,True,5/42,5/42,11/21,1,0.10714285714285714,3/28,0.07142857142857142,1/14
3,2,3,W4,0.037037037037037035,1/27,0.0025434723409260146,0.0,P->P,,0,0/1,1.9559468915310283,False,03db07deba357e2273b5af766444953d7f591364e885af27cc2b796e420c8976,dissolve(0-1) | present(0-2) => strong_suppress,e453e66f12c13b260fb2de68ee4f160a280e5b20d27ad8c54bd4afa8033df8d7,0.0,0/1,0.1111111111111111,1/9,0.5232558139534884,45/86,0,1,45/86,45/86,1,2,FULLY_REDUCIBLE,0.00436046511627907,3/688,0.3755547337278107,2031/5408,-0.02288276627218935,-495/21632,1d5f44c13a40bfd8,rational,0.0,True,23/172,23/172,1/2,0,0.1511627906976744,13/86,0.10465116279069768,9/86
3,3,3,W4,0.0,0/1,0.006702704420181563,0.0049401956666039505,P->T,,1,171/21080,1.990778908844966,False,027a64f28e58c1f7d08dfaf4c41c82e37d9565dbd905bf8f22d7634a19dfd5b3,dissolve(0-1-2) | absent(0-1) & absent(0-2) => weak_favour,b9c1406f650144a77534d6fb9d84de2710c083837de5213cd19a0c418209e9a3,0.0,0/1,0.0,0/1,0.4921259842519685,125/254,0,1,33/68,1/2,1,2,PAIRWISE_PROJECTION_REDUCIBLE,0.004921259842519685,5/1016,0.3834375,1227/3200,-0.015,-3/200,1d87407983c1f99f,rational,0.0,True,17/127,17/127,59/127,1,0.1220472440944882,31/254,0.03543307086614173,9/254
3,2,3,W4,-0.027777777777777776,-1/36,0.0017370250246976219,0.0,P->P,,0,0/1,1.9830278467146443,False,206eb83c33ef32bf22ebb89addc13a554a5312f702cc86ebd1539df2382062c3,dissolve(0-1) | present(0-2) => weak_favour,1e8c187f8d014881a3f6add1c1c51a5cea99c0a78c9b6d39cb760d1a42b92052,0.0,0/1,0.08333333333333333,1/12,0.4855072463768116,67/138,0,1,67/138,67/138,1,2,FULLY_REDUCIBLE,0.002717391304347826,1/368,0.41625,333/800,0.0178125,57/3200,1e210dc2a2b083cc,rational,0.0,True,11/92,11/92,1/2,0,0.10869565217391304,5/46,0.06521739130434782,3/46
3,3,3,W4,-0.037037037037037035,-1/27,0.0011704365294243773,0.011237990142532106,mixed,,1,729/81302,1.9804713024312803,False,32c59dc1053aa62272b98d1d9cf4dfc9362385259684b207b931849268b29ee0,form(0-1) | present(0-2) & present(0-1-2) => strong_suppress,c1ec186ace530928ee2089aad48cdc234f01250541575d2b5833611341c33cc0,0.0,0/1,0.2222222222222222,2/9,0.4793814432989691,93/194,0,1,49/100,22/47,1,2,IRREDUCIBLE_DYNAMIC_COUPLING,0.006443298969072165,5/776,0.40287536982248523,8715/21632,0.004437869822485207,3/676,1fa93179baba8c17,rational,0.0,True,25/194,25/194,47/97,1,0.1056701030927835,41/388,0.04639175257731959,9/194
3,1,3,W4,0.0,0/1,0.0,0.017801027300536943,T->T,,1,9/520,1.969972344187447,False,d1ee7a1d36c34ebe8b8756f203ac4543e1209222fd3ae2705302f95008f9da23,form(0-1-2) => weak_favour,9663b290f8e9529babeb5c07e1294e2809b12c8420b434585f9f92dc4c3474aa,0.0,0/1,0.0,0/1,0.5,1/2,0,1,1/2,1/2,0,2,FULLY_REDUCIBLE,0.0,0/1,0.3078,1539/5000,-0.0906375,-7251/80000,20b32b5165d6ea08,rational,0.0,True,2/13,2/13,8/13,1,0.125,1/8,0.11538461538461539,3/26
3,2,3,W4,-0.027777777777777776,-1/36,0.0017370250246976214,0.0,P->P,,0,0/1,1.9830278467146423,False,0b48272fc78c3da314e9f352dcb3ab4bec549cd20aeb9a8b696769685d0518cd,dissolve(0-1) | absent(0-2) => weak_favour,7c9c1eca5a793ca87c6916a59dace8f171230e25cb8f4ead7307edecf6c7a4e7,0.0,0/1,0.16666666666666666,1/6,0.47101449275362317,65/138,0,1,65/138,65/138,1,2,FULLY_REDUCIBLE,0.002717391304347826,1/368,0.38121875,12199/32000,-0.01721875,-551/32000,20c1e58c6513aab1,rational,0.0,True,11/92,11/92,1/2,0,0.10869565217391304,5/46,0.06521739130434782,3/46
3,3,3,W4,0.0,0/1,0.0005381636640487024,0.0,P->P,,0,0/1,1.9935059215106194,False,f6283e2cc3e1f6c07ecf216df96dcd0b53c2b6be0d393d1a8b7f2fcd94228ee9,form(0-1) | absent(0-2) & present(1-2) => weak_suppress,596e5def69968dc0c3523b22b8d6405b5a84b5778f46219d7b1f59695ea4a86d,0.0,0/1,0.06666666666666667,1/15,0.4906832298136646,79/161,0,1,79/161,79/161,1,2,FULLY_REDUCIBLE,0.0038819875776397515,5/1288,0.38137755102040816,299/784,-0.017059948979591837,-107/6272,21ba3320a9f69c44,rational,0.0,True,41/322,41/322,1/2,0,0.12111801242236025,39/322,0.027950310559006212,9/322
3,2,3,W4,-0.037037037037037035,-1/27,0.0012572035931287355,0.02495145619757121,T->P,,1,27/1768,1.9559468915310283,False,0713d20bacf7aa173a50bfaec2c68d73ffb9ba689d16694c4a5846e3a53377b2,form(0-1) | present(0-1-2) => strong_suppress,8d31ead5a9bf64368153ed232cee55333c559d7b053fb496456604c88deafef1,0.0,0/1,0.2222222222222222,2/9,0.46511627906976744,20/43,0,1,11/23,9/20,1,2,IRREDUCIBLE_DYNAMIC_COUPLING,0.00436046511627907,3/688,0.3922500853436504,110307/281216,-0.006187414656349567,-435/70304,21bbb00622657c55,rational,0.0,True,23/172,23/172,20/43,1,0.09883720930232558,17/172,0.10465116279069768,9/86
3,3,3,W4,0.0,0/1,0.02653695361982222,0.02157390049776423,P->T,,1,11/280,1.962721975466718,False,d92fe923c168f424349626c3600ed4f198b8296d4c97a0b6a95ec77a10ef4eba,dissolve(0-1-2) | absent(0-1) & present(0-2) => strong_favour,6837f0c0a85975cfb4c6aa8614238909b89fbf897c8efddc91136f836703c0ed,0.0,0/1,0.0,0/1,0.5,1/2,0,1,1/2,1/2,1,2,PAIRWISE_PROJECTION_REDUCIBLE,0.00992063492063492,5/504,0.36782525510204084,2307/6272,-0.030612244897959183,-3/98,22866380cfda767d,rational,0.0,True,1/7,1/7,3/7,1,0.11904761904761904,5/42,0.07142857142857142,1/14
3,3,3,W4,0.027777777777777776,1/36,0.002418085528557519,0.038813503748389544,mixed,,1,4/185,1.9425332693306205,False,42c1dc4aa0c45411bea5ac4d71213d092c91a8aa1cf7a43a307812cfe9cf0d7c,dissolve(0-1) | absent(0-2) & absent(0-1-2) => prohibit,872469b11edb76cbef44ba857208721661f76ea09b2af5120a8cbeb70834d018,0.0,0/1,0.3333333333333333,1/3,0.5307692307692308,69/130,0,1,17/31,35/68,1,2,IRREDUCIBLE_DYNAMIC_COUPLING,0.009615384615384616,1/104,0.4283854166666667,329/768,0.029947916666666668,23/768,22c1f92132fd6124,rational,0.0,False,17/130,17/130,34/65,1,0.1423076923076923,37/260,0.06923076923076923,9/130
3,3,3,W4,0.0,0/1,0.0011704365294243778,0.011237990142532107,mixed,,1,729/81302,1.9804713024312801,False,9083b8e254c2c3c0758dc56235883ca523002281f59e1200572288b183927d12,form(0-1) | absent(0-2) & present(0-1-2) => strong_suppress,25895498da290fcaf238ccb4bbf0d6f1ce9e800531bb2a230d0100330c8c174d,0.0,0/1,0.1111111111111111,1/9,0.4896907216494845,95/194,0,1,49/100,23/47,1,2,IRREDUCIBLE_DYNAMIC_COUPLING,0.006443298969072165,5/776,0.38678809171597633,8367/21632,-0.01164940828402367,-63/5408,240a233530baafd9,rational,0.0,True,25/194,25/194,47/97,1,0.1211340206185567,47/388,0.04639175257731959,9/194
3,3,3,W4,0.0,0/1,0.005035196416181513,0.0031161850370533583,P->T,,1,111/30856,1.99350592151062,False,71f44ed87d6fe3578cae54be2c6afc6ab74f467f083558c2333fd8bcbd2e6524,dissolve(0-1-2) | absent(0-1) & absent(0-2) => weak_suppress,ffd922c5bae1dc5a4095f0a3d2865c297ed530cbc2460b324a0ada9f4521faf0,0.0,0/1,0.0,0/1,0.5062111801242236,163/322,0,1,39/76,1/2,1,2,PAIRWISE_PROJECTION_REDUCIBLE,0.0038819875776397515,5/1288,0.4099170918367347,2571/6272,0.011479591836734694,9/784,24e09cb910be50a1,rational,0.0,True,19/161,19/161,85/161,1,0.12732919254658384,41/322,0.027950310559006212,9/322
3,3,3,W4,0.0,0/1,0.004980822094662411,0.0,P->P,,0,0/1,1.9627219754667187,False,f13847b82c5921009a63a1e86c5680a0fad80dac1df9c2ed7ce39b5a5f32019c,dissolve(0-1) | present(0-2) & present(1-2) => strong_favour,a20085944987dc6a2d200f61b4f157e91439764b33ec3be87f3833c597162505,0.0,0/1,0.0,0/1,0.49206349206349204,31/63,0,1,31/63,31/63,1,2,FULLY_REDUCIBLE,0.00992063492063492,5/504,0.40848214285714285,183/448,0.010044642857142858,9/896,2544e20e3cefefb6,rational,0.0,True,5/42,5/42,1/2,0,0.1111111111111111,1/9,0.07142857142857142,1/14
3,3,3,W4,0.0,0/1,0.0014101759434663509,0.0,P->P,,0,0/1,1.9804713024312808,False,becbc6062c3c6b8a36730eb7fbd3bb2a39b8cd53f8377b7b22e75e4a719d642f,form(0-1) | absent(0-2) & present(1-2) => strong_suppress,596e5def69968dc0c3523b22b8d6405b5a84b5778f46219d7b1f59695ea4a86d,0.0,0/1,0.1111111111111111,1/9,0.4845360824742268,47/97,0,1,47/97,47/97,1,2,FULLY_REDUCIBLE,0.006443298969072165,5/776,0.37056213017751477,501/1352,-0.027875369822485205,-603/21632,26005c51ab159637,rational,0.0,True,25/194,25/194,1/2,0,0.11855670103092783,23/194,0.04639175257731959,9/194
3,2,3,W4,-0.1111111111111111,-1/9,0.0054544843252268115,0.0,P->P,,0,0/1,1.8616541669070545,False,15ac6d5920172320d94287cc5c1c7bc4816773ed500e1110c83173e57c01f724,form(0-1) | present(0-2) => prohibit,39003dfa5a536dff97d34df7af8a3a2b027a479c11a9ebf7c1abc5972edebb7b,0.0,0/1,0.3333333333333333,1/3,0.42592592592592593,23/54,0,1,23/54,23/54,1,2,FULLY_REDUCIBLE,0.006944444444444444,1/144,0.38208912037037035,2641/6912,-0.01634837962962963,-113/6912,26547f5c5927a0e7,rational,0.0,False,5/36,5/36,1/2,0,0.05555555555555555,1/18,0.16666666666666666,1/6
3,3,3,W4,-0.05555555555555555,-1/18,0.004980822094662411,0.0,P->P,,0,0/1,1.9627219754667173,False,50ac9cd5ae91bcba0d284554b403f602978053aa346b8ec0e3d262d1698f2a79,dissolve(0-1) | absent(0-2) & present(1-2) => strong_favour,a14a6ad38ad382b64d60a0c874f8d170c71b9f9a089d1e33bf9dc3deefad7d22,0.0,0/1,0.16666666666666666,1/6,0.47619047619047616,10/21,0,1,10/21,10/21,1,2,FULLY_REDUCIBLE,0.00992063492063492,5/504,0.4257015306122449,1335/3136,0.0272640306122449,171/6272,27418f2490176984,rational,0.0,True,5/42,5/42,1/2,0,0.10317460317460317,13/126,0.07142857142857142,1/14
3,1,3,W4,0.0,0/1,0.0,0.03248414953594926,T->T,,1,81/1768,1.888571549166718,False,128c42e1ac6bb2f26fddb4fc9511573f0105c8e8286c0d5a6a2c833ef7e8faac,form(0-1-2) => strong_suppress,b5c68026d42b4d61c6bfabcd6e0b34330126e908d765457ecffdda22643092e9,0.0,0/1,0.0,0/1,0.5,1/2,0,1,1/2,1/2,0,2,FULLY_REDUCIBLE,0.0,0/1,0.56492901158923,258159/456976,0.16649151158923006,608661/3655808,27ea745e4bad50fa,rational,0.0,True,1/17,1/17,4/17,1,0.125,1/8,0.2647058823529412,9/34
3,3,3,W4,0.0,0/1,0.004468881991717328,0.016798784977245074,mixed,,1,13/294,1.962721975466718,False,a6e4dd2f95a4a4423e3a75e6d4925edce591029c823bd8015f7ba164c97b0951,form(0-1) | absent(0-2) & present(0-1-2) => strong_favour,f70ec9f5e370ad9946a3efc433904d1ffb69bc483fdd5cce1282361c206a2133,0.0,0/1,0.16666666666666666,1/6,0.5158730158730159,65/126,0,1,31/60,17/33,1,2,IRREDUCIBLE_DYNAMIC_COUPLING,0.00992063492063492,5/504,0.41565688775510207,2607/6272,0.01721938775510204,27/1568,27f0c4e6e6272267,rational,0.0,True,5/42,5/42,11/21,1,0.13095238095238096,11/84,0.07142857142857142,1/14
2,1,3,W4,0.05555555555555555,1/18,0.0024371088220947116,0.0,P->P,,0,0/1,1.9699723441874477,False,62bcbf8e05a243d8fd4a680da926dc6ad605d525b18e0536b51ead7547a5845d,form(0-1) => weak_favour,260a83c5a1820332a1ad9dcdfc51d69264f4d5a186d70eafe0b015103ba50918,0.0,0/1,0.16666666666666666,1/6,0.5384615384615384,7/13,0,1,7/13,7/13,1,2,FULLY_REDUCIBLE,0.0,0/1,0.4447,4447/10000,0.0462625,3701/80000,29a295cd6fdeeb2a,rational,0.0,True,3/26,3/26,1/2,0,0.15384615384615385,2/13,0.11538461538461539,3/26
3,3,3,W4,-0.027777777777777776,-1/36,0.004468881991717327,0.016798784977245074,mixed,,1,13/294,1.9627219754667182,False,ff3a0051fa7091df860ff333f6ab4a2023abfac676e08ec5c4e87768dbd01b19,dissolve(0-1) | present(0-2) & present(0-1-2) => strong_favour,47b0f10af0beb1bc989b875f4214b4f2cb01f41bc24dadf58ff8a0322512a31f,0.0,0/1,0.16666666666666666,1/6,0.48412698412698413,61/126,0,1,29/60,16/33,1,2,IRREDUCIBLE_DYNAMIC_COUPLING,0.00992063492063492,5/504,0.4185267857142857,375/896,0.020089285714285716,9/448,29a321cb0f0cca04,rational,0.0,True,5/42,5/42,11/21,1,0.10714285714285714,3/28,0.07142857142857142,1/14
3,3,3,W4,0.0,0/1,0.00045256992026267563,0.0034948593526601688,mixed,,1,387/108290,1.993505921510619,False,ab93066e004c58f4b3176a8a8426d146edcc17eacd664d86cfa923662acc9717,form(0-1) | absent(0-2) & absent(0-1-2) => weak_suppress,29dceb704c08aec14e69e0a3ea997585ee5ab3035bb25ae544965a75d399f74a,0.0,0/1,0.06666666666666667,1/15,0.4937888198757764,159/322,0,1,39/79,81/164,1,2,IRREDUCIBLE_DYNAMIC_COUPLING,0.0038819875776397515,5/1288,0.37436224489795916,587/1568,-0.024075255102040817,-151/6272,2a35f191ca6b24c2,rational,0.0,True,41/322,41/322,82/161,1,0.12267080745341614,79/644,0.027950310559006212,9/322
3,2,3,W4,-0.044444444444444446,-2/45,0.0009523636833856218,0.0,P->P,,0,0/1,1.9860593781761293,False,29460c36235959fb8e451406cf443e8d074c1442db6cf0b450ba6f6e9b594e9b,form(0-1) | present(0-2) => weak_suppress,30ffd10b34bea4187523facd37d8d25a0e148c7d261a68716dda76c06677bd41,0.0,0/1,0.13333333333333333,2/15,0.47333333333333333,71/150,0,1,71/150,71/150,1,2,FULLY_REDUCIBLE,0.0025,1/400,0.39027195699708456,34269/87808,-0.008165543002915452,-717/87808,2a8a7dae656031f3,rational,0.0,True,13/100,13/100,1/2,0,0.1,1/10,0.06,3/50
3,2,3,W4,0.037037037037037035,1/27,0.0012572035931287355,0.024951456197571213,T->P,,1,27/1768,1.9559468915310276,False,5d12ff540fe28389165ad0869333a6e39e1e1fe7b1e793573455dc44b9fae678,dissolve(0-1) | absent(0-1-2) => strong_suppress,6280bbd878ee3dc28bad86aaf16c4e3192add2c9f54c8d81de27ba1c4eb700ef,0.0,0/1,0.2222222222222222,2/9,0.5348837209302325,23/43,0,1,11/20,12/23,1,2,IRREDUCIBLE_DYNAMIC_COUPLING,0.00436046511627907,3/688,0.4066624943104233,14295/35152,0.008224994310423304,2313/281216,2ac527877554a12e,rational,0.0,True,23/172,23/172,23/43,1,0.1511627906976744,13/86,0.10465116279069768,9/86
3,3,3,W4,0.0,0/1,0.005035196416181513,0.0031161850370533583,P->T,,1,111/30856,1.9935059215106201,False,2076368c716c18be0e6cbe1a364bb5e6100ff3c50ebe9c242b7de58493952294,dissolve(0-1-2) | present(0-1) & present(0-2) => weak_suppress,31c3293abb7a5a6242d3bcb96eb0adfda4022787451ac8923e776089f3e217b8,0.0,0/1,0.0,0/1,0.4937888198757764,159/322,0,1,37/76,1/2,1,2,PAIRWISE_PROJECTION_REDUCIBLE,0.0038819875776397515,5/1288,0.40513392857142855,363/896,0.006696428571428571,3/448,2b9294d24b40fafe,rational,0.0,True,19/161,19/161,85/161,1,0.11801242236024845,19/161,0.027950310559006212,9/322
2,1,3,W4,0.1111111111111111,1/9,0.010933697716975888,0.0,P->P,,0,0/1,1.897890628452315,False,de545a79ff9dac2e0ce386e30416934f6c1805c9880763b4ab65ab91b0c83c77,form(0-1) => strong_favour,260a83c5a1820332a1ad9dcdfc51d69264f4d5a186d70eafe0b015103ba50918,0.0,0/1,0.3333333333333333,1/3,0.5652173913043478,13/23,0,1,13/23,13/23,1,2,FULLY_REDUCIBLE,0.0,0/1,0.4783944189920866,9189/19208,0.07995691899208664,24573/307328,2f070fb2d57a7beb,rational,0.0,True,5/46,5/46,1/2,0,0.17391304347826086,4/23,0.1956521739130435,9/46
3,3,3,W4,0.0,0/1,0.026536953619822213,0.02157390049776423,P->T,,1,11/280,1.9627219754667187,False,f0789976154824c2bf7c003a91e8ab56cc9c965bd49076246778fdfcd2ebdd15,form(0-1-2) | absent(0-1) & absent(0-2) => strong_favour,774538ace938ac36b75cefd246bb675a96b75038f29b1ad650e533f165ec6495,0.0,0/1,0.0,0/1,0.48412698412698413,61/126,0,1,1/2,17/36,1,2,PAIRWISE_PROJECTION_REDUCIBLE,0.00992063492063492,5/504,0.29464285714285715,33/112,-0.10379464285714286,-93/896,30ae4d8fc6239134,rational,0.0,True,1/7,1/7,4/7,1,0.11904761904761904,5/42,0.07142857142857142,1/14
3,2,3,W4,0.0,0/1,0.008096418727941482,0.009511258562061526,P->T,,1,7/880,1.9830278467146445,False,c73f2d0932360850b8c41fd8438577a027b926802292e488d174e4f6cf1faf43,form(0-1-2) | present(0-1) => weak_favour,76c798a3419741fd24ec05e587acfcd6bf2c2eae51838f06cffa9e205ee1237c,0.0,0/1,0.0,0/1,0.5072463768115942,35/69,0,1,1/2,20/39,1,2,PAIRWISE_PROJECTION_REDUCIBLE,0.002717391304347826,1/368,0.362,181/500,-0.0364375,-583/16000,316bda0224558113,rational,0.0,True,13/92,13/92,13/23,1,0.13043478260869565,3/23,0.06521739130434782,3/46
3,2,3,W4,-0.05555555555555555,-1/18,0.001998589279514246,0.0919502539800199,T->P,,1,1/24,1.8616541669070537,False,242dd6a5d7ab46f815d220c6aaaf610d4fd572caa069f0fbd26337ac142a1d1d,form(0-1) | absent(0-1-2) => prohibit,eaa16c36a69e4250c9b7dd355f7825f275371948334e330587fd1e52f70aed24,0.0,0/1,0.3333333333333333,1/3,0.4444444444444444,4/9,0,1,5/12,7/15,1,2,IRREDUCIBLE_DYNAMIC_COUPLING,0.006944444444444444,1/144,0.30324074074074076,131/432,-0.09519675925925926,-329/3456,318071163b65a2a5,rational,0.0,False,5/36,5/36,5/9,1,0.08333333333333333,1/12,0.16666666666666666,1/6
3,3,3,W4,0.0,0/1,0.026536953619822213,0.02157390049776423,P->T,,1,11/280,1.9627219754667178,False,3d186a90ae6e91e2adbf1eaabac08b6fcd1ac308fbeab2b34b44ce6c40e7b551,dissolve(0-1-2) | absent(0-1) & absent(0-2) => strong_favour,b9c1406f650144a77534d6fb9d84de2710c083837de5213cd19a0c418209e9a3,0.0,0/1,0.0,0/1,0.48412698412698413,61/126,0,1,17/36,1/2,1,2,PAIRWISE_PROJECTION_REDUCIBLE,0.00992063492063492,5/504,0.36782525510204084,2307/6272,-0.030612244897959183,-3/98,32aee487a8f80d7c,rational,0.0,True,1/7,1/7,3/7,1,0.11904761904761904,5/42,0.07142857142857142,1/14
2,1,3,W4,-0.1111111111111111,-1/9,0.010933697716975888,0.0,P->P,,0,0/1,1.8978906284523143,False,68083dfc25411243bccba24c472e49c748dc50ed62471684f98137433cbfe465,dissolve(0-1) => strong_favour,fc9629243d58fad84303908c8faf6e57efaea48fd06a8b98ed3d06e694365de0,0.0,0/1,0.3333333333333333,1/3,0.43478260869565216,10/23,0,1,10/23,10/23,1,2,FULLY_REDUCIBLE,0.0,0/1,0.3852496355685131,8457/21952,-0.01318786443148688,-579/43904,33851076d965a19f,rational,0.0,True,5/46,5/46,1/2,0,0.07608695652173914,7/92,0.1956521739130435,9/46
3,3,3,W4,0.0,0/1,0.04885822647317906,0.031088385504077273,P->T,,1,5/56,1.9425332693306208,False,e5afa5054c97bcc5bec4d1a9d79df157048595081cf91cfa5a16363190c268a6,dissolve(0-1-2) | absent(0-1) & absent(0-2) => prohibit,f40a6af5b8d0ded1e777e5b5e92a665bbc8adafd91992c43257a617b1c6c362c,0.0,0/1,0.0,0/1,0.5153846153846153,67/130,0,1,15/28,1/2,1,2,PAIRWISE_PROJECTION_REDUCIBLE,0.009615384615384616,1/104,0.4262152777777778,491/1152,0.027777777777777776,1/36,392606185ba82b82,rational,0.0,False,7/65,7/65,37/65,1,0.13076923076923078,17/130,0.06923076923076923,9/130
3,2,3,W4,0.0,0/1,0.029748441981559518,0.03923145953317011,P->T,,1,351/9520,1.9365266068757634,False,c8b4501cd4419462d51322a16bb20037b92fcb8bd7641c4b4400ad331834bbcf,dissolve(0-1-2) | present(0-1) => strong_favour,f02a2f0fa4ca00b4179bc8efae24c07148490556487892934ddeab8061cef9bc,0.0,0/1,0.0,0/1,0.5135135135135135,19/37,0,1,12/23,1/2,1,2,PAIRWISE_PROJECTION_REDUCIBLE,0.005067567567567568,3/592,0.35060586734693877,2199/6272,-0.04783163265306122,-75/1568,3a8c182961c9b776,rational,0.0,True,23/148,23/148,14/37,1,0.13513513513513514,5/37,0.12162162162162163,9/74
3,3,3,W4,0.011111111111111112,1/90,0.00045256992026267574,0.0034948593526601696,mixed,,1,387/108290,1.9935059215106183,False,4b58465d6033a1925b16d59835943b601823bdba17686bb5821bc0ea24006ebc,dissolve(0-1) | absent(0-2) & absent(0-1-2) => weak_suppress,a423f0673b6ebce3343cf223954bbadb2b34a0ed21b269d3a2d68d48082d8746,0.0,0/1,0.13333333333333333,2/15,0.5124223602484472,165/322,0,1,41/79,83/164,1,2,IRREDUCIBLE_DYNAMIC_COUPLING,0.0038819875776397515,5/1288,0.41159119897959184,5163/12544,0.013153698979591837,165/12544,41a988f66b39bc63,rational,0.0,True,41/322,41/322,82/161,1,0.13198757763975155,85/644,0.027950310559006212,9/322
3,3,3,W4,0.0,0/1,0.006702704420181563,0.004940195666603952,P->T,,1,171/21080,1.9907789088449646,False,9924c524cfccbaed436346d94bcf1435d52368e6f9a30c96f95fe349e38a4ab1,form(0-1-2) | absent(0-1) & present(0-2) => weak_favour,2afefc9bfb4f667e5b7b623ad4ebe0fce6267e30ca1fab05b0f8083e30ac0071,0.0,0/1,0.0,0/1,0.5,1/2,0,1,1/2,1/2,1,2,PAIRWISE_PROJECTION_REDUCIBLE,0.004921259842519685,5/1016,0.38046875,487/1280,-0.01796875,-23/1280,42fb18bdca29a986,rational,0.0,True,17/127,17/127,68/127,1,0.1220472440944882,31/254,0.03543307086614173,9/254
3,3,3,W4,-0.07407407407407407,-2/27,0.0014101759434663515,0.0,P->P,,0,0/1,1.9804713024312803,False,8e89185f8002e6487f89a4fdec0bbf5e724bff2e4e7316c1eb9422c2f81e960b,form(0-1) | present(0-2) & present(1-2) => strong_suppress,8f92ffe1c8d2c0045a3718837854e2fba9cb6c5d8b61c0b79888001d2cd4e3ba,0.0,0/1,0.2222222222222222,2/9,0.4742268041237113,46/97,0,1,46/97,46/97,1,2,FULLY_REDUCIBLE,0.006443298969072165,5/776,0.4118897928994083,4455/10816,0.013452292899408283,291/21632,430bbe98efe72d80,rational,0.0,True,25/194,25/194,1/2,0,0.09278350515463918,9/97,0.04639175257731959,9/194
3,3,3,W4,-0.027777777777777776,-1/36,0.004468881991717328,0.016798784977245074,mixed,,1,13/294,1.9627219754667178,False,73bffe4c3fff3d1c551bcc65d719c1403dc02421d82e6f2f766f61331073df58,dissolve(0-1) | absent(0-2) & absent(0-1-2) => strong_favour,2eb7cc94efb4ead2f1845eb1d0c59b956b98c5cf53bce271f4154faf241b85c8,0.0,0/1,0.3333333333333333,1/3,0.46825396825396826,59/126,0,1,5/11,29/60,1,2,IRREDUCIBLE_DYNAMIC_COUPLING,0.00992063492063492,5/504,0.35610650510204084,4467/12544,-0.04233099489795918,-531/12544,44566c4625a65443,rational,0.0,True,5/42,5/42,10/21,1,0.10714285714285714,3/28,0.07142857142857142,1/14
3,2,3,W4,0.05555555555555555,1/18,0.006388134034178415,0.029748441981559518,T->P,,1,27/616,1.936526606875764,False,808d88cd9ebcdcd0553c79ce9673badfe3e06f706b0403f63e509bd85a535341,form(0-1) | present(0-1-2) => strong_favour,518900be046730c0603c15198f64d86c5da86965d1acb3537319464c6aa57c6c,0.0,0/1,0.3333333333333333,1/3,0.5405405405405406,20/37,0,1,9/17,11/20,1,2,IRREDUCIBLE_DYNAMIC_COUPLING,0.005067567567567568,3/592,0.41347029883381925,18153/43904,0.015032798833819243,165/10976,44d8774dfa87519f,rational,0.0,True,17/148,17/148,20/37,1,0.1554054054054054,23/148,0.12162162162162163,9/74
3,3,3,W4,0.018518518518518517,1/54,0.0011704365294243776,0.011237990142532107,mixed,,1,729/81302,1.980471302431282,False,4df0cb88acd447fb380a142f8ccae0af47c15e406662f0517c8061574bf915ff,dissolve(0-1) | absent(0-2) & absent(0-1-2) => strong_suppress,a423f0673b6ebce3343cf223954bbadb2b34a0ed21b269d3a2d68d48082d8746,0.0,0/1,0.2222222222222222,2/9,0.520618556701031,101/194,0,1,25/47,51/100,1,2,IRREDUCIBLE_DYNAMIC_COUPLING,0.006443298969072165,5/776,0.4194480399408284,18147/43264,0.021010539940828403,909/43264,48073477eb05846a,rational,0.0,True,25/194,25/194,50/97,1,0.13659793814432988,53/388,0.04639175257731959,9/194
3,2,3,W4,0.0,0/1,0.0009523636833856218,0.0,P->P,,0,0/1,1.9860593781761307,False,34da2c7d50d4c52fe96447aadf682a5f780be679a2c9cc8f527aa041504d409a,form(0-1) | absent(0-2) => weak_suppress,8dd253ac44e62d032db42a942d5d96134a46e38cbbe62f873c4aed58efab1e77,0.0,0/1,0.06666666666666667,1/15,0.4866666666666667,73/150,0,1,73/150,73/150,1,2,FULLY_REDUCIBLE,0.0025,1/400,0.36598032069970843,4017/10976,-0.032457179300291544,-1425/43904,4c26647780629fa1,rational,0.0,True,13/100,13/100,1/2,0,0.12,3/25,0.06,3/50
3,3,3,W4,0.027777777777777776,1/36,0.0024180855285575184,0.03881350374838956,mixed,,1,4/185,1.9425332693306208,False,b0413f79bebd00b8b4682804497d9b2d1eef5c13bfc4096669c602d4eda8386f,dissolve(0-1) | absent(0-2) & present(0-1-2) => prohibit,4cd7dbec1436eee8f380e6682a8ef05224d118a5b14b0e41cfb235aaf4b67230,0.0,0/1,0.3333333333333333,1/3,0.5307692307692308,69/130,0,1,35/68,17/31,1,2,IRREDUCIBLE_DYNAMIC_COUPLING,0.009615384615384616,1/104,0.3914930555555556,451/1152,-0.006944444444444444,-1/144,4cb2fd0a0f3aed49,rational,0.0,False,17/130,17/130,31/65,1,0.1423076923076923,37/260,0.06923076923076923,9/130
3,3,3,W4,-0.022222222222222223,-1/45,0.0004525699202626755,0.0034948593526601696,mixed,,1,387/108290,1.9935059215106186,False,ec19380d70a029ff6d5da6510e464d04c2b8bc9eed1a97d83ba086e083472dee,form(0-1) | present(0-2) & present(0-1-2) => weak_suppress,c1ec186ace530928ee2089aad48cdc234f01250541575d2b5833611341c33cc0,0.0,0/1,0.13333333333333333,2/15,0.48757763975155277,157/322,0,1,81/164,38/79,1,2,IRREDUCIBLE_DYNAMIC_COUPLING,0.0038819875776397515,5/1288,0.40098852040816324,2515/6272,0.002551020408163265,1/392,4d2fad117dfc94c7,rational,0.0,True,41/322,41/322,79/161,1,0.11335403726708075,73/644,0.027950310559006212,9/322
3,3,3,W4,0.0,0/1,0.005035196416181513,0.0031161850370533583,P->T,,1,111/30856,1.9935059215106186,False,3ea3603820178a742667633d7e317c274007d80ffe6a7f344591d9a27eb022b0,dissolve(0-1-2) | absent(0-1) & present(0-2) => weak_suppress,a67577dda45615890801ee5bbbaab1eb30a0be984a1e7e1ba528c538f30a2d1b,0.0,0/1,0.0,0/1,0.5,1/2,0,1,1/2,1/2,1,2,PAIRWISE_PROJECTION_REDUCIBLE,0.0038819875776397515,5/1288,0.4099170918367347,2571/6272,0.011479591836734694,9/784,4ec9f71211b27d8c,rational,0.0,True,19/161,19/161,85/161,1,0.12732919254658384,41/322,0.027950310559006212,9/322
3,3,3,W4,0.0,0/1,0.04885822647317907,0.031088385504077276,P->T,,1,5/56,1.9425332693306208,False,873f5e780066e743be8d443517fb211b208d299a5c1459357e7a74565c9e4fad,dissolve(0-1-2) | present(0-1) & present(0-2) => prohibit,e2aab74ec3c04e856bab48a60ef47aed13f39b42a12af8485f75593e7a9890a3,0.0,0/1,0.0,0/1,0.4846153846153846,63/130,0,1,13/28,1/2,1,2,PAIRWISE_PROJECTION_REDUCIBLE,0.009615384615384616,1/104,0.4140625,53/128,0.015625,1/64,4f905e6462f0e9d6,rational,0.0,False,7/65,7/65,37/65,1,0.1076923076923077,7/65,0.06923076923076923,9/130
3,3,3,W4,0.05555555555555555,1/18,0.004468881991717329,0.016798784977245074,mixed,,1,13/294,1.962721975466718,False,4a3cf8956462f1067e608d19d392476321f84533ccd229eba32eb86cda87a9fd,form(0-1) | present(0-2) & present(0-1-2) => strong_favour,fe4744b016ff45b10a416bdb0ff7be875f4f6d96e50f483496bc705c1112fb45,0.0,0/1,0.3333333333333333,1/3,0.5317460317460317,67/126,0,1,31/60,6/11,1,2,IRREDUCIBLE_DYNAMIC_COUPLING,0.00992063492063492,5/504,0.3946109693877551,2475/6272,-0.003826530612244898,-3/784,4fd4d5b95ae26abd,rational,0.0,True,5/42,5/42,11/21,1,0.15476190476190477,13/84,0.07142857142857142,1/14
3,3,3,W4,0.0,0/1,0.004980822094662409,0.0,P->P,,0,0/1,1.9627219754667187,False,2381665cd003f0c5aa51608ba5e7ed05357cf4c7d5d8a87741d78c50c1829755,dissolve(0-1) | absent(0-2) & absent(1-2) => strong_favour,afe153e9e55ee316f1868efd82a8e15bada109ea1cb1a6644a7c9469f85819a0,0.0,0/1,0.3333333333333333,1/3,0.4603174603174603,29/63,0,1,29/63,29/63,1,2,FULLY_REDUCIBLE,0.00992063492063492,5/504,0.33769132653061223,1059/3136,-0.06074617346938776,-381/6272,4fffc09937e221d2,rational,0.0,True,5/42,5/42,1/2,0,0.1111111111111111,1/9,0.07142857142857142,1/14
3,2,3,W4,0.0,0/1,0.007421132102193111,0.006257881965191782,P->T,,1,1/208,1.9860593781761307,False,6cabd56744d5aab35645d4b097a9aaf9491b98f415fc92d1773b111693eff267,form(0-1-2) | absent(0-1) => weak_suppress,1bc1ee6df5e6e084edd055e2c4aa529ee4806243446f9d468ed22c5c9ea6da63,0.0,0/1,0.0,0/1,0.5066666666666667,38/75,0,1,1/2,17/33,1,2,PAIRWISE_PROJECTION_REDUCIBLE,0.0025,1/400,0.45371720116618075,1245/2744,0.05527970116618076,2427/43904,50fc4e5a3040d734,rational,0.0,True,11/100,11/100,11/25,1,0.13,13/100,0.06,3/50
3,1,3,W4,0.0,0/1,0.0,0.01250916764696687,T->T,,1,9/616,1.9683167685821135,False,db8ddeae28ae3dbcc8808a496c89edbd801e0f8cc7407b8c6bcdb108ed4bbfd7,form(0-1-2) => weak_suppress,b5c68026d42b4d61c6bfabcd6e0b34330126e908d765457ecffdda22643092e9,0.0,0/1,0.0,0/1,0.5,1/2,0,1,1/2,1/2,0,2,FULLY_REDUCIBLE,0.0,0/1,0.4922167846730529,18909/38416,0.0937792846730529,28821/307328,510779b22d9ee214,rational,0.0,True,1/11,1/11,4/11,1,0.125,1/8,0.13636363636363635,3/22
3,2,3,W4,0.0,0/1,0.007421132102193111,0.006257881965191782,P->T,,1,1/208,1.98605937817613,False,d34bba090b60148a640e0d4beb867074252a995fced25bc900dba35e78e557bb,dissolve(0-1-2) | absent(0-1) => weak_suppress,c3761d3a6493d72b0759857d3455f73f222d2ad05784a4f46f66e78b184d9d12,0.0,0/1,0.0,0/1,0.5066666666666667,38/75,0,1,17/33,1/2,1,2,PAIRWISE_PROJECTION_REDUCIBLE,0.0025,1/400,0.42239887026239065,18545/43904,0.02396137026239067,263/10976,5331b9dab6eb125a,rational,0.0,True,11/100,11/100,14/25,1,0.13,13/100,0.06,3/50
3,2,3,W4,0.0,0/1,0.007421132102193112,0.00625788196519178,P->T,,1,1/208,1.986059378176129,False,4b602cb9e4745adfa9bccf8c45a9a01c931a72571e8ed33b7aa2279ec1276d28,dissolve(0-1-2) | present(0-1) => weak_suppress,b0935edc558796d252541b58ffc9c81a9fccb0cc967b7b771f9edb0e59ea4e5e,0.0,0/1,0.0,0/1,0.49333333333333335,37/75,0,1,16/33,1/2,1,2,PAIRWISE_PROJECTION_REDUCIBLE,0.0025,1/400,0.4169323979591837,2615/6272,0.018494897959183673,29/1568,56411ef44a8f13fe,rational,0.0,True,11/100,11/100,14/25,1,0.12,3/25,0.06,3/50
3,1,3,W4,0.0,0/1,0.0,0.017801027300536943,T->T,,1,9/520,1.9699723441874486,False,014fc9d209ce82911a32bda46638cf606f446c728b2243069e57046289d0bde8,dissolve(0-1-2) => weak_favour,827f5b13e04ce2d23d1a7006c7205fb8e302b73448086bc8f150f43ee55b9e7c,0.0,0/1,0.0,0/1,0.5,1/2,0,1,1/2,1/2,0,2,FULLY_REDUCIBLE,0.0,0/1,0.3493125,5589/16000,-0.049125,-393/8000,5699fdfea3e22616,rational,0.0,True,2/13,2/13,5/13,1,0.125,1/8,0.11538461538461539,3/26
3,3,3,W4,0.027777777777777776,1/36,0.0024180855285575176,0.038813503748389544,mixed,,1,4/185,1.9425332693306212,False,9c646d1d7d81c37f4f37405c39f1684e16d7bdae763bd0535fde0e00005c15ac,dissolve(0-1) | present(0-2) & absent(0-1-2) => prohibit,e817bfb4ffb94b3f202cce5f738934b3c3c0a0ea246c1ff70576eafa31716b0a,0.0,0/1,0.16666666666666666,1/6,0.5153846153846153,67/130,0,1,16/31,35/68,1,2,IRREDUCIBLE_DYNAMIC_COUPLING,0.009615384615384616,1/104,0.3819444444444444,55/144,-0.016493055555555556,-19/1152,56ce75c5380e0cd8,rational,0.0,False,17/130,17/130,34/65,1,0.1423076923076923,37/260,0.06923076923076923,9/130
2,1,3,W4,-0.044444444444444446,-2/45,0.0010821659130775022,0.0,P->P,,0,0/1,1.9683167685821141,False,e6c57e8f38d72fa49be4bb53c870f1c67d9e9793be275144cb30fe99a45d87ef,form(0-1) => weak_suppress,71d8399a7585bca99a9faa4fffec60aa11b8cc4b83654828b7a64940fd0fddb4,0.0,0/1,0.13333333333333333,2/15,0.45454545454545453,5/11,0,1,5/11,5/11,1,2,FULLY_REDUCIBLE,0.0,0/1,0.3575723656809663,27473/76832,-0.040865134319033734,-12559/307328,57433002cd63e46b,rational,0.0,True,3/22,3/22,1/2,0,0.09090909090909091,1/11,0.13636363636363635,3/22
3,3,3,W4,0.0,0/1,0.004468881991717328,0.016798784977245074,mixed,,1,13/294,1.9627219754667187,False,6a1630e71604a800e5b3faae820b9bdb52985d12483b6c1ea04afd6098867e82,form(0-1) | absent(0-2) & absent(0-1-2) => strong_favour,a3b3141aaa7800c4c8b9586f35ec593ee4b5128e316c0fc3479fa486478a21e7,0.0,0/1,0.16666666666666666,1/6,0.5158730158730159,65/126,0,1,17/33,31/60,1,2,IRREDUCIBLE_DYNAMIC_COUPLING,0.00992063492063492,5/504,0.44961734693877553,705/1568,0.05117984693877551,321/6272,575ab2b5bf597eda,rational,0.0,True,5/42,5/42,10/21,1,0.13095238095238096,11/84,0.07142857142857142,1/14
3,3,3,W4,0.0,0/1,0.000928225949962399,0.00432133105694388,mixed,,1,261/31270,1.9907789088449652,False,a514baa538a96fd9770fc41a14b9b936e71e55ba79d4fc27564e6a3fda40fca6,form(0-1) | absent(0-2) & absent(0-1-2) => weak_favour,a3b3141aaa7800c4c8b9586f35ec593ee4b5128e316c0fc3479fa486478a21e7,0.0,0/1,0.08333333333333333,1/12,0.5078740157480315,129/254,0,1,33/65,63/124,1,2,IRREDUCIBLE_DYNAMIC_COUPLING,0.004921259842519685,5/1016,0.42625,341/800,0.0278125,89/3200,59051e01be26b9d0,rational,0.0,True,31/254,31/254,62/127,1,0.1279527559055118,65/508,0.03543307086614173,9/254
3,2,3,W4,0.022222222222222223,1/45,0.0009523636833856219,0.0,P->P,,0,0/1,1.9860593781761302,False,d4967da0aa989e76cd2df25c3a6671da24d6c41e82e526f5ac661f15b9ba031f,dissolve(0-1) | present(0-2) => weak_suppress,e453e66f12c13b260fb2de68ee4f160a280e5b20d27ad8c54bd4afa8033df8d7,0.0,0/1,0.06666666666666667,1/15,0.5133333333333333,77/150,0,1,77/150,77/150,1,2,FULLY_REDUCIBLE,0.0025,1/400,0.38456632653061223,603/1568,-0.013871173469387755,-87/6272,5bd04e2bbeb59986,rational,0.0,True,13/100,13/100,1/2,0,0.14,7/50,0.06,3/50
3,2,3,W4,0.0,0/1,0.0017370250246976219,0.0,P->P,,0,0/1,1.9830278467146438,False,5c22db869d01841f41d4607ae9cebc2442fdd69421c995ecb8cc4d3402647783,form(0-1) | absent(0-2) => weak_favour,d1d309b69f0eba32fb4343d23d4ed616970c8ef6ec36dc601b3cd6722029fa58,0.0,0/1,0.08333333333333333,1/12,0.5144927536231884,71/138,0,1,71/138,71/138,1,2,FULLY_REDUCIBLE,0.002717391304347826,1/368,0.43275,1731/4000,0.0343125,549/16000,5f568188101f1644,rational,0.0,True,11/92,11/92,1/2,0,0.13043478260869565,3/23,0.06521739130434782,3/46
3,3,3,W4,-0.037037037037037035,-1/27,0.001170436529424378,0.011237990142532106,mixed,,1,729/81302,1.980471302431281,False,ca27531375e9b88b9203fb9c28f350ecbaeca890f81145d56ef4bd0b685224ff,form(0-1) | present(0-2) & absent(0-1-2) => strong_suppress,b7c3cddcc5c72bb7dc59753863ae2507532e89a4a9adde1ac6c5922ca711bdc5,0.0,0/1,0.2222222222222222,2/9,0.4793814432989691,93/194,0,1,22/47,49/100,1,2,IRREDUCIBLE_DYNAMIC_COUPLING,0.006443298969072165,5/776,0.38061667899408286,16467/43264,-0.01782082100591716,-771/43264,6203ae2f67772f7b,rational,0.0,True,25/194,25/194,50/97,1,0.1056701030927835,41/388,0.04639175257731959,9/194
3,3,3,W4,0.0,0/1,0.005035196416181515,0.0031161850370533587,P->T,,1,111/30856,1.9935059215106186,False,65bb64f61efd83077b5714eeecc1565714eaaee98d56daedde8a724ef626a644,form(0-1-2) | absent(0-1) & present(0-2) => weak_suppress,e0ac3a14427fa243c9876c64dd065e3dc970271f0d289f5a5bade66c3030fb0b,0.0,0/1,0.0,0/1,0.5,1/2,0,1,1/2,1/2,1,2,PAIRWISE_PROJECTION_REDUCIBLE,0.0038819875776397515,5/1288,0.4122289540816326,5171/12544,0.013791454081632654,173/12544,643859d99ba1f4bb,rational,0.0,True,19/161,19/161,76/161,1,0.12732919254658384,41/322,0.027950310559006212,9/322
3,3,3,W4,0.0,0/1,0.015581579634904292,0.009309759092285604,P->T,,1,261/14872,1.9804713024312826,False,216bc3a20523a7593eced620c90b737623532ae2d42f86ddbbf23fdfc4aebac4,form(0-1-2) | absent(0-1) & absent(0-2) => strong_suppress,6cf9b3b4025a46863a6a4dbcd2da42c87fddf48e9aeaeafe67dbf8fcd0a30e10,0.0,0/1,0.0,0/1,0.5103092783505154,99/194,0,1,1/2,23/44,1,2,PAIRWISE_PROJECTION_REDUCIBLE,0.006443298969072165,5/776,0.46264792899408286,1251/2704,0.06421042899408284,1389/21632,648e79f0fb74468c,rational,0.0,True,11/97,11/97,44/97,1,0.12886597938144329,25/194,0.04639175257731959,9/194
3,3,3,W4,0.0,0/1,0.0014101759434663513,0.0,P->P,,0,0/1,1.9804713024312832,False,750dc92c76b418a073397909331b840e1106ca1e30d1d06a0a53e082525cf208,dissolve(0-1) | absent(0-2) & absent(1-2) => strong_suppress,7208cfca443a131efd64092923c0147b4dd88182e8359f30667ff6f73e49638c,0.0,0/1,0.2222222222222222,2/9,0.5257731958762887,51/97,0,1,51/97,51/97,1,2,FULLY_REDUCIBLE,0.006443298969072165,5/776,0.43352440828402367,4689/10816,0.035086908284023666,759/21632,67c5027538dc4338,rational,0.0,True,25/194,25/194,1/2,0,0.13402061855670103,13/97,0.04639175257731959,9/194
3,2,3,W4,0.05555555555555555,1/18,0.001998589279514245,0.0919502539800199,T->P,,1,1/24,1.8616541669070537,False,d0f3d8d471b66f991609c535a357cbc493e0900387dcf1400fa7f0c53314869d,dissolve(0-1) | absent(0-1-2) => prohibit,5152d085961c90e2054ce67b5bc2487fcd87c468c3d381396c0d17c455b46499,0.0,0/1,0.3333333333333333,1/3,0.5555555555555556,5/9,0,1,7/12,8/15,1,2,IRREDUCIBLE_DYNAMIC_COUPLING,0.006944444444444444,1/144,0.4085648148148148,353/864,0.010127314814814815,35/3456,69b1c8edee646ae1,rational,0.0,False,5/36,5/36,5/9,1,0.16666666666666666,1/6,0.16666666666666666,1/6
3,3,3,W4,0.037037037037037035,1/27,0.0014101759434663509,0.0,P->P,,0,0/1,1.9804713024312808,False,30e37f44522f43853db93ffa169c5ac573fb1bb9aa17a23578daff2024bbdbdb,dissolve(0-1) | absent(0-2) & present(1-2) => strong_suppress,7cfb4ada1bb6025248bf4ea17ad7084a2de102c165b9060b98f25aa97b08808d,0.0,0/1,0.1111111111111111,1/9,0.5154639175257731,50/97,0,1,50/97,50/97,1,2,FULLY_REDUCIBLE,0.006443298969072165,5/776,0.3813794378698225,4125/10816,-0.017058062130177513,-369/21632,69e06aac9fd9949a,rational,0.0,True,25/194,25/194,1/2,0,0.13917525773195877,27/194,0.04639175257731959,9/194
3,3,3,W4,0.0,0/1,0.000538163664048702,0.0,P->P,,0,0/1,1.993505921510619,False,a63c83729c67702be34a7f3e41b09adf4e05534a25241775fff391779d6c2d5c,form(0-1) | absent(0-2) & absent(1-2) => weak_suppress,bc622bc8b774edc805ef30a3007b5ce8f8c4d84ea566883b13cad80346b0452a,0.0,0/1,0.0,0/1,0.4968944099378882,80/161,0,1,80/161,80/161,1,2,FULLY_REDUCIBLE,0.0038819875776397515,5/1288,0.38584183673469385,605/1568,-0.012595663265306123,-79/6272,6b96036db0d081c5,rational,0.0,True,41/322,41/322,1/2,0,0.12422360248447205,20/161,0.027950310559006212,9/322
3,2,3,W4,0.1111111111111111,1/9,0.007808697029671383,0.0,P->P,,0,0/1,1.9365266068757632,False,c46f2d9d7c0f72f8f376dc7df6599299ae888510c8aad100f7dab41b26c62b5f,form(0-1) | present(0-2) => strong_favour,57b2dc763f8c5583f3e068854294301568cb71c234b696911e70c9cf2906e583,0.0,0/1,0.3333333333333333,1/3,0.5540540540540541,41/74,0,1,41/74,41/74,1,2,FULLY_REDUCIBLE,0.005067567567567568,3/592,0.43045052842565595,37797/87808,0.032013028425655975,2811/87808,6db0090e614349de,rational,0.0,True,17/148,17/148,1/2,0,0.17567567567567569,13/74,0.12162162162162163,9/74
3,2,3,W4,0.05555555555555555,1/18,0.006388134034178416,0.02974844198155952,T->P,,1,27/616,1.9365266068757634,False,4ac90c8b7ab2db52b515a61a7c267b1d9a5ba892e1c283f1b49633808df0f876,form(0-1) | absent(0-1-2) => strong_favour,e361fa0f896933c6186a6c42181afcf28ec7fccad6d0bc5157629dd0f08278c2,0.0,0/1,0.3333333333333333,1/3,0.5405405405405406,20/37,0,1,11/20,9/17,1,2,IRREDUCIBLE_DYNAMIC_COUPLING,0.005067567567567568,3/592,0.4695699708454811,2577/5488,0.07113247084548105,3123/43904,6e60fd6ce1a4d458,rational,0.0,True,17/148,17/148,17/37,1,0.1554054054054054,23/148,0.12162162162162163,9/74
3,2,3,W4,-0.05555555555555555,-1/18,0.007808697029671385,0.0,P->P,,0,0/1,1.9365266068757632,False,a7202d2076f6daa636f21de0850af9c71fbdb29da4526450f96dbbb1f330d3a3,dissolve(0-1) | absent(0-2) => strong_favour,7c9c1eca5a793ca87c6916a59dace8f171230e25cb8f4ead7307edecf6c7a4e7,0.0,0/1,0.3333333333333333,1/3,0.44594594594594594,33/74,0,1,33/74,33/74,1,2,FULLY_REDUCIBLE,0.005067567567567568,3/592,0.3582930940233236,31461/87808,-0.04014440597667639,-3525/87808,703996c0c0505230,rational,0.0,True,17/148,17/148,1/2,0,0.0945945945945946,7/74,0.12162162162162163,9/74
3,3,3,W4,0.05555555555555555,1/18,0.0010582532764379677,0.0,P->P,,0,0/1,1.9907789088449641,False,3b4f8ae56dd22c72a05f089da870867f88e7a8974a9db4be7b58902141b55c80,form(0-1) | present(0-2) & present(1-2) => weak_favour,3070820c9d4fbb815b575980241f5d1e27465f713088b66e973a9402e4d444cb,0.0,0/1,0.16666666666666666,1/6,0.5196850393700787,66/127,0,1,66/127,66/127,1,2,FULLY_REDUCIBLE,0.004921259842519685,5/1016,0.388125,621/1600,-0.0103125,-33/3200,70fc7377e9215e86,rational,0.0,True,31/254,31/254,1/2,0,0.14960629921259844,19/127,0.03543307086614173,9/254
3,2,3,W4,-0.05555555555555555,-1/18,0.0019985892795142454,0.09195025398001991,T->P,,1,1/24,1.8616541669070545,False,1956bb673f5536de95fe0e205f2e457256924ba3263456c4f31ed701eab52605,form(0-1) | present(0-1-2) => prohibit,0a2e4312ec4d09d40f0fd340a68e2e93a490194ad9f6444ac8fe74cba9bb7711,0.0,0/1,0.3333333333333333,1/3,0.4444444444444444,4/9,0,1,7/15,5/12,1,2,IRREDUCIBLE_DYNAMIC_COUPLING,0.006944444444444444,1/144,0.39033564814814814,1349/3456,-0.008101851851851851,-7/864,721b895b94c57fbb,rational,0.0,False,5/36,5/36,4/9,1,0.08333333333333333,1/12,0.16666666666666666,1/6
3,3,3,W4,0.018518518518518517,1/54,0.0011704365294243776,0.011237990142532106,mixed,,1,729/81302,1.980471302431282,False,99600ff6cb00b47ed026fe8f8b9a1ac883dc4b26029dfdb64907701872ea672b,dissolve(0-1) | absent(0-2) & present(0-1-2) => strong_suppress,103f65302d15ef7b84ace1eb5f2bbbf255a39d1a6664b95a01e4f7dfd36728e5,0.0,0/1,0.2222222222222222,2/9,0.520618556701031,101/194,0,1,51/100,25/47,1,2,IRREDUCIBLE_DYNAMIC_COUPLING,0.006443298969072165,5/776,0.39399963017751477,8523/21632,-0.004437869822485207,-3/676,752eed808d4bc1e9,rational,0.0,True,25/194,25/194,47/97,1,0.13659793814432988,53/388,0.04639175257731959,9/194
3,3,3,W4,0.0,0/1,0.0010582532764379679,0.0,P->P,,0,0/1,1.990778908844966,False,70add361b9cd50ee2e613349de384b28c49b1046da224742d641ddf288b1c9cf,form(0-1) | absent(0-2) & absent(1-2) => weak_favour,bc2a9a54d43f303ca4171e1d7c60161c0e5bd16edd3386b4637e274d809981b7,0.0,0/1,0.0,0/1,0.5039370078740157,64/127,0,1,64/127,64/127,1,2,FULLY_REDUCIBLE,0.004921259842519685,5/1016,0.415,83/200,0.0165625,53/3200,7555b5e2ccb573fa,rational,0.0,True,31/254,31/254,1/2,0,0.12598425196850394,16/127,0.03543307086614173,9/254
3,3,3,W4,0.0,0/1,0.005035196416181515,0.0031161850370533587,P->T,,1,111/30856,1.9935059215106194,False,be860c5cf1e67d8e8920450bcbd59ecfe991842f4b67b0fa127ae4b1f48b74b4,form(0-1-2) | absent(0-1) & absent(0-2) => weak_suppress,6cf9b3b4025a46863a6a4dbcd2da42c87fddf48e9aeaeafe67dbf8fcd0a30e10,0.0,0/1,0.0,0/1,0.5062111801242236,163/322,0,1,1/2,39/76,1,2,PAIRWISE_PROJECTION_REDUCIBLE,0.0038819875776397515,5/1288,0.4375,7/16,0.0390625,5/128,787fbf17fa9dd7dd,rational,0.0,True,19/161,19/161,76/161,1,0.12732919254658384,41/322,0.027950310559006212,9/322
3,3,3,W4,0.0,0/1,0.006702704420181562,0.004940195666603954,P->T,,1,171/21080,1.9907789088449648,False,66c70749cedf3bd87518429d9f930d88c70cdb2de6c2c976949c2b2a82845825,dissolve(0-1-2) | present(0-1) & present(0-2) => weak_favour,d3a24ac12091f64dc5f29e86bc8f3c27e4ab9ead3fe871d76e357e10a00187ab,0.0,0/1,0.0,0/1,0.5078740157480315,129/254,0,1,35/68,1/2,1,2,PAIRWISE_PROJECTION_REDUCIBLE,0.004921259842519685,5/1016,0.3890625,249/640,-0.009375,-3/320,790c56e763985489,rational,0.0,True,17/127,17/127,59/127,1,0.13385826771653545,17/127,0.03543307086614173,9/254
3,3,3,W4,0.0,0/1,0.04885822647317906,0.031088385504077276,P->T,,1,5/56,1.9425332693306208,False,003e2535954e104e10a9aeb09aabcc298acf2f1ba276c70d7c32b400d4d599fc,dissolve(0-1-2) | absent(0-1) & present(0-2) => prohibit,9df8cf82767d5e90b72797775fbe784bb03cb36cf99bae58d4a518e07fe0c3de,0.0,0/1,0.0,0/1,0.5,1/2,0,1,1/2,1/2,1,2,PAIRWISE_PROJECTION_REDUCIBLE,0.009615384615384616,1/104,0.4262152777777778,491/1152,0.027777777777777776,1/36,7930485b44a6f9dd,rational,0.0,False,7/65,7/65,37/65,1,0.13076923076923078,17/130,0.06923076923076923,9/130
3,3,3,W4,-0.013888888888888888,-1/72,0.0009282259499623986,0.00432133105694388,mixed,,1,261/31270,1.9907789088449652,False,2a51b519413c4dc6566ee65519a9026f9216c0cb4cc87a737fac78f4fb353b7f,dissolve(0-1) | present(0-2) & absent(0-1-2) => weak_favour,63785c117029349d1d81b1d2da3327a20cb300cdaab87239d68f87f1a41db3b4,0.0,0/1,0.08333333333333333,1/12,0.4921259842519685,125/254,0,1,32/65,61/124,1,2,IRREDUCIBLE_DYNAMIC_COUPLING,0.004921259842519685,5/1016,0.4075,163/400,0.0090625,29/3200,7abab67a96ca7bb4,rational,0.0,True,31/254,31/254,62/127,1,0.11614173228346457,59/508,0.03543307086614173,9/254
3,2,3,W4,0.05555555555555555,1/18,0.0017370250246976223,0.0,P->P,,0,0/1,1.9830278467146438,False,71d1d83b54f38c80d6f7199cf9ce2f9c0e9797a6cdab614f5bfaeea0632ec499,form(0-1) | present(0-2) => weak_favour,57b2dc763f8c5583f3e068854294301568cb71c234b696911e70c9cf2906e583,0.0,0/1,0.16666666666666666,1/6,0.5289855072463768,73/138,0,1,73/138,73/138,1,2,FULLY_REDUCIBLE,0.002717391304347826,1/368,0.41221875,13191/32000,0.01378125,441/32000,7b3fb1c5647a79e9,rational,0.0,True,11/92,11/92,1/2,0,0.15217391304347827,7/46,0.06521739130434782,3/46
3,1,3,W4,0.0,0/1,0.0,0.01250916764696687,T->T,,1,9/616,1.9683167685821141,False,3fb16befdc1649cb640a1e9c414989a1c5d2dddbaa87a8e583cdb10fbcef3a17,dissolve(0-1-2) => weak_suppress,43a3a1cde08463796b5ab407abca3359cac08dff86e9e91eea800de5b373f1fd,0.0,0/1,0.0,0/1,0.5,1/2,0,1,1/2,1/2,0,2,FULLY_REDUCIBLE,0.0,0/1,0.4425792638483965,19431/43904,0.0441417638483965,969/21952,7bde12970d9bd908,rational,0.0,True,1/11,1/11,7/11,1,0.125,1/8,0.13636363636363635,3/22
3,3,3,W4,0.0,0/1,0.015581579634904289,0.009309759092285607,P->T,,1,261/14872,1.9804713024312814,False,49204c49989fb873ddf288e222a6a69adda772b32061150aa25be59f69dee18f,dissolve(0-1-2) | present(0-1) & present(0-2) => strong_suppress,31c3293abb7a5a6242d3bcb96eb0adfda4022787451ac8923e776089f3e217b8,0.0,0/1,0.0,0/1,0.4896907216494845,95/194,0,1,21/44,1/2,1,2,PAIRWISE_PROJECTION_REDUCIBLE,0.006443298969072165,5/776,0.4092548076923077,681/1664,0.010817307692307692,9/832,7f5db729da5b3f95,rational,0.0,True,11/97,11/97,53/97,1,0.1134020618556701,11/97,0.04639175257731959,9/194
3,3,3,W4,-0.1111111111111111,-1/9,0.0029631082273297105,0.0,P->P,,0,0/1,1.9425332693306199,False,af46392c5e736c21cca8b64715e5bfc503b21211e58449e21db117c0a0ea554c,form(0-1) | present(0-2) & present(1-2) => prohibit,d72c763480226486639004683b6cc8bfafa4a49592cb0d4fd2b44fad202280c4,0.0,0/1,0.3333333333333333,1/3,0.46153846153846156,6/13,0,1,6/13,6/13,1,2,FULLY_REDUCIBLE,0.009615384615384616,1/104,0.4184027777777778,241/576,0.019965277777777776,23/1152,80e17328e9a28605,rational,0.0,False,17/130,17/130,1/2,0,0.07692307692307693,1/13,0.06923076923076923,9/130
3,2,3,W4,0.0,0/1,0.00809641872794148,0.009511258562061527,P->T,,1,7/880,1.9830278467146436,False,d3a59747f275b682c50d995ae9154ef9e726c7ca30d665aa121173d78f5f08c5,form(0-1-2) | absent(0-1) => weak_favour,9210cabaebbf689370f01251e1008738a2c4a0dae2bfbbd7b46abc646905a11b,0.0,0/1,0.0,0/1,0.4927536231884058,34/69,0,1,1/2,19/39,1,2,PAIRWISE_PROJECTION_REDUCIBLE,0.002717391304347826,1/368,0.33375,267/800,-0.0646875,-207/3200,8a2f6715e639d097,rational,0.0,True,13/92,13/92,13/23,1,0.11956521739130435,11/92,0.06521739130434782,3/46
3,2,3,W4,0.0,0/1,0.008096418727941479,0.009511258562061527,P->T,,1,7/880,1.9830278467146427,False,5eb2bf02817f5668638517b376f49fc10910d3a7ae44b9f6a2c1799ecaadefdc,dissolve(0-1-2) | present(0-1) => weak_favour,f02a2f0fa4ca00b4179bc8efae24c07148490556487892934ddeab8061cef9bc,0.0,0/1,0.0,0/1,0.5072463768115942,35/69,0,1,20/39,1/2,1,2,PAIRWISE_PROJECTION_REDUCIBLE,0.002717391304347826,1/368,0.3746875,1199/3200,-0.02375,-19/800,8bb865b613c55ca8,rational,0.0,True,13/92,13/92,10/23,1,0.13043478260869565,3/23,0.06521739130434782,3/46
3,2,3,W4,0.0,0/1,0.029748441981559518,0.039231459533170095,P->T,,1,351/9520,1.9365266068757634,False,3e5052b2f2cfd771d3550267ce2ca8208f6bcd11ec6a4dbc71964ccab940b790,form(0-1-2) | present(0-1) => strong_favour,76c798a3419741fd24ec05e587acfcd6bf2c2eae51838f06cffa9e205ee1237c,0.0,0/1,0.0,0/1,0.5135135135135135,19/37,0,1,1/2,12/23,1,2,PAIRWISE_PROJECTION_REDUCIBLE,0.005067567567567568,3/592,0.32962827988338195,1809/5488,-0.06880922011661808,-3021/43904,905907ad19f5e4c7,rational,0.0,True,23/148,23/148,23/37,1,0.13513513513513514,5/37,0.12162162162162163,9/74
3,2,3,W4,0.022222222222222223,1/45,0.0005463969665914529,0.007421132102193113,T->P,,1,3/616,1.98605937817613,False,9bdd5f3e4eeb4d989f6ff6a6edc1420d72d0c5d75725ca9881581bf0dc023d33,dissolve(0-1) | absent(0-1-2) => weak_suppress,6280bbd878ee3dc28bad86aaf16c4e3192add2c9f54c8d81de27ba1c4eb700ef,0.0,0/1,0.13333333333333333,2/15,0.52,13/25,0,1,19/36,20/39,1,2,IRREDUCIBLE_DYNAMIC_COUPLING,0.0025,1/400,0.4041545189504373,1109/2744,0.005717018950437318,251/43904,92b63705cb5e849a,rational,0.0,True,13/100,13/100,13/25,1,0.14,7/50,0.06,3/50
3,2,3,W4,-0.05555555555555555,-1/18,0.006388134034178416,0.029748441981559518,T->P,,1,27/616,1.9365266068757627,False,3a77feae76db6c50b045a0fde8ed1a7d258ca96968078e5c2fb079da6221af77,dissolve(0-1) | present(0-1-2) => strong_favour,db6be5f778d0c6cd299dfb0eab55f1cd1106de78b6c5714032d26d906e46c2f0,0.0,0/1,0.3333333333333333,1/3,0.4594594594594595,17/37,0,1,8/17,9/20,1,2,IRREDUCIBLE_DYNAMIC_COUPLING,0.005067567567567568,3/592,0.4194834183673469,2631/6272,0.021045918367346938,33/1568,953406ef36c362d0,rational,0.0,True,17/148,17/148,20/37,1,0.0945945945945946,7/74,0.12162162162162163,9/74
3,3,3,W4,-0.044444444444444446,-2/45,0.0005381636640487022,0.0,P->P,,0,0/1,1.9935059215106194,False,acb475dafd9cb11ee25cdca64f0225ece83f68ffaa7dfd18fe24c0af92caf816,form(0-1) | present(0-2) & present(1-2) => weak_suppress,8f92ffe1c8d2c0045a3718837854e2fba9cb6c5d8b61c0b79888001d2cd4e3ba,0.0,0/1,0.13333333333333333,2/15,0.484472049689441,78/161,0,1,78/161,78/161,1,2,FULLY_REDUCIBLE,0.0038819875776397515,5/1288,0.4065688775510204,1275/3136,0.008131377551020409,51/6272,95edc031e6ca9e27,rational,0.0,True,41/322,41/322,1/2,0,0.10559006211180125,17/161,0.027950310559006212,9/322
3,3,3,W4,0.0,0/1,0.02653695361982221,0.021573900497764233,P->T,,1,11/280,1.9627219754667187,False,076d9c82646762de901f3e43839f44a59578a6cadc881067e8002b855618827b,dissolve(0-1-2) | present(0-1) & present(0-2) => strong_favour,d3a24ac12091f64dc5f29e86bc8f3c27e4ab9ead3fe871d76e357e10a00187ab,0.0,0/1,0.0,0/1,0.5158730158730159,65/126,0,1,19/36,1/2,1,2,PAIRWISE_PROJECTION_REDUCIBLE,0.00992063492063492,5/504,0.3783482142857143,339/896,-0.020089285714285716,-9/448,96b1d7211f61ebb9,rational,0.0,True,1/7,1/7,3/7,1,0.14285714285714285,1/7,0.07142857142857142,1/14
3,3,3,W4,0.027777777777777776,1/36,0.0024180855285575184,0.03881350374838956,mixed,,1,4/185,1.9425332693306205,False,eafbd21cb39eb97d2a1a6cfd2a683ac9dfda74f78a8bb4e9be6f48db0db5dd72,dissolve(0-1) | present(0-2) & present(0-1-2) => prohibit,970fa4903c4d42d950f8c20634bd318fdab590cfc53e755c67c3698dfd871d17,0.0,0/1,0.16666666666666666,1/6,0.5153846153846153,67/130,0,1,35/68,16/31,1,2,IRREDUCIBLE_DYNAMIC_COUPLING,0.009615384615384616,1/104,0.3828125,49/128,-0.015625,-1/64,96bac66bc2c40e0d,rational,0.0,False,17/130,17/130,31/65,1,0.1423076923076923,37/260,0.06923076923076923,9/130
3,3,3,W4,0.0,0/1,0.0009282259499623989,0.00432133105694388,mixed,,1,261/31270,1.9907789088449663,False,8817acb113b4212695a6f19176b8bccce0744069b12599cd941ee305b8ef9505,form(0-1) | absent(0-2) & present(0-1-2) => weak_favour,f70ec9f5e370ad9946a3efc433904d1ffb69bc483fdd5cce1282361c206a2133,0.0,0/1,0.08333333333333333,1/12,0.5078740157480315,129/254,0,1,63/124,33/65,1,2,IRREDUCIBLE_DYNAMIC_COUPLING,0.004921259842519685,5/1016,0.4071875,1303/3200,0.00875,7/800,97123f2eee2c6e1d,rational,0.0,True,31/254,31/254,65/127,1,0.1279527559055118,65/508,0.03543307086614173,9/254
3,3,3,W4,0.0,0/1,0.0010582532764379675,0.0,P->P,,0,0/1,1.9907789088449648,False,6f046721dcda96a1cd2624685a30437118ccbd5312382c39385adc85f29c2160,dissolve(0-1) | absent(0-2) & absent(1-2) => weak_favour,afe153e9e55ee316f1868efd82a8e15bada109ea1cb1a6644a7c9469f85819a0,0.0,0/1,0.16666666666666666,1/6,0.48031496062992124,61/127,0,1,61/127,61/127,1,2,FULLY_REDUCIBLE,0.004921259842519685,5/1016,0.369375,591/1600,-0.0290625,-93/3200,971a9600f687c4b6,rational,0.0,True,31/254,31/254,1/2,0,0.11811023622047244,15/127,0.03543307086614173,9/254
3,3,3,W4,0.05555555555555555,1/18,0.004468881991717329,0.016798784977245074,mixed,,1,13/294,1.962721975466718,False,e5c07f31034a00a5b1c2dee2f12fa00fa00dfc5ff08f7d76a439582c2e5dbbc1,form(0-1) | present(0-2) & absent(0-1-2) => strong_favour,3ca8f4de85dac1b7dd4a35cc17fdce07ef3eeb401a1ce85cc24bbf807c17572b,0.0,0/1,0.3333333333333333,1/3,0.5317460317460317,67/126,0,1,6/11,31/60,1,2,IRREDUCIBLE_DYNAMIC_COUPLING,0.00992063492063492,5/504,0.43263711734693877,5427/12544,0.03419961734693878,429/12544,9724fda50df92d82,rational,0.0,True,5/42,5/42,10/21,1,0.15476190476190477,13/84,0.07142857142857142,1/14
3,3,3,W4,0.0,0/1,0.0029631082273297096,0.0,P->P,,0,0/1,1.9425332693306203,False,47c1f603f55586c8ae6bb4c28d2c41ed1273add29dfb51fc4434fbd6c36b81b8,dissolve(0-1) | present(0-2) & present(1-2) => prohibit,20818f2b540957fb4c7b2ecbf79bba88f6215ec5a3ac68cc9711d427fffbf8ea,0.0,0/1,0.0,0/1,0.5076923076923077,33/65,0,1,33/65,33/65,1,2,FULLY_REDUCIBLE,0.009615384615384616,1/104,0.390625,25/64,-0.0078125,-1/128,97600a24409e85cd,rational,0.0,False,17/130,17/130,1/2,0,0.13846153846153847,9/65,0.06923076923076923,9/130
3,2,3,W4,0.05555555555555555,1/18,0.005454484325226813,0.0,P->P,,0,0/1,1.861654166907053,False,3d25bc2e290e33b52c44301df32d6567f42320522472434cc210a90959deafc3,dissolve(0-1) | absent(0-2) => prohibit,e8fbf950af5c39431be9767aaf4dbf93c9eb03b553afb1d59027f467805bb617,0.0,0/1,0.3333333333333333,1/3,0.5740740740740741,31/54,0,1,31/54,31/54,1,2,FULLY_REDUCIBLE,0.006944444444444444,1/144,0.4191261574074074,2897/6912,0.02068865740740741,143/6912,97976c3a18c8d08d,rational,0.0,False,5/36,5/36,1/2,0,0.16666666666666666,1/6,0.16666666666666666,1/6
3,3,3,W4,0.0,0/1,0.0005381636640487027,0.0,P->P,,0,0/1,1.993505921510618,False,e9687601766220a1255c36e9b93df1553a2abb74b2dfae605fd391f610fc2473,dissolve(0-1) | present(0-2) & present(1-2) => weak_suppress,47b2719b0807357f4b2c057fea64f76ccc2d7e59ef08cab4d37eced324cb1d6d,0.0,0/1,0.0,0/1,0.5031055900621118,81/161,0,1,81/161,81/161,1,2,FULLY_REDUCIBLE,0.0038819875776397515,5/1288,0.3950892857142857,177/448,-0.0033482142857142855,-3/896,99b9f1c7ece3087b,rational,0.0,True,41/322,41/322,1/2,0,0.13043478260869565,3/23,0.027950310559006212,9/322
3,3,3,W4,-0.027777777777777776,-1/36,0.004468881991717327,0.016798784977245074,mixed,,1,13/294,1.962721975466718,False,d7e58b56ecef334e3593d6a641c6a0cbe71b518f552256b9230bb726ddeed34e,dissolve(0-1) | present(0-2) & absent(0-1-2) => strong_favour,63785c117029349d1d81b1d2da3327a20cb300cdaab87239d68f87f1a41db3b4,0.0,0/1,0.16666666666666666,1/6,0.48412698412698413,61/126,0,1,16/33,29/60,1,2,IRREDUCIBLE_DYNAMIC_COUPLING,0.00992063492063492,5/504,0.41709183673469385,327/784,0.01865433673469388,117/6272,99e07983980c90bd,rational,0.0,True,5/42,5/42,10/21,1,0.10714285714285714,3/28,0.07142857142857142,1/14
3,3,3,W4,0.018518518518518517,1/54,0.001170436529424378,0.011237990142532106,mixed,,1,729/81302,1.9804713024312801,False,8970b90c15d8d1fcf032c8377e9de3955b5deaeabc71b7f8e560328cf8e53d8d,dissolve(0-1) | present(0-2) & absent(0-1-2) => strong_suppress,d3e5d659cd00a1d0a2f6a50fd7c8bf4d62ccec39ecb065fcbed8b04e9cae61c9,0.0,0/1,0.1111111111111111,1/9,0.5103092783505154,99/194,0,1,24/47,51/100,1,2,IRREDUCIBLE_DYNAMIC_COUPLING,0.006443298969072165,5/776,0.38720414201183434,1047/2704,-0.01123335798816568,-243/21632,9d15705facbf7658,rational,0.0,True,25/194,25/194,50/97,1,0.13659793814432988,53/388,0.04639175257731959,9/194
3,2,3,W4,-0.022222222222222223,-1/45,0.0005463969665914529,0.0074211321021931155,T->P,,1,3/616,1.9860593781761302,False,008239cab227fbf09accf501070553a8af54889d947ceb13b111dc9af1e763d1,form(0-1) | present(0-1-2) => weak_suppress,8d31ead5a9bf64368153ed232cee55333c559d7b053fb496456604c88deafef1,0.0,0/1,0.13333333333333333,2/15,0.48,12/25,0,1,19/39,17/36,1,2,IRREDUCIBLE_DYNAMIC_COUPLING,0.0025,1/400,0.3943376457725947,17313/43904,-0.004099854227405247,-45/10976,a0e8d7487ea2b20c,rational,0.0,True,13/100,13/100,12/25,1,0.11,11/100,0.06,3/50
3,3,3,W4,-0.05555555555555555,-1/18,0.002418085528557519,0.03881350374838956,mixed,,1,4/185,1.9425332693306192,False,1d5a178f779bdac854f90002f5c7db885e24a2fc16374c03e8ccd8c12b80e6f6,form(0-1) | present(0-2) & present(0-1-2) => prohibit,a08bfbe6c248d091e699e0467fc5b1889a876acc5bd0f6a5a08d3a8b553e018e,0.0,0/1,0.3333333333333333,1/3,0.46923076923076923,61/130,0,1,33/68,14/31,1,2,IRREDUCIBLE_DYNAMIC_COUPLING,0.009615384615384616,1/104,0.4053819444444444,467/1152,0.006944444444444444,1/144,a129a0d6ebd62766,rational,0.0,False,17/130,17/130,31/65,1,0.09615384615384616,5/52,0.06923076923076923,9/130
3,3,3,W4,0.0,0/1,0.026536953619822213,0.021573900497764233,P->T,,1,11/280,1.9627219754667182,False,4cb3bb7ecb8264ba11fa921876c4fb2ba855fa412b09e97bf0b966e6297f93b7,form(0-1-2) | present(0-1) & present(0-2) => strong_favour,3d8aa3eddb1bf62bef0c11f71e3c9be3aa9c9c4f4422d5d37287a0f27dcd2cbf,0.0,0/1,0.0,0/1,0.5158730158730159,65/126,0,1,1/2,19/36,1,2,PAIRWISE_PROJECTION_REDUCIBLE,0.00992063492063492,5/504,0.35586734693877553,279/784,-0.04257015306122449,-267/6272,a539e6f4ebd4e4b0,rational,0.0,True,1/7,1/7,4/7,1,0.14285714285714285,1/7,0.07142857142857142,1/14
3,2,3,W4,0.037037037037037035,1/27,0.0025434723409260146,0.0,P->P,,0,0/1,1.955946891531027,False,2dd14b7f76d9a5754e13c3c8ddbdcb09b750053a8469e8f1f65ad96371f9cfc0,dissolve(0-1) | absent(0-2) => strong_suppress,bc831effea9d59b6eee11f50ed393c4990a8d93a31febc6cdf7410b35cd35665,0.0,0/1,0.2222222222222222,2/9,0.5465116279069767,47/86,0,1,47/86,47/86,1,2,FULLY_REDUCIBLE,0.00436046511627907,3/688,0.4139860463131543,232839/562432,0.015548546313154301,8745/562432,a7021b2edd0583f0,rational,0.0,True,23/172,23/172,1/2,0,0.1511627906976744,13/86,0.10465116279069768,9/86
3,2,3,W4,0.0,0/1,0.09195025398001994,0.05976468244543586,P->T,,1,1/16,1.8616541669070539,False,e32ca6072cef45472e0cc2871162e2c3f8405ba23f5981eaa030e085fd873e9f,form(0-1-2) | present(0-1) => prohibit,54c0c35e141fda3504f2cd14344c6309e6bbe608449b07d50c94b14726d70953,0.0,0/1,0.0,0/1,0.48148148148148145,13/27,0,1,1/2,4/9,1,2,PAIRWISE_PROJECTION_REDUCIBLE,0.006944444444444444,1/144,0.4791666666666667,23/48,0.08072916666666667,31/384,a807d0d1c7ce5421,rational,0.0,False,1/12,1/12,1/3,1,0.1111111111111111,1/9,0.16666666666666666,1/6
3,3,3,W4,0.0,0/1,0.015581579634904287,0.009309759092285604,P->T,,1,261/14872,1.980471302431282,False,e1b09526687a280e51c86c6242ff30345faee3ff07f6a909581a673664179ba4,dissolve(0-1-2) | absent(0-1) & absent(0-2) => strong_suppress,ffd922c5bae1dc5a4095f0a3d2865c297ed530cbc2460b324a0ada9f4521faf0,0.0,0/1,0.0,0/1,0.5103092783505154,99/194,0,1,23/44,1/2,1,2,PAIRWISE_PROJECTION_REDUCIBLE,0.006443298969072165,5/776,0.41729844674556216,9027/21632,0.01886094674556213,51/2704,a8c7d7b14bdc9b90,rational,0.0,True,11/97,11/97,53/97,1,0.12886597938144329,25/194,0.04639175257731959,9/194
3,3,3,W4,0.0,0/1,0.0014101759434663515,0.0,P->P,,0,0/1,1.9804713024312808,False,dbf5e22bf7ad69289554f2727972a4bb303690940b01b9b990f545a7b38218b8,dissolve(0-1) | present(0-2) & present(1-2) => strong_suppress,47b2719b0807357f4b2c057fea64f76ccc2d7e59ef08cab4d37eced324cb1d6d,0.0,0/1,0.0,0/1,0.5051546391752577,49/97,0,1,49/97,49/97,1,2,FULLY_REDUCIBLE,0.006443298969072165,5/776,0.39302884615384615,327/832,-0.005408653846153846,-9/1664,ad3f7d26616fc964,rational,0.0,True,25/194,25/194,1/2,0,0.13402061855670103,13/97,0.04639175257731959,9/194
3,3,3,W4,0.0,0/1,0.026536953619822213,0.02157390049776423,P->T,,1,11/280,1.962721975466718,False,c95cb4baba55098de5c0cfc89b57951cc14a63772e45d3d2d18ddfd791cbefb6,form(0-1-2) | absent(0-1) & present(0-2) => strong_favour,2afefc9bfb4f667e5b7b623ad4ebe0fce6267e30ca1fab05b0f8083e30ac0071,0.0,0/1,0.0,0/1,0.5,1/2,0,1,1/2,1/2,1,2,PAIRWISE_PROJECTION_REDUCIBLE,0.00992063492063492,5/504,0.36184630102040816,4539/12544,-0.03659119897959184,-459/12544,ae34eb71e3980cf7,rational,0.0,True,1/7,1/7,4/7,1,0.11904761904761904,5/42,0.07142857142857142,1/14
3,3,3,W4,0.0,0/1,0.004980822094662408,0.0,P->P,,0,0/1,1.9627219754667193,False,54f6e2cc5d97400cc4a33099d6fee0ea78a90615af71bc9985f1128615c34d1c,form(0-1) | absent(0-2) & present(1-2) => strong_favour,f81afc05420b2995f4fbcb79e9a291b03fd2f1792573344e5ec9f232d95f948f,0.0,0/1,0.16666666666666666,1/6,0.5238095238095238,11/21,0,1,11/21,11/21,1,2,FULLY_REDUCIBLE,0.00992063492063492,5/504,0.4457908163265306,699/1568,0.047353316326530615,297/6272,ae5002e0b61ba4ee,rational,0.0,True,5/42,5/42,1/2,0,0.1349206349206349,17/126,0.07142857142857142,1/14
3,3,3,W4,0.027777777777777776,1/36,0.0009282259499623982,0.004321331056943881,mixed,,1,261/31270,1.9907789088449652,False,6b1f6403e6724a83d55d5e3abb4aaac726ac4030a781ab9f3969dc33056e4c93,form(0-1) | present(0-2) & present(0-1-2) => weak_favour,fe4744b016ff45b10a416bdb0ff7be875f4f6d96e50f483496bc705c1112fb45,0.0,0/1,0.16666666666666666,1/6,0.515748031496063,131/254,0,1,63/124,34/65,1,2,IRREDUCIBLE_DYNAMIC_COUPLING,0.004921259842519685,5/1016,0.3959375,1267/3200,-0.0025,-1/400,aeb671d94cd97550,rational,0.0,True,31/254,31/254,65/127,1,0.13976377952755906,71/508,0.03543307086614173,9/254
3,3,3,W4,0.0,0/1,0.0005381636640487024,0.0,P->P,,0,0/1,1.993505921510619,False,dcd35148c45420d3af9564f3c0802ae6c581bf5ae01c06d4b1e09681f7e92cc6,dissolve(0-1) | absent(0-2) & absent(1-2) => weak_suppress,7208cfca443a131efd64092923c0147b4dd88182e8359f30667ff6f73e49638c,0.0,0/1,0.13333333333333333,2/15,0.515527950310559,83/161,0,1,83/161,83/161,1,2,FULLY_REDUCIBLE,0.0038819875776397515,5/1288,0.41996173469387754,1317/3136,0.021524234693877552,135/6272,aed04b175593794d,rational,0.0,True,41/322,41/322,1/2,0,0.13043478260869565,3/23,0.027950310559006212,9/322
3,3,3,W4,0.0,0/1,0.006702704420181563,0.004940195666603952,P->T,,1,171/21080,1.9907789088449648,False,c027adb25ec274671914b2ecf0f5b7fed1d93fe0f07d3cdb4100319fe28b5e6b,dissolve(0-1-2) | absent(0-1) & present(0-2) => weak_favour,6837f0c0a85975cfb4c6aa8614238909b89fbf897c8efddc91136f836703c0ed,0.0,0/1,0.0,0/1,0.5,1/2,0,1,1/2,1/2,1,2,PAIRWISE_PROJECTION_REDUCIBLE,0.004921259842519685,5/1016,0.3834375,1227/3200,-0.015,-3/200,af637e1dc6c743f7,rational,0.0,True,17/127,17/127,59/127,1,0.1220472440944882,31/254,0.03543307086614173,9/254
3,2,3,W4,0.0,0/1,0.0025434723409260163,0.0,P->P,,0,0/1,1.9559468915310276,False,0899378963d04affb47fc1f2306654573cb46ad5f7df504113e369626dbfbd7f,form(0-1) | absent(0-2) => strong_suppress,8dd253ac44e62d032db42a942d5d96134a46e38cbbe62f873c4aed58efab1e77,0.0,0/1,0.1111111111111111,1/9,0.47674418604651164,41/86,0,1,41/86,41/86,1,2,FULLY_REDUCIBLE,0.00436046511627907,3/688,0.3424413973600364,24075/70304,-0.05599610263996359,-15747/281216,b298ff9784acb1f0,rational,0.0,True,23/172,23/172,1/2,0,0.11627906976744186,5/43,0.10465116279069768,9/86
3,1,3,W4,0.0,0/1,0.0,0.0,T->T,,0,0/1,1.584962500721156,False,4ea1b7b91ff5f1ee893bc07b32f81ac7eb23c81f35c3e9a8924040c894056351,dissolve(0-1-2) => prohibit,7e3da3fe5ae56a339d4f75c1a59ffbeb72f00c5a83a1cc40ad474396ba8408d6,0.0,0/1,0.0,0/1,0.5,1/2,0,1,,1/2,0,2,FULLY_REDUCIBLE,0.0,0/1,0.5147569444444444,593/1152,0.11631944444444445,67/576,b2d8bfbd8396cf39,rational,0.0,False,0/1,0/1,1/1,0,0.125,1/8,0.5,1/2
3,2,3,W4,-0.027777777777777776,-1/36,0.0013079165079469546,0.00809641872794148,T->P,,1,1/120,1.9830278467146436,False,b8c909f2b9b4493fb5c9262325115ce111d4a2755fcabe43709c2663e43dbdc4,dissolve(0-1) | absent(0-1-2) => weak_favour,a3d2ab38486eb7ce8b512d8a74b281312be6ab4e5efafe4eb47e4d8656451179,0.0,0/1,0.16666666666666666,1/6,0.4782608695652174,11/23,0,1,17/36,16/33,1,2,IRREDUCIBLE_DYNAMIC_COUPLING,0.002717391304347826,1/368,0.38725,1549/4000,-0.0111875,-179/16000,b58afc64595f83d8,rational,0.0,True,11/92,11/92,11/23,1,0.10869565217391304,5/46,0.06521739130434782,3/46
3,3,3,W4,0.1111111111111111,1/9,0.004980822094662409,0.0,P->P,,0,0/1,1.962721975466718,False,3ccc10177da69d3352381e1f66d9aefcf9f9480bc7a9bde569dffe887d404d4c,form(0-1) | present(0-2) & present(1-2) => strong_favour,3070820c9d4fbb815b575980241f5d1e27465f713088b66e973a9402e4d444cb,0.0,0/1,0.3333333333333333,1/3,0.5396825396825397,34/63,0,1,34/63,34/63,1,2,FULLY_REDUCIBLE,0.00992063492063492,5/504,0.3778698979591837,1185/3136,-0.020567602040816327,-129/6272,b693b0feefe861d7,rational,0.0,True,5/42,5/42,1/2,0,0.1746031746031746,11/63,0.07142857142857142,1/14
3,2,3,W4,-0.027777777777777776,-1/36,0.0013079165079469546,0.008096418727941482,T->P,,1,1/120,1.9830278467146432,False,45444a353e58a88dcd9b915b0ca875bc7cb7a3adc484d215182733bc15961033,dissolve(0-1) | present(0-1-2) => weak_favour,db6be5f778d0c6cd299dfb0eab55f1cd1106de78b6c5714032d26d906e46c2f0,0.0,0/1,0.16666666666666666,1/6,0.4782608695652174,11/23,0,1,16/33,17/36,1,2,IRREDUCIBLE_DYNAMIC_COUPLING,0.002717391304347826,1/368,0.4096875,1311/3200,0.01125,9/800,b718db89dce02028,rational,0.0,True,11/92,11/92,12/23,1,0.10869565217391304,5/46,0.06521739130434782,3/46
3,2,3,W4,0.0,0/1,0.029748441981559515,0.039231459533170095,P->T,,1,351/9520,1.9365266068757632,False,e73926affb9a094beb6e3cd315f3d147ea8447690dad7c8f59e34d2e44d0f524,form(0-1-2) | absent(0-1) => strong_favour,9210cabaebbf689370f01251e1008738a2c4a0dae2bfbbd7b46abc646905a11b,0.0,0/1,0.0,0/1,0.4864864864864865,18/37,0,1,1/2,11/23,1,2,PAIRWISE_PROJECTION_REDUCIBLE,0.005067567567567568,3/592,0.275783527696793,3027/10976,-0.122653972303207,-5385/43904,b82e91ab336e5a39,rational,0.0,True,23/148,23/148,23/37,1,0.11486486486486487,17/148,0.12162162162162163,9/74
3,2,3,W4,0.0,0/1,0.09195025398001992,0.05976468244543587,P->T,,1,1/16,1.861654166907053,False,7e4856e388b0e5b815dcde8dfee308a09fd61e526387735144277a56901bc212,form(0-1-2) | absent(0-1) => prohibit,00061132f5885f5014b60b5cf2a1a8f44a0268260f2b5cf99f767b0ebf810e15,0.0,0/1,0.0,0/1,0.5185185185185185,14/27,0,1,1/2,5/9,1,2,PAIRWISE_PROJECTION_REDUCIBLE,0.006944444444444444,1/144,0.5405092592592593,467/864,0.14207175925925927,491/3456,b89043e85895481f,rational,0.0,False,1/12,1/12,1/3,1,0.1388888888888889,5/36,0.16666666666666666,1/6
3,2,3,W4,0.0,0/1,0.007808697029671385,0.0,P->P,,0,0/1,1.9365266068757643,False,3ac9bc6d1606c9feb88a7fbad71898668f099325d011c4082b36e37ccb0b8bcc,form(0-1) | absent(0-2) => strong_favour,d1d309b69f0eba32fb4343d23d4ed616970c8ef6ec36dc601b3cd6722029fa58,0.0,0/1,0.16666666666666666,1/6,0.527027027027027,39/74,0,1,39/74,39/74,1,2,FULLY_REDUCIBLE,0.005067567567567568,3/592,0.457817055393586,5025/10976,0.059379555393586005,2607/43904,bdac008943333921,rational,0.0,True,17/148,17/148,1/2,0,0.13513513513513514,5/37,0.12162162162162163,9/74
3,2,3,W4,0.0,0/1,0.0054544843252268115,0.0,P->P,,0,0/1,1.8616541669070539,False,95c4d92161d151a68fbd3a02f9bb55a989fbc85d72cdfbe7869cf60eb58aa16c,form(0-1) | absent(0-2) => prohibit,329bd31569e0759fa16b46747dd0af35d779e65bfe92e0d45fb3dbf24991f220,0.0,0/1,0.16666666666666666,1/6,0.46296296296296297,25/54,0,1,25/54,25/54,1,2,FULLY_REDUCIBLE,0.006944444444444444,1/144,0.3113425925925926,269/864,-0.08709490740740741,-301/3456,bf9c2552c314f258,rational,0.0,False,5/36,5/36,1/2,0,0.1111111111111111,1/9,0.16666666666666666,1/6
3,1,3,W4,0.0,0/1,0.0,0.032484149535949254,T->T,,1,81/1768,1.8885715491667179,False,42c7b2813bd86b481621d1847586bbc323ec8768e043a8115a66985ba36bd697,dissolve(0-1-2) => strong_suppress,43a3a1cde08463796b5ab407abca3359cac08dff86e9e91eea800de5b373f1fd,0.0,0/1,0.0,0/1,0.5,1/2,0,1,1/2,1/2,0,2,FULLY_REDUCIBLE,0.0,0/1,0.47390262289485663,133269/281216,0.07546512289485663,10611/140608,c0190af5def50437,rational,0.0,True,1/17,1/17,13/17,1,0.125,1/8,0.2647058823529412,9/34
3,2,3,W4,0.0,0/1,0.029748441981559515,0.03923145953317009,P->T,,1,351/9520,1.936526606875764,False,475bbf4ada66af05c1f4c57142af847f70ccbd5d217f9a9913eeb9419eafa546,dissolve(0-1-2) | absent(0-1) => strong_favour,1b67a90e7ed9e34127f83cd8da3b87ee11907a87465a028732dd203eaa464e61,0.0,0/1,0.0,0/1,0.4864864864864865,18/37,0,1,11/23,1/2,1,2,PAIRWISE_PROJECTION_REDUCIBLE,0.005067567567567568,3/592,0.3445927478134111,15129/43904,-0.05384475218658892,-591/10976,c32f59140781db63,rational,0.0,True,23/148,23/148,14/37,1,0.11486486486486487,17/148,0.12162162162162163,9/74
3,2,3,W4,0.0,0/1,0.024951456197571206,0.0183247643878374,P->T,,1,27/1840,1.9559468915310279,False,271013170b1009091dbf9738f0b583c92e9d46f715d6dd13180298e22e69f761,dissolve(0-1-2) | absent(0-1) => strong_suppress,c3761d3a6493d72b0759857d3455f73f222d2ad05784a4f46f66e78b184d9d12,0.0,0/1,0.0,0/1,0.5116279069767442,22/43,0,1,9/17,1/2,1,2,PAIRWISE_PROJECTION_REDUCIBLE,0.00436046511627907,3/688,0.43884771847974513,123411/281216,0.04041021847974511,2841/70304,c5541910430573b2,rational,0.0,True,17/172,17/172,26/43,1,0.13372093023255813,23/172,0.10465116279069768,9/86
3,3,3,W4,0.011111111111111112,1/90,0.00045256992026267585,0.0034948593526601696,mixed,,1,387/108290,1.9935059215106183,False,0ab2f80dca31f2df0406f470dd2e90b3ebb00b8e40f978dbff83af52868f0c32,dissolve(0-1) | present(0-2) & present(0-1-2) => weak_suppress,0bbc8c8c31c16b4fc4a120c0034bd7ef9b015bd4c4efdbfd16764629069c3a7b,0.0,0/1,0.06666666666666667,1/15,0.5062111801242236,163/322,0,1,83/164,40/79,1,2,IRREDUCIBLE_DYNAMIC_COUPLING,0.0038819875776397515,5/1288,0.39174107142857145,351/896,-0.006696428571428571,-3/448,c589de6e838c6680,rational,0.0,True,41/322,41/322,79/161,1,0.13198757763975155,85/644,0.027950310559006212,9/322
3,3,3,W4,0.0,0/1,0.0029631082273297096,0.0,P->P,,0,0/1,1.9425332693306212,False,146d4b63b375bebe15dcc1bfd454577a3b4ffc2b7d5ea57c19e9e066e21d0886,form(0-1) | absent(0-2) & present(1-2) => prohibit,2c9c19a713978d99d986f4a4a152fcf16feb06b5f76256680344df6020cc06d8,0.0,0/1,0.16666666666666666,1/6,0.47692307692307695,31/65,0,1,31/65,31/65,1,2,FULLY_REDUCIBLE,0.009615384615384616,1/104,0.3576388888888889,103/288,-0.04079861111111111,-47/1152,c9ac03215fd7aadd,rational,0.0,False,17/130,17/130,1/2,0,0.11538461538461539,3/26,0.06923076923076923,9/130
3,2,3,W4,0.0,0/1,0.007421132102193112,0.006257881965191782,P->T,,1,1/208,1.9860593781761309,False,cc0a574bfd6fcdd41f0f3f9f0f6c2bb91f120002745610159009811d7626fa82,form(0-1-2) | present(0-1) => weak_suppress,21729319f5ff0e60f8525846f881a930b0b7f542fc59d2a61b6241a560eb3611,0.0,0/1,0.0,0/1,0.49333333333333335,37/75,0,1,1/2,16/33,1,2,PAIRWISE_PROJECTION_REDUCIBLE,0.0025,1/400,0.4297558309037901,4717/10976,0.03131833090379009,1375/43904,c9bf530305d12a5a,rational,0.0,True,11/100,11/100,11/25,1,0.12,3/25,0.06,3/50
3,3,3,W4,0.0,0/1,0.0029631082273297105,0.0,P->P,,0,0/1,1.9425332693306205,False,898b34d6f9cd250457adef99b7c1f3368206cdb0190dc3754c937ccdb805f653,dissolve(0-1) | absent(0-2) & absent(1-2) => prohibit,118c5dfa80138812975d20f1583fe1eab9ae4455508aba118deffca70099e04d,0.0,0/1,0.3333333333333333,1/3,0.5384615384615384,7/13,0,1,7/13,7/13,1,2,FULLY_REDUCIBLE,0.009615384615384616,1/104,0.4496527777777778,259/576,0.051215277777777776,59/1152,ca96a41abc057394,rational,0.0,False,17/130,17/130,1/2,0,0.13846153846153847,9/65,0.06923076923076923,9/130
3,2,3,W4,0.0,0/1,0.024951456197571217,0.01832476438783741,P->T,,1,27/1840,1.9559468915310276,False,8f75b37b81eb77689ccf75e6594c32987915fe68ab1a55f3aa4b504af86bd824,form(0-1-2) | present(0-1) => strong_suppress,21729319f5ff0e60f8525846f881a930b0b7f542fc59d2a61b6241a560eb3611,0.0,0/1,0.0,0/1,0.4883720930232558,21/43,0,1,1/2,8/17,1,2,PAIRWISE_PROJECTION_REDUCIBLE,0.00436046511627907,3/688,0.4514252389622212,31737/70304,0.05298773896222121,14901/281216,cb9fc429d6bdd78d,rational,0.0,True,17/172,17/172,17/43,1,0.11627906976744186,5/43,0.10465116279069768,9/86
3,2,3,W4,0.027777777777777776,1/36,0.0013079165079469546,0.00809641872794148,T->P,,1,1/120,1.9830278467146445,False,36c16f2c2cee5521a240c32bf9291701b22e3c52d5bfd8e16443a2a77f631a66,form(0-1) | present(0-1-2) => weak_favour,518900be046730c0603c15198f64d86c5da86965d1acb3537319464c6aa57c6c,0.0,0/1,0.16666666666666666,1/6,0.5217391304347826,12/23,0,1,17/33,19/36,1,2,IRREDUCIBLE_DYNAMIC_COUPLING,0.002717391304347826,1/368,0.4051875,6483/16000,0.00675,27/4000,cbeed87dbcd94c3c,rational,0.0,True,11/92,11/92,12/23,1,0.14130434782608695,13/92,0.06521739130434782,3/46
3,3,3,W4,0.0,0/1,0.04885822647317907,0.031088385504077273,P->T,,1,5/56,1.9425332693306203,False,b42639f3b0c81b1ebaa8cab78bb9f994b89c0262c6546936248588a2ad1269fc,form(0-1-2) | absent(0-1) & absent(0-2) => prohibit,6a627b40c773b91b79f09579fe66003be9acae73141f6898a76cf04898d36c7a,0.0,0/1,0.0,0/1,0.5153846153846153,67/130,0,1,1/2,15/28,1,2,PAIRWISE_PROJECTION_REDUCIBLE,0.009615384615384616,1/104,0.4930555555555556,71/144,0.09461805555555555,109/1152,cd07b570a8dcf9bd,rational,0.0,False,7/65,7/65,28/65,1,0.13076923076923078,17/130,0.06923076923076923,9/130
3,3,3,W4,-0.05555555555555555,-1/18,0.0024180855285575176,0.03881350374838955,mixed,,1,4/185,1.9425332693306208,False,10c67141a76984f25b649832d19f0d58cb3fd148afa2701e7ff3a90f0986b4e7,form(0-1) | present(0-2) & absent(0-1-2) => prohibit,402f44052b5837ff57b751e8d6430c09c3f26aa7d86edfb8a288ad9c2373a41b,0.0,0/1,0.3333333333333333,1/3,0.46923076923076923,61/130,0,1,14/31,33/68,1,2,IRREDUCIBLE_DYNAMIC_COUPLING,0.009615384615384616,1/104,0.3728298611111111,859/2304,-0.025607638888888888,-59/2304,ce0aa68718a0f7e4,rational,0.0,False,17/130,17/130,34/65,1,0.09615384615384616,5/52,0.06923076923076923,9/130
3,3,3,W4,-0.013888888888888888,-1/72,0.000928225949962399,0.00432133105694388,mixed,,1,261/31270,1.9907789088449646,False,059bc090f61e38d38ddfa968d2b59284c4c5feddef6f0888975c6e6e8abb3063,dissolve(0-1) | absent(0-2) & absent(0-1-2) => weak_favour,2eb7cc94efb4ead2f1845eb1d0c59b956b98c5cf53bce271f4154faf241b85c8,0.0,0/1,0.16666666666666666,1/6,0.484251968503937,123/254,0,1,31/65,61/124,1,2,IRREDUCIBLE_DYNAMIC_COUPLING,0.004921259842519685,5/1016,0.37921875,2427/6400,-0.01921875,-123/6400,cf3c0ea934be91d1,rational,0.0,True,31/254,31/254,62/127,1,0.11614173228346457,59/508,0.03543307086614173,9/254
3,3,3,W4,0.0,0/1,0.0010582532764379675,0.0,P->P,,0,0/1,1.9907789088449652,False,f5bc7a7f149e17343aed3dbe9e641f7b5a492adf4fedb827b043d2b1a010f3fb,dissolve(0-1) | present(0-2) & present(1-2) => weak_favour,a20085944987dc6a2d200f61b4f157e91439764b33ec3be87f3833c597162505,0.0,0/1,0.0,0/1,0.49606299212598426,63/127,0,1,63/127,63/127,1,2,FULLY_REDUCIBLE,0.004921259842519685,5/1016,0.403125,129/320,0.0046875,3/640,cfe1a38ea2b7d601,rational,0.0,True,31/254,31/254,1/2,0,0.11811023622047244,15/127,0.03543307086614173,9/254
2,1,3,W4,-0.1111111111111111,-1/9,0.0,0.0,P->P,,0,0/1,1.584962500721156,False,b64d60df516c49dfd6fac83338ce31b1262a7e8384f0da6ed99b90d0ef7b878c,form(0-1) => prohibit,af2e93e38d16ad60ce142e8426a7638f56aae4018050467bb427e4beeff7eefb,0.0,0/1,0.3333333333333333,1/3,0.3333333333333333,1/3,0,1,1/3,1/3,0,2,FULLY_REDUCIBLE,0.0,0/1,0.2962962962962963,8/27,-0.1021412037037037,-353/3456,d0a7f4273f133311,rational,0.0,False,1/6,1/6,1/2,0,0.0,0/1,0.5,1/2
3,2,3,W4,0.0,0/1,0.09195025398001991,0.05976468244543586,P->T,,1,1/16,1.861654166907053,False,0353dd8e7ba2fc7ea749ba22226b95e800be6b88b9aaa5876660361a1846c2fb,dissolve(0-1-2) | absent(0-1) => prohibit,4cc02665e8c0e257a2444b8b7543bb395344c008c9975e01251b04dfa071b2d2,0.0,0/1,0.0,0/1,0.5185185185185185,14/27,0,1,5/9,1/2,1,2,PAIRWISE_PROJECTION_REDUCIBLE,0.006944444444444444,1/144,0.4597800925925926,1589/3456,0.061342592592592594,53/864,d1251317eddba4ac,rational,0.0,False,1/12,1/12,2/3,1,0.1388888888888889,5/36,0.16666666666666666,1/6
2,1,3,W4,-0.05555555555555555,-1/18,0.002437108822094712,0.0,P->P,,0,0/1,1.969972344187447,False,aaf5facb0f4e6a4b68630070d9a825b258b88813a3fa6dc602c1092c6800193a,dissolve(0-1) => weak_favour,fc9629243d58fad84303908c8faf6e57efaea48fd06a8b98ed3d06e694365de0,0.0,0/1,0.16666666666666666,1/6,0.46153846153846156,6/13,0,1,6/13,6/13,1,2,FULLY_REDUCIBLE,0.0,0/1,0.396875,127/320,-0.0015625,-1/640,d1ac45ea61df004e,rational,0.0,True,3/26,3/26,1/2,0,0.09615384615384616,5/52,0.11538461538461539,3/26
3,3,3,W4,0.0,0/1,0.04885822647317907,0.031088385504077273,P->T,,1,5/56,1.9425332693306205,False,ea9f4a7e30b33f2d7e1969473492e0016a1afb11422ecb1b3bf66b28b2eac028,form(0-1-2) | absent(0-1) & present(0-2) => prohibit,ef9469dd99218f331739c16b3acddd1edc9195527f8440a8b9e18933b29d2f68,0.0,0/1,0.0,0/1,0.5,1/2,0,1,1/2,1/2,1,2,PAIRWISE_PROJECTION_REDUCIBLE,0.009615384615384616,1/104,0.4318576388888889,995/2304,0.03342013888888889,77/2304,d2463f7cb0615e28,rational,0.0,False,7/65,7/65,28/65,1,0.13076923076923078,17/130,0.06923076923076923,9/130
3,2,3,W4,0.022222222222222223,1/45,0.0009523636833856219,0.0,P->P,,0,0/1,1.98605937817613,False,f36e904558389ef53191f1de3a277c9336cc7b6cca1211c119dde473021d9e5e,dissolve(0-1) | absent(0-2) => weak_suppress,bc831effea9d59b6eee11f50ed393c4990a8d93a31febc6cdf7410b35cd35665,0.0,0/1,0.13333333333333333,2/15,0.5266666666666666,79/150,0,1,79/150,79/150,1,2,FULLY_REDUCIBLE,0.0025,1/400,0.4086757470845481,35885/87808,0.010238247084548105,899/87808,d2c84bdd473cd249,rational,0.0,True,13/100,13/100,1/2,0,0.14,7/50,0.06,3/50
3,3,3,W4,0.0,0/1,0.0067027044201815635,0.004940195666603952,P->T,,1,171/21080,1.990778908844966,False,8e3921ca6878772b0142f97f308f565b12a8bec153833f2b07ad25a59cb7fa4a,form(0-1-2) | absent(0-1) & absent(0-2) => weak_favour,774538ace938ac36b75cefd246bb675a96b75038f29b1ad650e533f165ec6495,0.0,0/1,0.0,0/1,0.4921259842519685,125/254,0,1,1/2,33/68,1,2,PAIRWISE_PROJECTION_REDUCIBLE,0.004921259842519685,5/1016,0.3475,139/400,-0.0509375,-163/3200,d3182003d61df74d,rational,0.0,True,17/127,17/127,68/127,1,0.1220472440944882,31/254,0.03543307086614173,9/254
3,2,3,W4,0.0,0/1,0.008096418727941479,0.009511258562061529,P->T,,1,7/880,1.983027846714643,False,fc093755f686c4508fa4b30835df4ab9e907f107c4ff07e274b359571a3f09de,dissolve(0-1-2) | absent(0-1) => weak_favour,1b67a90e7ed9e34127f83cd8da3b87ee11907a87465a028732dd203eaa464e61,0.0,0/1,0.0,0/1,0.4927536231884058,34/69,0,1,19/39,1/2,1,2,PAIRWISE_PROJECTION_REDUCIBLE,0.002717391304347826,1/368,0.3701875,5923/16000,-0.02825,-113/4000,d56a276a3d9d4d11,rational,0.0,True,13/92,13/92,10/23,1,0.11956521739130435,11/92,0.06521739130434782,3/46
3,2,3,W4,0.0,0/1,0.09195025398001992,0.05976468244543586,P->T,,1,1/16,1.8616541669070539,False,f4643112c50e73bd2649c1e72f5a5a1f1fa27ca9a71f27562ca8155475782d28,dissolve(0-1-2) | present(0-1) => prohibit,6bfa8772be8dc2c93f3af49fc49679998d403c532dd5c579b3fbed07dff72a2e,0.0,0/1,0.0,0/1,0.48148148148148145,13/27,0,1,4/9,1/2,1,2,PAIRWISE_PROJECTION_REDUCIBLE,0.006944444444444444,1/144,0.4435763888888889,511/1152,0.04513888888888889,13/288,d58da6ec39446ef3,rational,0.0,False,1/12,1/12,2/3,1,0.1111111111111111,1/9,0.16666666666666666,1/6
3,2,3,W4,-0.05555555555555555,-1/18,0.007808697029671382,0.0,P->P,,0,0/1,1.9365266068757636,False,2e65c82c886e621021de5a8e57950438fc665d062ad96d5e5c25192428165e4b,dissolve(0-1) | present(0-2) => strong_favour,1e8c187f8d014881a3f6add1c1c51a5cea99c0a78c9b6d39cb760d1a42b92052,0.0,0/1,0.16666666666666666,1/6,0.47297297297297297,35/74,0,1,35/74,35/74,1,2,FULLY_REDUCIBLE,0.005067567567567568,3/592,0.4343112244897959,681/1568,0.03587372448979592,225/6272,d5d60112ca8d900b,rational,0.0,True,17/148,17/148,1/2,0,0.0945945945945946,7/74,0.12162162162162163,9/74
3,3,3,W4,-0.027777777777777776,-1/36,0.0010582532764379677,0.0,P->P,,0,0/1,1.9907789088449646,False,78836fdbad4421bd4675cc87b4339bb5f3670a298c75a1a78760c2f69f60e191,dissolve(0-1) | absent(0-2) & present(1-2) => weak_favour,a14a6ad38ad382b64d60a0c874f8d170c71b9f9a089d1e33bf9dc3deefad7d22,0.0,0/1,0.08333333333333333,1/12,0.4881889763779528,62/127,0,1,62/127,62/127,1,2,FULLY_REDUCIBLE,0.004921259842519685,5/1016,0.411875,659/1600,0.0134375,43/3200,d635214ae058953a,rational,0.0,True,31/254,31/254,1/2,0,0.1141732283464567,29/254,0.03543307086614173,9/254
3,3,3,W4,0.0,0/1,0.0029631082273297096,0.0,P->P,,0,0/1,1.9425332693306208,False,32155aa4260658416c284f74678254ace9dbe3288b4e92bc354892dc1b3751bc,form(0-1) | absent(0-2) & absent(1-2) => prohibit,526b88fc200122a5a212b2ebc4714f9590ec48954287238adf61ec70e19c1586,0.0,0/1,0.0,0/1,0.49230769230769234,32/65,0,1,32/65,32/65,1,2,FULLY_REDUCIBLE,0.009615384615384616,1/104,0.3680555555555556,53/144,-0.030381944444444444,-35/1152,d770bbe828890c03,rational,0.0,False,17/130,17/130,1/2,0,0.12307692307692308,8/65,0.06923076923076923,9/130
3,2,3,W4,0.05555555555555555,1/18,0.005454484325226813,0.0,P->P,,0,0/1,1.8616541669070537,False,bbb181dcd553b55e52b6a595d5d59434f0b70ddf654ed86a5c114cb0ee848982,dissolve(0-1) | present(0-2) => prohibit,6fb9ef6d807c81daf666b075ee713b740172e0e2f851d1deffca4347348f5553,0.0,0/1,0.16666666666666666,1/6,0.5370370370370371,29/54,0,1,29/54,29/54,1,2,FULLY_REDUCIBLE,0.006944444444444444,1/144,0.3645833333333333,35/96,-0.033854166666666664,-13/384,d7e6993a55439df4,rational,0.0,False,5/36,5/36,1/2,0,0.16666666666666666,1/6,0.16666666666666666,1/6
3,3,3,W4,0.011111111111111112,1/90,0.00045256992026267585,0.0034948593526601688,mixed,,1,387/108290,1.993505921510619,False,251717b254393122bcc928e3562f8435cc3d01397fca80f424c5549a38ad3151,dissolve(0-1) | present(0-2) & absent(0-1-2) => weak_suppress,d3e5d659cd00a1d0a2f6a50fd7c8bf4d62ccec39ecb065fcbed8b04e9cae61c9,0.0,0/1,0.06666666666666667,1/15,0.5062111801242236,163/322,0,1,40/79,83/164,1,2,IRREDUCIBLE_DYNAMIC_COUPLING,0.0038819875776397515,5/1288,0.39158163265306123,307/784,-0.006855867346938775,-43/6272,da537e4670c4fc42,rational,0.0,True,41/322,41/322,82/161,1,0.13198757763975155,85/644,0.027950310559006212,9/322
2,1,3,W4,0.07407407407407407,2/27,0.0021278822044214977,0.0,P->P,,0,0/1,1.8885715491667179,False,581ad0819a558b9615deb362535ae062afa004856ff086b6a7cb47cf66a14693,dissolve(0-1) => strong_suppress,b4614eac39a11233b0d27e628458e559e31dd1cd7b2d72ee7e49ee1ad1c3d981,0.0,0/1,0.2222222222222222,2/9,0.5882352941176471,10/17,0,1,10/17,10/17,1,2,FULLY_REDUCIBLE,0.0,0/1,0.3876948680018207,54513/140608,-0.010742631998179335,-3021/281216,dd960e8ed7074d12,rational,0.0,True,5/34,5/34,1/2,0,0.19117647058823528,13/68,0.2647058823529412,9/34
3,3,3,W4,0.011111111111111112,1/90,0.00045256992026267563,0.003494859352660171,mixed,,1,387/108290,1.99350592151062,False,5b138cbc5130ca94a98057f17808ff3f8190c1f4032b32f57c592aeb18516245,dissolve(0-1) | absent(0-2) & present(0-1-2) => weak_suppress,103f65302d15ef7b84ace1eb5f2bbbf255a39d1a6664b95a01e4f7dfd36728e5,0.0,0/1,0.13333333333333333,2/15,0.5124223602484472,165/322,0,1,83/164,41/79,1,2,IRREDUCIBLE_DYNAMIC_COUPLING,0.0038819875776397515,5/1288,0.39588647959183676,2483/6272,-0.002551020408163265,-1/392,e1e33899e2ea7310,rational,0.0,True,41/322,41/322,79/161,1,0.13198757763975155,85/644,0.027950310559006212,9/322
3,3,3,W4,0.0,0/1,0.015581579634904289,0.009309759092285607,P->T,,1,261/14872,1.9804713024312808,False,ef5dc36394a046a54850608063574f3999f2fad9fced052c16c7bc1bf6496907,form(0-1-2) | present(0-1) & present(0-2) => strong_suppress,83bbb6919cbf8c8a9a5ef914fac9c92b67443965d8d7e172325fc1c2e0b22cfd,0.0,0/1,0.0,0/1,0.4896907216494845,95/194,0,1,1/2,21/44,1,2,PAIRWISE_PROJECTION_REDUCIBLE,0.006443298969072165,5/776,0.4249260355029586,1149/2704,0.02648853550295858,573/21632,e2b00fe002c3b5f5,rational,0.0,True,11/97,11/97,44/97,1,0.1134020618556701,11/97,0.04639175257731959,9/194
3,3,3,W4,0.05555555555555555,1/18,0.0029631082273297105,0.0,P->P,,0,0/1,1.9425332693306205,False,3464dfcb3e209caff20df44224aa4bf3a84d744bebbd159ee10e52dd2fede1cc,dissolve(0-1) | absent(0-2) & present(1-2) => prohibit,4a93aeeb06a15dc57221eec1a6d843c273e925fff2747d9d42caf354c21639bd,0.0,0/1,0.16666666666666666,1/6,0.5230769230769231,34/65,0,1,34/65,34/65,1,2,FULLY_REDUCIBLE,0.009615384615384616,1/104,0.3732638888888889,215/576,-0.025173611111111112,-29/1152,e4961218339d1510,rational,0.0,False,17/130,17/130,1/2,0,0.14615384615384616,19/130,0.06923076923076923,9/130
3,3,3,W4,0.0,0/1,0.0024180855285575176,0.03881350374838956,mixed,,1,4/185,1.9425332693306208,False,c0278c4e0e8a40f5d42ff5e181393f15e8a472f6d168b3affeb4e9d48fea6be9,form(0-1) | absent(0-2) & present(0-1-2) => prohibit,4bf6ef0fe8590b004ac077eabd10dbf87206fc4bfd11e922a701ebce4334a00c,0.0,0/1,0.16666666666666666,1/6,0.4846153846153846,63/130,0,1,33/68,15/31,1,2,IRREDUCIBLE_DYNAMIC_COUPLING,0.009615384615384616,1/104,0.3810763888888889,439/1152,-0.017361111111111112,-5/288,e96c3d897aad691e,rational,0.0,False,17/130,17/130,31/65,1,0.11923076923076924,31/260,0.06923076923076923,9/130
3,3,3,W4,0.0,0/1,0.0024180855285575176,0.038813503748389544,mixed,,1,4/185,1.9425332693306208,False,90b56a343f95a5eda5a5a76397adee0055dbeff49bb0550e1c94f5f0924dd782,form(0-1) | absent(0-2) & absent(0-1-2) => prohibit,f8154148fd487cd69d7e0785402317d5a2a2421518cebb3a001aa1e44c63a9b2,0.0,0/1,0.16666666666666666,1/6,0.4846153846153846,63/130,0,1,15/31,33/68,1,2,IRREDUCIBLE_DYNAMIC_COUPLING,0.009615384615384616,1/104,0.3368055555555556,97/288,-0.06163194444444445,-71/1152,ea9f502b1d45e0d4,rational,0.0,False,17/130,17/130,34/65,1,0.11923076923076924,31/260,0.06923076923076923,9/130
3,3,3,W4,0.0,0/1,0.0014101759434663513,0.0,P->P,,0,0/1,1.9804713024312803,False,763220208ac877336adaac2d0bfee042e4d06aeb37549b4816cea81630cb0c9d,form(0-1) | absent(0-2) & absent(1-2) => strong_suppress,bc622bc8b774edc805ef30a3007b5ce8f8c4d84ea566883b13cad80346b0452a,0.0,0/1,0.0,0/1,0.4948453608247423,48/97,0,1,48/97,48/97,1,2,FULLY_REDUCIBLE,0.006443298969072165,5/776,0.37777366863905326,2043/5408,-0.020663831360946745,-447/21632,eaa4a4a5512be25b,rational,0.0,True,25/194,25/194,1/2,0,0.12371134020618557,12/97,0.04639175257731959,9/194
3,1,3,W4,0.0,0/1,0.0,0.0,T->T,,0,0/1,1.584962500721156,False,3917153dbb9e1af2d2250c957e82547364e39d1af346d995987ae2be6f2f7400,form(0-1-2) => prohibit,5c01800e4fba773562b6703a665b41aa6cb694b5565c642dc53366e86acf3675,0.0,0/1,0.0,0/1,0.5,1/2,0,1,1/2,,0,2,FULLY_REDUCIBLE,0.0,0/1,0.6666666666666666,2/3,0.2682291666666667,103/384,ead90c883cf43eee,rational,0.0,False,0/1,0/1,0/1,0,0.125,1/8,0.5,1/2
3,3,3,W4,0.0,0/1,0.005035196416181514,0.003116185037053358,P->T,,1,111/30856,1.993505921510619,False,73b84c74a591bc71218be9025cfb24d1c41fc54338f2b189335e50a4ff99c917,form(0-1-2) | present(0-1) & present(0-2) => weak_suppress,83bbb6919cbf8c8a9a5ef914fac9c92b67443965d8d7e172325fc1c2e0b22cfd,0.0,0/1,0.0,0/1,0.4937888198757764,159/322,0,1,1/2,37/76,1,2,PAIRWISE_PROJECTION_REDUCIBLE,0.0038819875776397515,5/1288,0.4145408163265306,325/784,0.01610331632653061,101/6272,ed9a340572598c9d,rational,0.0,True,19/161,19/161,76/161,1,0.11801242236024845,19/161,0.027950310559006212,9/322
3,3,3,W4,-0.013888888888888888,-1/72,0.0009282259499623989,0.004321331056943878,mixed,,1,261/31270,1.9907789088449648,False,6b909d10e584f55f203d7d713b38c256780e89b7a3d9e2db59078a528b6c9aef,dissolve(0-1) | absent(0-2) & present(0-1-2) => weak_favour,8a3b7a1864b928012c659a5ba46329cb4640b8806b986ddc659ca67a25cd6b93,0.0,0/1,0.16666666666666666,1/6,0.484251968503937,123/254,0,1,61/124,31/65,1,2,IRREDUCIBLE_DYNAMIC_COUPLING,0.004921259842519685,5/1016,0.4009375,1283/3200,0.0025,1/400,ee2adc54d929e106,rational,0.0,True,31/254,31/254,65/127,1,0.11614173228346457,59/508,0.03543307086614173,9/254
3,1,3,W4,0.0,0/1,0.0,0.06789213528685348,T->T,,1,81/1288,1.8978906284523145,False,129eb9cc9dfe5f14c2c29a23abda9757a849dda516cf7c586faa76f82519a41e,dissolve(0-1-2) => strong_favour,827f5b13e04ce2d23d1a7006c7205fb8e302b73448086bc8f150f43ee55b9e7c,0.0,0/1,0.0,0/1,0.5,1/2,0,1,1/2,1/2,0,2,FULLY_REDUCIBLE,0.0,0/1,0.30865069241982507,13551/43904,-0.08978680758017493,-1971/21952,eeb9955a288ebaeb,rational,0.0,True,4/23,4/23,7/23,1,0.125,1/8,0.1956521739130435,9/46
3,2,3,W4,0.0,0/1,0.024951456197571213,0.0183247643878374,P->T,,1,27/1840,1.955946891531027,False,f7583d832fd0e431eca8750fd6748fd2fdef81c340686cb05db4efe3c9e61f56,form(0-1-2) | absent(0-1) => strong_suppress,1bc1ee6df5e6e084edd055e2c4aa529ee4806243446f9d468ed22c5c9ea6da63,0.0,0/1,0.0,0/1,0.5116279069767442,22/43,0,1,1/2,9/17,1,2,PAIRWISE_PROJECTION_REDUCIBLE,0.00436046511627907,3/688,0.49183545744196633,17289/35152,0.09339795744196631,26265/281216,f04091b0c583d055,rational,0.0,True,17/172,17/172,17/43,1,0.13372093023255813,23/172,0.10465116279069768,9/86
3,3,3,W4,0.0,0/1,0.0011704365294243776,0.011237990142532106,mixed,,1,729/81302,1.980471302431281,False,9361815eaaa1f4ba534147ac798643f7b62f39d05bddc26fe35833aa012755a7,form(0-1) | absent(0-2) & absent(0-1-2) => strong_suppress,29dceb704c08aec14e69e0a3ea997585ee5ab3035bb25ae544965a75d399f74a,0.0,0/1,0.1111111111111111,1/9,0.4896907216494845,95/194,0,1,23/47,49/100,1,2,IRREDUCIBLE_DYNAMIC_COUPLING,0.006443298969072165,5/776,0.3578032544378698,1935/5408,-0.040634245562130175,-879/21632,f2256e6c1c4f9d37,rational,0.0,True,25/194,25/194,50/97,1,0.1211340206185567,47/388,0.04639175257731959,9/194
3,3,3,W4,0.0,0/1,0.00045256992026267574,0.0034948593526601696,mixed,,1,387/108290,1.9935059215106194,False,4d79fc874cf1f4271f8fb6d91d9d3b58841c7f3e5ba9ae8a51fdddb79b3bfd27,form(0-1) | absent(0-2) & present(0-1-2) => weak_suppress,25895498da290fcaf238ccb4bbf0d6f1ce9e800531bb2a230d0100330c8c174d,0.0,0/1,0.06666666666666667,1/15,0.4937888198757764,159/322,0,1,81/164,39/79,1,2,IRREDUCIBLE_DYNAMIC_COUPLING,0.0038819875776397515,5/1288,0.391422193877551,2455/6272,-0.00701530612244898,-11/1568,f3f0ff27ec013a6d,rational,0.0,True,41/322,41/322,79/161,1,0.12267080745341614,79/644,0.027950310559006212,9/322
3,3,3,W4,-0.022222222222222223,-1/45,0.00045256992026267563,0.0034948593526601688,mixed,,1,387/108290,1.9935059215106206,False,381db23c85db267e21d224f43d08322de909a9bee1b77f72519e685dfa2f426b,form(0-1) | present(0-2) & absent(0-1-2) => weak_suppress,b7c3cddcc5c72bb7dc59753863ae2507532e89a4a9adde1ac6c5922ca711bdc5,0.0,0/1,0.13333333333333333,2/15,0.48757763975155277,157/322,0,1,38/79,81/164,1,2,IRREDUCIBLE_DYNAMIC_COUPLING,0.0038819875776397515,5/1288,0.38735650510204084,4859/12544,-0.011080994897959183,-139/12544,f554fbdb0528a22b,rational,0.0,True,41/322,41/322,82/161,1,0.11335403726708075,73/644,0.027950310559006212,9/322
3,3,3,W4,0.022222222222222223,1/45,0.0005381636640487024,0.0,P->P,,0,0/1,1.9935059215106192,False,efb3dd358c95295640479efb7e12bb874a6e26517bc0327328f142def6c3aa0e,dissolve(0-1) | absent(0-2) & present(1-2) => weak_suppress,7cfb4ada1bb6025248bf4ea17ad7084a2de102c165b9060b98f25aa97b08808d,0.0,0/1,0.06666666666666667,1/15,0.5093167701863354,82/161,0,1,82/161,82/161,1,2,FULLY_REDUCIBLE,0.0038819875776397515,5/1288,0.38807397959183676,1217/3136,-0.010363520408163265,-65/6272,f55601d4c8ee8478,rational,0.0,True,41/322,41/322,1/2,0,0.13354037267080746,43/322,0.027950310559006212,9/322
3,2,3,W4,0.027777777777777776,1/36,0.0013079165079469546,0.008096418727941479,T->P,,1,1/120,1.9830278467146432,False,0fd8b3b47a5caf6b55d331bddf6fe317090703e263a480d80d511a202c8b6c47,form(0-1) | absent(0-1-2) => weak_favour,e361fa0f896933c6186a6c42181afcf28ec7fccad6d0bc5157629dd0f08278c2,0.0,0/1,0.16666666666666666,1/6,0.5217391304347826,12/23,0,1,19/36,17/33,1,2,IRREDUCIBLE_DYNAMIC_COUPLING,0.002717391304347826,1/368,0.439,439/1000,0.0405625,649/16000,f6912efb74b21bda,rational,0.0,True,11/92,11/92,11/23,1,0.14130434782608695,13/92,0.06521739130434782,3/46
3,3,3,W4,-0.013888888888888888,-1/72,0.0009282259499623986,0.00432133105694388,mixed,,1,261/31270,1.9907789088449648,False,2233279c855d544b8271608c61cf23dba249f870c33b2a9a1ecd4d7cef0af308,dissolve(0-1) | present(0-2) & present(0-1-2) => weak_favour,47b0f10af0beb1bc989b875f4214b4f2cb01f41bc24dadf58ff8a0322512a31f,0.0,0/1,0.08333333333333333,1/12,0.4921259842519685,125/254,0,1,61/124,32/65,1,2,IRREDUCIBLE_DYNAMIC_COUPLING,0.004921259842519685,5/1016,0.4078125,261/640,0.009375,3/320,f7be493a86006828,rational,0.0,True,31/254,31/254,65/127,1,0.11614173228346457,59/508,0.03543307086614173,9/254
3,3,3,W4,0.0,0/1,0.015581579634904287,0.009309759092285605,P->T,,1,261/14872,1.9804713024312801,False,4f8360af7035bacd7234470fd1395fa6224a95a36be8dc30cf114d8af7476665,dissolve(0-1-2) | absent(0-1) & present(0-2) => strong_suppress,a67577dda45615890801ee5bbbaab1eb30a0be984a1e7e1ba528c538f30a2d1b,0.0,0/1,0.0,0/1,0.5,1/2,0,1,1/2,1/2,1,2,PAIRWISE_PROJECTION_REDUCIBLE,0.006443298969072165,5/776,0.41729844674556216,9027/21632,0.01886094674556213,51/2704,fdee5c1d6073c92f,rational,0.0,True,11/97,11/97,53/97,1,0.12886597938144329,25/194,0.04639175257731959,9/194
3,3,3,W4,0.0,0/1,0.0010582532764379679,0.0,P->P,,0,0/1,1.9907789088449648,False,6dc3a69b85fed8a33004611697ae3fe0d09c7f0071d8852a67b52adb2c27d491,form(0-1) | absent(0-2) & present(1-2) => weak_favour,f81afc05420b2995f4fbcb79e9a291b03fd2f1792573344e5ec9f232d95f948f,0.0,0/1,0.08333333333333333,1/12,0.5118110236220472,65/127,0,1,65/127,65/127,1,2,FULLY_REDUCIBLE,0.004921259842519685,5/1016,0.42125,337/800,0.0228125,73/3200,fe99d7f5b1e58a33,rational,0.0,True,31/254,31/254,1/2,0,0.12992125984251968,33/254,0.03543307086614173,9/254
3,3,3,W4,0.0,0/1,0.04885822647317906,0.03108838550407727,P->T,,1,5/56,1.9425332693306196,False,b3f514b71acf0bed607f3d122e6d5a3febc31f5ce10c308e7176d1407cb62f47,form(0-1-2) | present(0-1) & present(0-2) => prohibit,0a332a305d08b1c906896fcf74227a69c20ae0c1b82d5da5c87c6713870ebd79,0.0,0/1,0.0,0/1,0.4846153846153846,63/130,0,1,1/2,13/28,1,2,PAIRWISE_PROJECTION_REDUCIBLE,0.009615384615384616,1/104,0.4375,7/16,0.0390625,5/128,fecf5ff1fa2632c0,rational,0.0,False,7/65,7/65,28/65,1,0.1076923076923077,7/65,0.06923076923076923,9/130
